image_id,original_filename,true_label,predicted_label,probability_fake,condition,jpeg_quality
R04351,real_64598.jpg,Real,Real,0.006798,Clean,NA
R04113,real_61817.jpg,Real,Real,0.000218,Clean,NA
R04884,real_8487.jpg,Real,Real,7e-06,Clean,NA
R01665,real_31107.jpg,Real,Real,0.000161,Clean,NA
R01757,real_32395.jpg,Real,Real,0.0,Clean,NA
R03639,real_55818.jpg,Real,Real,0.000958,Clean,NA
R04421,real_6560.jpg,Real,Real,0.0,Clean,NA
R03637,real_55812.jpg,Real,Real,0.000134,Clean,NA
R03035,real_48352.jpg,Real,Real,1.8e-05,Clean,NA
R03516,real_54490.jpg,Real,Real,0.00927,Clean,NA
R04758,real_69855.jpg,Real,Real,0.0,Clean,NA
R01918,real_34729.jpg,Real,Real,0.023651,Clean,NA
R00902,real_21779.jpg,Real,Real,0.003511,Clean,NA
R01123,real_24384.jpg,Real,Real,0.0,Clean,NA
R02689,real_44260.jpg,Real,Real,0.105957,Clean,NA
R01961,real_35264.jpg,Real,Real,1e-06,Clean,NA
R00835,real_20971.jpg,Real,Real,0.001274,Clean,NA
R02395,real_40645.jpg,Real,Real,0.00639,Clean,NA
R01304,real_26565.jpg,Real,Real,0.0,Clean,NA
R00919,real_21928.jpg,Real,Real,0.000544,Clean,NA
R00164,real_1230.jpg,Real,Real,2e-05,Clean,NA
R04093,real_61605.jpg,Real,Real,0.0,Clean,NA
R03317,real_52172.jpg,Real,Real,0.0,Clean,NA
R00931,real_22078.jpg,Real,Real,0.007233,Clean,NA
R00840,real_20985.jpg,Real,Real,0.003376,Clean,NA
R04919,real_8856.jpg,Real,Real,1e-06,Clean,NA
R00294,real_1436.jpg,Real,Real,0.0,Clean,NA
R02424,real_41019.jpg,Real,Real,0.062317,Clean,NA
R02575,real_4281.jpg,Real,Real,0.000124,Clean,NA
R00800,real_20633.jpg,Real,Real,0.009232,Clean,NA
R04751,real_69799.jpg,Real,Real,0.001192,Clean,NA
R01175,real_25208.jpg,Real,Real,0.000504,Clean,NA
R01451,real_28339.jpg,Real,Real,3.2e-05,Clean,NA
R02067,real_36503.jpg,Real,Real,8e-06,Clean,NA
R00717,real_19507.jpg,Real,Real,0.002083,Clean,NA
R02851,real_46222.jpg,Real,Real,0.000718,Clean,NA
R01423,real_28098.jpg,Real,Real,3.6e-05,Clean,NA
R04965,real_9578.jpg,Real,Real,0.010696,Clean,NA
R04963,real_9561.jpg,Real,Real,0.0,Clean,NA
R02688,real_4425.jpg,Real,Real,0.000358,Clean,NA
R00544,real_17460.jpg,Real,Real,0.044281,Clean,NA
R04902,real_8716.jpg,Real,Real,0.000267,Clean,NA
R03812,real_58016.jpg,Real,Real,0.000467,Clean,NA
R03686,real_56543.jpg,Real,Real,0.004887,Clean,NA
R03910,real_59109.jpg,Real,Real,0.000101,Clean,NA
R01878,real_34025.jpg,Real,Real,2.7e-05,Clean,NA
R00731,real_19711.jpg,Real,Real,0.0,Clean,NA
R04137,real_62142.jpg,Real,Real,0.003197,Clean,NA
R01850,real_33672.jpg,Real,Real,3.1e-05,Clean,NA
R01490,real_28800.jpg,Real,Real,1e-06,Clean,NA
R04465,real_66131.jpg,Real,Real,1e-06,Clean,NA
R03833,real_58270.jpg,Real,Real,1e-06,Clean,NA
R01688,real_31397.jpg,Real,Real,0.0,Clean,NA
R00226,real_13252.jpg,Real,Real,1e-06,Clean,NA
R04781,real_7210.jpg,Real,Real,0.139038,Clean,NA
R00377,real_15334.jpg,Real,Real,0.0,Clean,NA
R01494,real_28839.jpg,Real,Real,5e-06,Clean,NA
R04111,real_61792.jpg,Real,Real,0.007637,Clean,NA
R03324,real_52254.jpg,Real,Real,0.000197,Clean,NA
R02664,real_43899.jpg,Real,Real,0.0,Clean,NA
R02342,real_39772.jpg,Real,Real,0.00014,Clean,NA
R00970,real_22539.jpg,Real,Real,0.0,Clean,NA
R02253,real_38765.jpg,Real,Real,0.004829,Clean,NA
R03227,real_50831.jpg,Real,Real,0.001211,Clean,NA
R04662,real_68670.jpg,Real,Real,0.001211,Clean,NA
R03066,real_48872.jpg,Real,Real,0.0,Clean,NA
R04247,real_63388.jpg,Real,Real,0.000117,Clean,NA
R00222,real_13178.jpg,Real,Real,2e-06,Clean,NA
R03065,real_48842.jpg,Real,Real,0.022888,Clean,NA
R01449,real_2833.jpg,Real,Real,0.052704,Clean,NA
R03241,real_5104.jpg,Real,Real,2e-06,Clean,NA
R03339,real_52376.jpg,Real,Real,2e-06,Clean,NA
R03380,real_52781.jpg,Real,Real,0.0,Clean,NA
R00033,real_10545.jpg,Real,Real,0.0,Clean,NA
R01189,real_25417.jpg,Real,Real,0.000225,Clean,NA
R01200,real_25541.jpg,Real,Real,0.11676,Clean,NA
R01421,real_28068.jpg,Real,Real,1e-06,Clean,NA
R02097,real_36889.jpg,Real,Real,0.0,Clean,NA
R04892,real_8641.jpg,Real,Real,1.9e-05,Clean,NA
R01240,real_25952.jpg,Real,Real,0.000315,Clean,NA
R03488,real_54143.jpg,Real,Real,0.000338,Clean,NA
R00048,real_10749.jpg,Real,Real,0.233765,Clean,NA
R01611,real_30492.jpg,Real,Real,0.0,Clean,NA
R01527,real_29318.jpg,Real,Real,0.0,Clean,NA
R03773,real_5748.jpg,Real,Real,0.057587,Clean,NA
R02822,real_4584.jpg,Real,Real,0.141724,Clean,NA
R04732,real_69538.jpg,Real,Real,0.00172,Clean,NA
R00203,real_12979.jpg,Real,Real,0.0,Clean,NA
R01435,real_28206.jpg,Real,Real,2e-06,Clean,NA
R02473,real_41534.jpg,Real,Real,3.5e-05,Clean,NA
R02906,real_46946.jpg,Real,Real,0.000234,Clean,NA
R01383,real_27640.jpg,Real,Real,0.008446,Clean,NA
R04763,real_69894.jpg,Real,Real,7e-05,Clean,NA
R00895,real_21697.jpg,Real,Real,5e-06,Clean,NA
R00701,real_1932.jpg,Real,Real,0.015671,Clean,NA
R01031,real_23333.jpg,Real,Real,0.0,Clean,NA
R00147,real_12030.jpg,Real,Real,0.000376,Clean,NA
R02392,real_4060.jpg,Real,Real,1e-05,Clean,NA
R02293,real_39275.jpg,Real,Real,0.0,Clean,NA
R01337,real_27055.jpg,Real,Real,6e-06,Clean,NA
R01455,real_28412.jpg,Real,Real,1.2e-05,Clean,NA
R01141,real_24704.jpg,Real,Real,0.0,Clean,NA
R02058,real_3642.jpg,Real,Real,0.019989,Clean,NA
R01799,real_32944.jpg,Real,Real,0.051453,Clean,NA
R01124,real_24405.jpg,Real,Real,0.000155,Clean,NA
R04222,real_63140.jpg,Real,Real,0.003063,Clean,NA
R01747,real_32230.jpg,Real,Real,3e-06,Clean,NA
R04991,real_9928.jpg,Real,Real,0.025955,Clean,NA
R03626,real_55698.jpg,Real,Real,0.001086,Clean,NA
R00295,real_14364.jpg,Real,Real,0.0,Clean,NA
R01107,real_24186.jpg,Real,Real,0.0,Clean,NA
R04895,real_8659.jpg,Real,Real,3.7e-05,Clean,NA
R02994,real_4796.jpg,Real,Real,0.0,Clean,NA
R03377,real_52732.jpg,Real,Real,1e-06,Clean,NA
R01411,real_28002.jpg,Real,Real,0.0,Clean,NA
R04022,real_60638.jpg,Real,Real,0.00089,Clean,NA
R04070,real_61273.jpg,Real,Real,3e-06,Clean,NA
R03850,real_58510.jpg,Real,Real,0.0,Clean,NA
R01759,real_3240.jpg,Real,Real,0.000792,Clean,NA
R00419,real_15854.jpg,Real,Real,0.005447,Clean,NA
R01409,real_27975.jpg,Real,Real,9.8e-05,Clean,NA
R00185,real_12607.jpg,Real,Real,1.9e-05,Clean,NA
R00964,real_22460.jpg,Real,Real,0.0,Clean,NA
R04158,real_62362.jpg,Real,Real,0.08313,Clean,NA
R01756,real_32393.jpg,Real,Real,0.170532,Clean,NA
R03421,real_53354.jpg,Real,Real,0.000181,Clean,NA
R04646,real_68387.jpg,Real,Real,0.0,Clean,NA
R01125,real_24407.jpg,Real,Fake,0.639648,Clean,NA
R02314,real_39466.jpg,Real,Real,0.0056,Clean,NA
R01777,real_32627.jpg,Real,Real,0.0,Clean,NA
R01657,real_31051.jpg,Real,Real,0.013535,Clean,NA
R00031,real_10508.jpg,Real,Real,0.160156,Clean,NA
R00777,real_20333.jpg,Real,Real,0.000318,Clean,NA
R03105,real_49184.jpg,Real,Real,0.000548,Clean,NA
R03948,real_59586.jpg,Real,Real,5.1e-05,Clean,NA
R02469,real_41493.jpg,Real,Fake,0.670898,Clean,NA
R02196,real_38140.jpg,Real,Real,0.058777,Clean,NA
R01793,real_32823.jpg,Real,Real,0.0,Clean,NA
R00118,real_11617.jpg,Real,Real,0.000333,Clean,NA
R00432,real_15971.jpg,Real,Real,0.0,Clean,NA
R00297,real_14397.jpg,Real,Real,0.004101,Clean,NA
R04110,real_61780.jpg,Real,Real,3e-06,Clean,NA
R01249,real_26053.jpg,Real,Real,6.4e-05,Clean,NA
R03141,real_49810.jpg,Real,Real,1e-06,Clean,NA
R02075,real_36608.jpg,Real,Real,2.3e-05,Clean,NA
R03537,real_54757.jpg,Real,Real,2e-06,Clean,NA
R04153,real_62300.jpg,Real,Real,0.001197,Clean,NA
R00072,real_10990.jpg,Real,Real,0.003855,Clean,NA
R02747,real_44918.jpg,Real,Real,0.0,Clean,NA
R04837,real_7941.jpg,Real,Real,0.000132,Clean,NA
R04882,real_8470.jpg,Real,Real,0.0,Clean,NA
R03454,real_53771.jpg,Real,Real,0.007843,Clean,NA
R01707,real_3170.jpg,Real,Real,3e-06,Clean,NA
R00795,real_20566.jpg,Real,Real,0.0,Clean,NA
R01208,real_25594.jpg,Real,Real,0.006931,Clean,NA
R04690,real_69035.jpg,Real,Real,4.9e-05,Clean,NA
R02157,real_3766.jpg,Real,Real,0.046906,Clean,NA
R02781,real_45373.jpg,Real,Real,0.19458,Clean,NA
R02539,real_42385.jpg,Real,Real,0.00014,Clean,NA
R03933,real_5944.jpg,Real,Real,0.009125,Clean,NA
R03542,real_54810.jpg,Real,Real,0.0,Clean,NA
R03189,real_50467.jpg,Real,Real,0.0,Clean,NA
R02211,real_38293.jpg,Real,Real,0.000283,Clean,NA
R01140,real_24699.jpg,Real,Real,0.0,Clean,NA
R00089,real_11143.jpg,Real,Real,3e-06,Clean,NA
R01021,real_23194.jpg,Real,Real,0.000524,Clean,NA
R04322,real_6421.jpg,Real,Real,0.052429,Clean,NA
R04453,real_65993.jpg,Real,Real,4.9e-05,Clean,NA
R04058,real_61094.jpg,Real,Real,6e-06,Clean,NA
R04399,real_65313.jpg,Real,Real,0.0,Clean,NA
R02596,real_4305.jpg,Real,Real,1e-06,Clean,NA
R03556,real_54910.jpg,Real,Real,9.5e-05,Clean,NA
R01591,real_30149.jpg,Real,Real,0.000225,Clean,NA
R04521,real_66870.jpg,Real,Real,0.000178,Clean,NA
R01059,real_23584.jpg,Real,Real,0.0001,Clean,NA
R00640,real_18693.jpg,Real,Real,0.000439,Clean,NA
R03974,real_59927.jpg,Real,Real,1e-06,Clean,NA
R04101,real_61685.jpg,Real,Real,0.000582,Clean,NA
R02685,real_44181.jpg,Real,Real,0.007404,Clean,NA
R03960,real_59765.jpg,Real,Real,0.007404,Clean,NA
R03247,real_51116.jpg,Real,Real,8.7e-05,Clean,NA
R00252,real_13671.jpg,Real,Real,0.0,Clean,NA
R04152,real_62274.jpg,Real,Real,0.063232,Clean,NA
R02462,real_41435.jpg,Real,Real,0.0,Clean,NA
R01202,real_25559.jpg,Real,Real,0.00089,Clean,NA
R03162,real_50047.jpg,Real,Real,0.000747,Clean,NA
R04588,real_67647.jpg,Real,Real,0.000747,Clean,NA
R01535,real_29408.jpg,Real,Real,1.8e-05,Clean,NA
R01359,real_27403.jpg,Real,Real,0.000229,Clean,NA
R00474,real_16489.jpg,Real,Real,0.003136,Clean,NA
R03824,real_58189.jpg,Real,Real,0.196533,Clean,NA
R04761,real_69887.jpg,Real,Real,0.0,Clean,NA
R00559,real_177.jpg,Real,Real,0.006878,Clean,NA
R00888,real_21606.jpg,Real,Real,8.7e-05,Clean,NA
R04823,real_7794.jpg,Real,Real,0.0,Clean,NA
R03078,real_48993.jpg,Real,Real,0.130981,Clean,NA
R02736,real_44824.jpg,Real,Real,1.9e-05,Clean,NA
R01745,real_32216.jpg,Real,Real,0.009972,Clean,NA
R02341,real_39771.jpg,Real,Real,2.9e-05,Clean,NA
R04279,real_63711.jpg,Real,Real,0.000955,Clean,NA
R01234,real_25890.jpg,Real,Real,0.001129,Clean,NA
R04286,real_63850.jpg,Real,Real,0.03833,Clean,NA
R01043,real_23446.jpg,Real,Real,4e-06,Clean,NA
R01464,real_28566.jpg,Real,Real,0.001169,Clean,NA
R00696,real_1930.jpg,Real,Real,5.4e-05,Clean,NA
R02484,real_41678.jpg,Real,Real,0.0,Clean,NA
R04216,real_63072.jpg,Real,Real,0.00021,Clean,NA
R03115,real_4934.jpg,Real,Real,0.007431,Clean,NA
R00041,real_10620.jpg,Real,Real,0.072266,Clean,NA
R00016,real_10196.jpg,Real,Real,0.00032,Clean,NA
R01579,real_29964.jpg,Real,Real,0.008781,Clean,NA
R00917,real_21911.jpg,Real,Real,6e-06,Clean,NA
R01655,real_30994.jpg,Real,Real,0.003223,Clean,NA
R03651,real_55945.jpg,Real,Real,0.019989,Clean,NA
R00043,real_10650.jpg,Real,Real,2e-06,Clean,NA
R02172,real_37837.jpg,Real,Real,0.000422,Clean,NA
R02961,real_47573.jpg,Real,Real,7e-06,Clean,NA
R00893,real_21678.jpg,Real,Real,0.003635,Clean,NA
R00876,real_21438.jpg,Real,Real,1e-06,Clean,NA
R04878,real_8448.jpg,Real,Real,0.000141,Clean,NA
R00365,real_15164.jpg,Real,Real,0.000672,Clean,NA
R02203,real_3822.jpg,Real,Real,0.0,Clean,NA
R02938,real_47290.jpg,Real,Real,0.00071,Clean,NA
R00856,real_21202.jpg,Real,Real,1.4e-05,Clean,NA
R00338,real_14842.jpg,Real,Real,2e-06,Clean,NA
R03968,real_59890.jpg,Real,Real,0.0,Clean,NA
R03946,real_59560.jpg,Real,Real,0.000449,Clean,NA
R01098,real_24082.jpg,Real,Real,0.0,Clean,NA
R04068,real_61251.jpg,Real,Real,0.001707,Clean,NA
R04752,real_69814.jpg,Real,Real,0.036285,Clean,NA
R01504,real_28982.jpg,Real,Real,0.0,Clean,NA
R00811,real_20719.jpg,Real,Real,0.006073,Clean,NA
R01638,real_30733.jpg,Real,Real,0.0,Clean,NA
R04501,real_6655.jpg,Real,Real,2e-06,Clean,NA
R01041,real_23431.jpg,Real,Real,1e-06,Clean,NA
R03501,real_54289.jpg,Real,Real,1.2e-05,Clean,NA
R03994,real_6025.jpg,Real,Real,0.0,Clean,NA
R04179,real_62621.jpg,Real,Real,7e-05,Clean,NA
R04017,real_606.jpg,Real,Real,0.0,Clean,NA
R01109,real_24216.jpg,Real,Real,0.0,Clean,NA
R04505,real_66615.jpg,Real,Real,0.02002,Clean,NA
R03972,real_59913.jpg,Real,Real,0.0,Clean,NA
R00166,real_12325.jpg,Real,Real,0.0,Clean,NA
R03531,real_54710.jpg,Real,Real,7e-06,Clean,NA
R00712,real_19461.jpg,Real,Real,0.065857,Clean,NA
R01999,real_358.jpg,Real,Real,0.0,Clean,NA
R04855,real_8127.jpg,Real,Real,0.314941,Clean,NA
R03560,real_54945.jpg,Real,Real,0.458496,Clean,NA
R04584,real_67627.jpg,Real,Real,0.0,Clean,NA
R04575,real_67522.jpg,Real,Real,0.0,Clean,NA
R04982,real_9780.jpg,Real,Real,0.0,Clean,NA
R04342,real_64461.jpg,Real,Real,0.005707,Clean,NA
R03921,real_59294.jpg,Real,Real,0.000712,Clean,NA
R04978,real_9702.jpg,Real,Real,0.000119,Clean,NA
R02101,real_36943.jpg,Real,Real,0.000395,Clean,NA
R03011,real_48132.jpg,Real,Real,3e-06,Clean,NA
R03697,real_56666.jpg,Real,Real,0.342285,Clean,NA
R01732,real_32053.jpg,Real,Real,0.004665,Clean,NA
R04087,real_61513.jpg,Real,Real,3.9e-05,Clean,NA
R04910,real_8804.jpg,Real,Real,0.054199,Clean,NA
R04731,real_69534.jpg,Real,Real,0.0,Clean,NA
R03003,real_48027.jpg,Real,Real,0.092529,Clean,NA
R02788,real_45422.jpg,Real,Real,0.051941,Clean,NA
R02248,real_3870.jpg,Real,Real,4.9e-05,Clean,NA
R03500,real_54284.jpg,Real,Real,3e-06,Clean,NA
R02366,real_40183.jpg,Real,Real,0.014389,Clean,NA
R01951,real_3513.jpg,Real,Real,0.021774,Clean,NA
R00965,real_22485.jpg,Real,Real,0.0,Clean,NA
R04714,real_69284.jpg,Real,Real,0.051758,Clean,NA
R04283,real_63814.jpg,Real,Real,0.0,Clean,NA
R03811,real_58.jpg,Real,Real,0.0,Clean,NA
R00727,real_19663.jpg,Real,Real,1e-06,Clean,NA
R01469,real_28590.jpg,Real,Real,0.010529,Clean,NA
R04909,real_8794.jpg,Real,Real,0.05899,Clean,NA
R01583,real_30000.jpg,Real,Real,0.00013,Clean,NA
R04109,real_6178.jpg,Real,Real,0.000147,Clean,NA
R04128,real_62.jpg,Real,Real,0.000685,Clean,NA
R00832,real_20938.jpg,Real,Real,0.0,Clean,NA
R03009,real_48107.jpg,Real,Real,0.000157,Clean,NA
R01894,real_34248.jpg,Real,Real,9e-06,Clean,NA
R04754,real_69827.jpg,Real,Real,0.0,Clean,NA
R04935,real_907.jpg,Real,Real,0.0,Clean,NA
R01935,real_34915.jpg,Real,Real,2e-06,Clean,NA
R02838,real_46.jpg,Real,Real,0.0,Clean,NA
R03590,real_55242.jpg,Real,Real,0.0,Clean,NA
R00312,real_14572.jpg,Real,Real,0.010612,Clean,NA
R01991,real_35701.jpg,Real,Real,0.100159,Clean,NA
R03729,real_56952.jpg,Real,Real,0.001919,Clean,NA
R02122,real_37237.jpg,Real,Real,0.0,Clean,NA
R01729,real_32034.jpg,Real,Real,0.000315,Clean,NA
R01610,real_30489.jpg,Real,Real,0.000538,Clean,NA
R00760,real_20105.jpg,Real,Real,0.002132,Clean,NA
R03632,real_55715.jpg,Real,Real,3.3e-05,Clean,NA
R02070,real_36523.jpg,Real,Real,0.025803,Clean,NA
R04241,real_63322.jpg,Real,Fake,0.928223,Clean,NA
R00102,real_11391.jpg,Real,Real,2e-06,Clean,NA
R02099,real_36919.jpg,Real,Real,0.04068,Clean,NA
R02980,real_47821.jpg,Real,Real,0.04068,Clean,NA
R03818,real_58132.jpg,Real,Real,5.7e-05,Clean,NA
R01743,real_32193.jpg,Real,Real,6e-05,Clean,NA
R02658,real_43839.jpg,Real,Fake,0.995117,Clean,NA
R02234,real_38582.jpg,Real,Real,0.0,Clean,NA
R02734,real_44813.jpg,Real,Real,3.3e-05,Clean,NA
R04268,real_63634.jpg,Real,Real,0.002216,Clean,NA
R00801,real_20635.jpg,Real,Real,0.009377,Clean,NA
R04141,real_62182.jpg,Real,Real,5e-06,Clean,NA
R01151,real_24888.jpg,Real,Real,0.0,Clean,NA
R03879,real_58812.jpg,Real,Real,0.0,Clean,NA
R03117,real_49347.jpg,Real,Real,0.0,Clean,NA
R04711,real_69263.jpg,Real,Real,1.9e-05,Clean,NA
R04416,real_65533.jpg,Real,Real,0.0,Clean,NA
R04850,real_8073.jpg,Real,Real,0.043854,Clean,NA
R03646,real_55873.jpg,Real,Real,0.010902,Clean,NA
R00079,real_11075.jpg,Real,Real,0.000194,Clean,NA
R01496,real_28870.jpg,Real,Real,0.0336,Clean,NA
R02145,real_37464.jpg,Real,Real,0.391113,Clean,NA
R03510,real_5443.jpg,Real,Real,6.6e-05,Clean,NA
R04180,real_62636.jpg,Real,Real,7.4e-05,Clean,NA
R01377,real_27580.jpg,Real,Real,0.009598,Clean,NA
R02338,real_39714.jpg,Real,Real,0.0,Clean,NA
R03095,real_4911.jpg,Real,Real,0.180664,Clean,NA
R02771,real_45259.jpg,Real,Real,0.00038,Clean,NA
R03226,real_50815.jpg,Real,Real,6.9e-05,Clean,NA
R01997,real_35780.jpg,Real,Real,2e-06,Clean,NA
R00775,real_20295.jpg,Real,Real,0.0,Clean,NA
R02595,real_4301.jpg,Real,Real,0.133423,Clean,NA
R03727,real_56933.jpg,Real,Real,0.0,Clean,NA
R04461,real_6609.jpg,Real,Real,0.0,Clean,NA
R04030,real_60711.jpg,Real,Real,0.004719,Clean,NA
R02357,real_40044.jpg,Real,Real,0.0,Clean,NA
R00588,real_18067.jpg,Real,Real,0.000353,Clean,NA
R01460,real_28524.jpg,Real,Real,0.000353,Clean,NA
R04454,real_6601.jpg,Real,Real,3.3e-05,Clean,NA
R01839,real_33550.jpg,Real,Real,0.0,Clean,NA
R02407,real_40803.jpg,Real,Real,0.0,Clean,NA
R03408,real_53150.jpg,Real,Real,0.051849,Clean,NA
R00730,real_19675.jpg,Real,Real,0.030853,Clean,NA
R02041,real_36197.jpg,Real,Real,0.010735,Clean,NA
R03713,real_56823.jpg,Real,Real,5e-06,Clean,NA
R00676,real_19089.jpg,Real,Real,0.001734,Clean,NA
R03546,real_54832.jpg,Real,Real,0.000291,Clean,NA
R03211,real_50639.jpg,Real,Real,4.5e-05,Clean,NA
R00833,real_20962.jpg,Real,Real,0.005844,Clean,NA
R03229,real_50863.jpg,Real,Real,0.02124,Clean,NA
R03217,real_50710.jpg,Real,Real,0.002632,Clean,NA
R03628,real_557.jpg,Real,Real,0.000915,Clean,NA
R03820,real_58158.jpg,Real,Real,0.004467,Clean,NA
R00085,real_11110.jpg,Real,Real,1e-06,Clean,NA
R00097,real_11335.jpg,Real,Real,0.000798,Clean,NA
R00484,real_16628.jpg,Real,Real,0.053101,Clean,NA
R00394,real_15475.jpg,Real,Real,0.0,Clean,NA
R00650,real_18768.jpg,Real,Real,0.0,Clean,NA
R03831,real_58262.jpg,Real,Real,6e-06,Clean,NA
R00389,real_15416.jpg,Real,Real,1e-06,Clean,NA
R01090,real_23956.jpg,Real,Real,0.0,Clean,NA
R00269,real_13857.jpg,Real,Real,0.0,Clean,NA
R03714,real_56829.jpg,Real,Real,0.0,Clean,NA
R00267,real_13848.jpg,Real,Real,0.000126,Clean,NA
R00620,real_18420.jpg,Real,Real,0.0,Clean,NA
R02445,real_41243.jpg,Real,Real,0.0,Clean,NA
R03456,real_53788.jpg,Real,Real,0.03067,Clean,NA
R01277,real_26315.jpg,Real,Real,0.204956,Clean,NA
R03303,real_51907.jpg,Real,Real,4.6e-05,Clean,NA
R01581,real_29991.jpg,Real,Real,0.0,Clean,NA
R03055,real_48682.jpg,Real,Real,0.051178,Clean,NA
R03358,real_52562.jpg,Real,Real,2.6e-05,Clean,NA
R03023,real_48251.jpg,Real,Real,0.003901,Clean,NA
R02467,real_41478.jpg,Real,Real,0.0,Clean,NA
R00053,real_10777.jpg,Real,Real,0.000129,Clean,NA
R03844,real_58457.jpg,Real,Real,0.001367,Clean,NA
R04484,real_66352.jpg,Real,Real,0.002028,Clean,NA
R01406,real_27940.jpg,Real,Real,3.2e-05,Clean,NA
R02649,real_43746.jpg,Real,Real,0.002653,Clean,NA
R02888,real_4676.jpg,Real,Real,0.002747,Clean,NA
R02700,real_44378.jpg,Real,Real,3e-06,Clean,NA
R00321,real_14655.jpg,Real,Real,6e-06,Clean,NA
R04548,real_67163.jpg,Real,Real,0.06781,Clean,NA
R01261,real_26183.jpg,Real,Real,0.0,Clean,NA
R00552,real_17528.jpg,Real,Real,0.018158,Clean,NA
R01614,real_30504.jpg,Real,Real,5e-06,Clean,NA
R00428,real_15961.jpg,Real,Real,1e-06,Clean,NA
R00815,real_20748.jpg,Real,Real,0.0,Clean,NA
R02799,real_45522.jpg,Real,Real,0.000114,Clean,NA
R04228,real_63176.jpg,Real,Real,0.000303,Clean,NA
R01656,real_3105.jpg,Real,Real,0.0,Clean,NA
R01769,real_32479.jpg,Real,Real,0.0,Clean,NA
R01292,real_26487.jpg,Real,Real,5e-06,Clean,NA
R03293,real_51750.jpg,Real,Real,0.002333,Clean,NA
R00450,real_16202.jpg,Real,Real,0.116333,Clean,NA
R00197,real_12895.jpg,Real,Real,0.000157,Clean,NA
R01671,real_31164.jpg,Real,Real,3e-05,Clean,NA
R02209,real_38244.jpg,Real,Real,0.0001,Clean,NA
R00724,real_19624.jpg,Real,Real,0.0,Clean,NA
R04559,real_67287.jpg,Real,Real,0.0,Clean,NA
R04115,real_6185.jpg,Real,Real,0.0,Clean,NA
R04419,real_65560.jpg,Real,Real,0.006218,Clean,NA
R02613,real_43348.jpg,Real,Real,2e-06,Clean,NA
R04318,real_64142.jpg,Real,Real,0.001741,Clean,NA
R00862,real_21249.jpg,Real,Real,0.0,Clean,NA
R00828,real_20843.jpg,Real,Real,0.0,Clean,NA
R01080,real_23854.jpg,Real,Real,0.002779,Clean,NA
R03737,real_57001.jpg,Real,Real,0.019455,Clean,NA
R00392,real_15422.jpg,Real,Real,0.000602,Clean,NA
R04223,real_63141.jpg,Real,Real,0.0,Clean,NA
R00087,real_11128.jpg,Real,Real,1e-06,Clean,NA
R00716,real_19502.jpg,Real,Real,0.032043,Clean,NA
R04536,real_67.jpg,Real,Real,3.8e-05,Clean,NA
R00826,real_20820.jpg,Real,Real,0.006168,Clean,NA
R01397,real_27794.jpg,Real,Real,0.0,Clean,NA
R01029,real_23318.jpg,Real,Real,0.006718,Clean,NA
R03367,real_52653.jpg,Real,Real,0.003351,Clean,NA
R04693,real_69057.jpg,Real,Real,0.00133,Clean,NA
R02110,real_37069.jpg,Real,Real,0.0,Clean,NA
R04335,real_64379.jpg,Real,Real,6.1e-05,Clean,NA
R02049,real_36291.jpg,Real,Real,4.4e-05,Clean,NA
R01461,real_2853.jpg,Real,Real,3e-05,Clean,NA
R01528,real_29323.jpg,Real,Real,0.003664,Clean,NA
R02241,real_38646.jpg,Real,Real,0.490967,Clean,NA
R00042,real_10641.jpg,Real,Real,0.000727,Clean,NA
R03739,real_57031.jpg,Real,Real,0.000225,Clean,NA
R00473,real_1646.jpg,Real,Real,0.01107,Clean,NA
R01231,real_25850.jpg,Real,Real,0.0,Clean,NA
R03789,real_57702.jpg,Real,Real,0.354492,Clean,NA
R00074,real_10997.jpg,Real,Real,0.0,Clean,NA
R03570,real_5501.jpg,Real,Real,2.8e-05,Clean,NA
R03439,real_53574.jpg,Real,Real,1e-06,Clean,NA
R03238,real_50988.jpg,Real,Real,5e-06,Clean,NA
R04379,real_6495.jpg,Real,Real,2e-06,Clean,NA
R01904,real_34409.jpg,Real,Real,0.004887,Clean,NA
R02801,real_45554.jpg,Real,Real,0.021774,Clean,NA
R02548,real_42455.jpg,Real,Real,0.002453,Clean,NA
R01067,real_2367.jpg,Real,Real,0.0,Clean,NA
R02931,real_4721.jpg,Real,Real,0.0,Clean,NA
R04324,real_64221.jpg,Real,Real,0.000985,Clean,NA
R04537,real_670.jpg,Real,Real,0.0,Clean,NA
R03243,real_5106.jpg,Real,Real,2e-06,Clean,NA
R01601,real_30378.jpg,Real,Real,0.0,Clean,NA
R00062,real_10903.jpg,Real,Real,0.000469,Clean,NA
R00257,real_13734.jpg,Real,Real,0.001057,Clean,NA
R04871,real_8373.jpg,Real,Real,0.000358,Clean,NA
R01785,real_32731.jpg,Real,Real,0.0,Clean,NA
R00037,real_10590.jpg,Real,Real,0.000197,Clean,NA
R04602,real_67811.jpg,Real,Real,0.0,Clean,NA
R00298,real_14404.jpg,Real,Real,0.0,Clean,NA
R02812,real_45645.jpg,Real,Real,0.0,Clean,NA
R04636,real_68262.jpg,Real,Real,8e-06,Clean,NA
R03088,real_49061.jpg,Real,Real,0.000915,Clean,NA
R01992,real_3571.jpg,Real,Real,0.000659,Clean,NA
R04518,real_66839.jpg,Real,Real,3e-06,Clean,NA
R00436,real_16031.jpg,Real,Real,0.001179,Clean,NA
R03418,real_53303.jpg,Real,Real,0.000789,Clean,NA
R04315,real_6411.jpg,Real,Real,0.0,Clean,NA
R02692,real_44284.jpg,Real,Real,0.048309,Clean,NA
R04046,real_60879.jpg,Real,Real,0.0,Clean,NA
R01168,real_25125.jpg,Real,Real,0.000232,Clean,NA
R01762,real_3242.jpg,Real,Real,0.0,Clean,NA
R01691,real_31434.jpg,Real,Real,0.034882,Clean,NA
R04550,real_67170.jpg,Real,Real,0.061981,Clean,NA
R00776,real_20320.jpg,Real,Real,0.043701,Clean,NA
R03930,real_59404.jpg,Real,Real,0.000115,Clean,NA
R01063,real_23613.jpg,Real,Real,0.004772,Clean,NA
R00115,real_11526.jpg,Real,Real,0.00033,Clean,NA
R04095,real_61627.jpg,Real,Real,0.0,Clean,NA
R03025,real_48263.jpg,Real,Real,0.0,Clean,NA
R04303,real_63953.jpg,Real,Real,0.005001,Clean,NA
R03160,real_49999.jpg,Real,Real,0.0,Clean,NA
R00693,real_19288.jpg,Real,Real,2e-06,Clean,NA
R00957,real_2233.jpg,Real,Real,0.0,Clean,NA
R02883,real_46679.jpg,Real,Real,0.211304,Clean,NA
R00742,real_19911.jpg,Real,Real,0.000173,Clean,NA
R01130,real_24526.jpg,Real,Real,2.9e-05,Clean,NA
R02787,real_45418.jpg,Real,Real,0.000315,Clean,NA
R00493,real_16795.jpg,Real,Real,0.033722,Clean,NA
R01934,real_34910.jpg,Real,Real,0.081787,Clean,NA
R00743,real_19936.jpg,Real,Real,0.00526,Clean,NA
R04813,real_7647.jpg,Real,Real,8.2e-05,Clean,NA
R00709,real_19439.jpg,Real,Real,0.041473,Clean,NA
R04555,real_67254.jpg,Real,Real,2.3e-05,Clean,NA
R03937,real_59469.jpg,Real,Real,0.000121,Clean,NA
R02348,real_39880.jpg,Real,Real,0.02504,Clean,NA
R02304,real_3935.jpg,Real,Fake,0.599609,Clean,NA
R01164,real_25072.jpg,Real,Real,9e-06,Clean,NA
R01136,real_24644.jpg,Real,Real,0.017303,Clean,NA
R00431,real_15967.jpg,Real,Real,0.0,Clean,NA
R00916,real_21910.jpg,Real,Real,3e-06,Clean,NA
R00433,real_15986.jpg,Real,Real,0.0,Clean,NA
R03588,real_55186.jpg,Real,Real,7e-06,Clean,NA
R02018,real_36012.jpg,Real,Real,0.018723,Clean,NA
R03806,real_57916.jpg,Real,Real,3.7e-05,Clean,NA
R04713,real_69278.jpg,Real,Real,1e-06,Clean,NA
R04117,real_61871.jpg,Real,Real,1.9e-05,Clean,NA
R03674,real_56364.jpg,Real,Real,0.0,Clean,NA
R02752,real_4508.jpg,Real,Real,4e-06,Clean,NA
R00402,real_15636.jpg,Real,Real,0.00428,Clean,NA
R01703,real_31688.jpg,Real,Real,0.0,Clean,NA
R01158,real_24966.jpg,Real,Real,0.037598,Clean,NA
R00352,real_15016.jpg,Real,Real,0.0,Clean,NA
R02431,real_41067.jpg,Real,Real,0.0,Clean,NA
R02520,real_42145.jpg,Real,Real,0.0,Clean,NA
R00372,real_15227.jpg,Real,Real,0.0,Clean,NA
R02506,real_41997.jpg,Real,Real,0.012383,Clean,NA
R00098,real_11340.jpg,Real,Real,0.134399,Clean,NA
R00418,real_15852.jpg,Real,Fake,0.696289,Clean,NA
R02668,real_43947.jpg,Real,Real,0.0,Clean,NA
R00363,real_15150.jpg,Real,Real,0.007812,Clean,NA
R00759,real_2010.jpg,Real,Real,0.009056,Clean,NA
R00019,real_10255.jpg,Real,Real,0.0,Clean,NA
R00596,real_18121.jpg,Real,Real,0.003824,Clean,NA
R02136,real_37388.jpg,Real,Real,0.004719,Clean,NA
R02475,real_4155.jpg,Real,Real,0.00083,Clean,NA
R00859,real_2123.jpg,Real,Real,0.0,Clean,NA
R02849,real_4619.jpg,Real,Real,1.1e-05,Clean,NA
R02727,real_44763.jpg,Real,Real,0.0,Clean,NA
R04460,real_66064.jpg,Real,Real,0.000296,Clean,NA
R01462,real_28554.jpg,Real,Real,1.2e-05,Clean,NA
R01276,real_26298.jpg,Real,Real,0.000836,Clean,NA
R02716,real_44629.jpg,Real,Real,0.0,Clean,NA
R01149,real_24883.jpg,Real,Real,0.0,Clean,NA
R00144,real_11970.jpg,Real,Real,0.000419,Clean,NA
R01081,real_23860.jpg,Real,Real,0.177856,Clean,NA
R03347,real_52455.jpg,Real,Real,1.2e-05,Clean,NA
R04807,real_7546.jpg,Real,Real,0.0013,Clean,NA
R03152,real_49913.jpg,Real,Real,7e-06,Clean,NA
R01478,real_28657.jpg,Real,Real,0.0,Clean,NA
R02230,real_38538.jpg,Real,Real,0.006462,Clean,NA
R02119,real_37143.jpg,Real,Real,0.0,Clean,NA
R02834,real_45951.jpg,Real,Real,2e-06,Clean,NA
R01816,real_33274.jpg,Real,Real,7e-06,Clean,NA
R02731,real_4480.jpg,Real,Real,0.000111,Clean,NA
R00284,real_14169.jpg,Real,Real,0.0,Clean,NA
R04903,real_8724.jpg,Real,Fake,0.824219,Clean,NA
R00066,real_10948.jpg,Real,Fake,0.842285,Clean,NA
R04717,real_69318.jpg,Real,Real,0.139282,Clean,NA
R01314,real_2671.jpg,Real,Real,0.0,Clean,NA
R00306,real_14466.jpg,Real,Real,0.001432,Clean,NA
R01653,real_30960.jpg,Real,Real,3e-06,Clean,NA
R03176,real_5025.jpg,Real,Real,1e-06,Clean,NA
R04951,real_9382.jpg,Real,Real,0.00181,Clean,NA
R00008,real_10077.jpg,Real,Real,0.001782,Clean,NA
R04553,real_67246.jpg,Real,Real,0.001782,Clean,NA
R00105,real_1142.jpg,Real,Real,0.287109,Clean,NA
R02672,real_44041.jpg,Real,Real,0.0,Clean,NA
R00534,real_17314.jpg,Real,Real,0.0,Clean,NA
R01104,real_24139.jpg,Real,Real,0.041321,Clean,NA
R04829,real_7845.jpg,Real,Real,0.0,Clean,NA
R01139,real_24681.jpg,Real,Real,0.0,Clean,NA
R00546,real_17469.jpg,Real,Real,0.0,Clean,NA
R04827,real_7821.jpg,Real,Real,0.00227,Clean,NA
R01733,real_32068.jpg,Real,Real,0.000441,Clean,NA
R04887,real_851.jpg,Real,Real,0.002522,Clean,NA
R04418,real_65552.jpg,Real,Real,0.0,Clean,NA
R04316,real_64125.jpg,Real,Real,0.118591,Clean,NA
R02432,real_41069.jpg,Real,Real,0.456543,Clean,NA
R02958,real_47517.jpg,Real,Real,0.073975,Clean,NA
R02086,real_36721.jpg,Real,Real,0.017105,Clean,NA
R00009,real_10081.jpg,Real,Real,0.0,Clean,NA
R00594,real_18111.jpg,Real,Real,0.000836,Clean,NA
R01295,real_26503.jpg,Real,Real,4.5e-05,Clean,NA
R00572,real_17917.jpg,Real,Real,0.301758,Clean,NA
R02879,real_46614.jpg,Real,Real,0.000588,Clean,NA
R01986,real_35636.jpg,Real,Real,4.2e-05,Clean,NA
R02779,real_45358.jpg,Real,Real,0.0,Clean,NA
R03964,real_59816.jpg,Real,Real,0.0,Clean,NA
R04933,real_9053.jpg,Real,Real,1e-06,Clean,NA
R00762,real_20111.jpg,Real,Real,0.0,Clean,NA
R04631,real_68169.jpg,Real,Real,0.000296,Clean,NA
R01597,real_3031.jpg,Real,Real,3.9e-05,Clean,NA
R03049,real_48606.jpg,Real,Real,2.7e-05,Clean,NA
R02485,real_41680.jpg,Real,Real,0.119934,Clean,NA
R04114,real_61833.jpg,Real,Real,0.00304,Clean,NA
R00848,real_21020.jpg,Real,Real,0.0,Clean,NA
R03389,real_52934.jpg,Real,Real,0.0,Clean,NA
R02687,real_44231.jpg,Real,Real,4e-06,Clean,NA
R01170,real_25141.jpg,Real,Real,6.9e-05,Clean,NA
R04103,real_61687.jpg,Real,Real,9.7e-05,Clean,NA
R01921,real_34756.jpg,Real,Real,0.48999,Clean,NA
R00168,real_12348.jpg,Real,Real,8.3e-05,Clean,NA
R04002,real_6034.jpg,Real,Real,0.0,Clean,NA
R00855,real_21170.jpg,Real,Real,3e-06,Clean,NA
R04359,real_64705.jpg,Real,Real,0.0028,Clean,NA
R01606,real_30428.jpg,Real,Real,0.097717,Clean,NA
R00898,real_21743.jpg,Real,Real,0.0,Clean,NA
R03475,real_54012.jpg,Real,Real,0.0,Clean,NA
R02895,real_46856.jpg,Real,Real,8e-05,Clean,NA
R02270,real_39037.jpg,Real,Real,0.0,Clean,NA
R04160,real_62396.jpg,Real,Real,0.002512,Clean,NA
R02277,real_39109.jpg,Real,Real,0.000289,Clean,NA
R01679,real_31261.jpg,Real,Real,0.019989,Clean,NA
R03165,real_50090.jpg,Real,Real,0.0,Clean,NA
R04831,real_7867.jpg,Real,Real,8.8e-05,Clean,NA
R02623,real_43451.jpg,Real,Real,0.0,Clean,NA
R02846,real_46153.jpg,Real,Real,0.316895,Clean,NA
R03027,real_48279.jpg,Real,Real,0.010056,Clean,NA
R04929,real_9015.jpg,Real,Real,0.0,Clean,NA
R04862,real_8232.jpg,Real,Real,0.0,Clean,NA
R03119,real_49475.jpg,Real,Real,0.006264,Clean,NA
R00052,real_10775.jpg,Real,Fake,0.608887,Clean,NA
R03701,real_56687.jpg,Real,Real,0.0,Clean,NA
R04121,real_61913.jpg,Real,Real,0.0,Clean,NA
R03116,real_49345.jpg,Real,Real,0.0,Clean,NA
R01716,real_31838.jpg,Real,Real,0.012009,Clean,NA
R01779,real_32647.jpg,Real,Real,0.003298,Clean,NA
R02743,real_44875.jpg,Real,Real,0.000559,Clean,NA
R04765,real_69953.jpg,Real,Real,0.143066,Clean,NA
R04645,real_68378.jpg,Real,Real,2e-06,Clean,NA
R00583,real_17998.jpg,Real,Real,0.000305,Clean,NA
R01639,real_30745.jpg,Real,Real,0.01001,Clean,NA
R01351,real_27243.jpg,Real,Real,0.00088,Clean,NA
R02800,real_45546.jpg,Real,Real,0.000142,Clean,NA
R00519,real_17104.jpg,Real,Real,1e-06,Clean,NA
R01781,real_32678.jpg,Real,Real,0.0,Clean,NA
R03018,real_48180.jpg,Real,Real,4.6e-05,Clean,NA
R00163,real_12294.jpg,Real,Real,1e-06,Clean,NA
R02617,real_43381.jpg,Real,Real,1.3e-05,Clean,NA
R03940,real_59501.jpg,Real,Real,0.00018,Clean,NA
R00935,real_22099.jpg,Real,Real,0.01107,Clean,NA
R02773,real_45297.jpg,Real,Real,0.000154,Clean,NA
R01196,real_25475.jpg,Real,Real,0.0,Clean,NA
R01301,real_26533.jpg,Real,Real,3e-06,Clean,NA
R03474,real_5401.jpg,Real,Real,0.000103,Clean,NA
R04851,real_809.jpg,Real,Real,0.0,Clean,NA
R04206,real_62989.jpg,Real,Real,0.0,Clean,NA
R02902,real_46909.jpg,Real,Real,0.012627,Clean,NA
R04398,real_65295.jpg,Real,Real,6.9e-05,Clean,NA
R04776,real_7102.jpg,Real,Real,0.00022,Clean,NA
R02302,real_39338.jpg,Real,Real,0.0,Clean,NA
R00454,real_1628.jpg,Real,Real,0.0,Clean,NA
R02193,real_38093.jpg,Real,Real,0.087097,Clean,NA
R01750,real_32251.jpg,Real,Real,0.003538,Clean,NA
R04245,real_63370.jpg,Real,Real,1.3e-05,Clean,NA
R01110,real_24222.jpg,Real,Real,1e-06,Clean,NA
R01060,real_23602.jpg,Real,Real,1e-06,Clean,NA
R01700,real_31590.jpg,Real,Real,0.291016,Clean,NA
R02016,real_3601.jpg,Real,Real,0.007874,Clean,NA
R01516,real_29137.jpg,Real,Real,8.8e-05,Clean,NA
R03236,real_50969.jpg,Real,Real,0.0,Clean,NA
R02451,real_41281.jpg,Real,Real,0.0,Clean,NA
R01721,real_31931.jpg,Real,Real,0.000395,Clean,NA
R02297,real_39283.jpg,Real,Real,0.0,Clean,NA
R03340,real_52377.jpg,Real,Real,0.002541,Clean,NA
R02460,real_41353.jpg,Real,Real,1e-06,Clean,NA
R03761,real_57279.jpg,Real,Real,0.031982,Clean,NA
R02878,real_466.jpg,Real,Real,0.0,Clean,NA
R00932,real_2208.jpg,Real,Real,0.000217,Clean,NA
R03132,real_49654.jpg,Real,Real,0.0,Clean,NA
R04983,real_9789.jpg,Real,Real,7e-05,Clean,NA
R01373,real_27533.jpg,Real,Real,0.06488,Clean,NA
R02028,real_361.jpg,Real,Real,4.8e-05,Clean,NA
R04748,real_69716.jpg,Real,Real,0.008644,Clean,NA
R00413,real_15783.jpg,Real,Real,0.000173,Clean,NA
R01117,real_24312.jpg,Real,Real,8.2e-05,Clean,NA
R01856,real_33726.jpg,Real,Real,8.2e-05,Clean,NA
R02912,real_4700.jpg,Real,Real,0.0,Clean,NA
R02149,real_3755.jpg,Real,Real,0.000811,Clean,NA
R00997,real_22804.jpg,Real,Real,6e-06,Clean,NA
R01331,real_26968.jpg,Real,Real,1.3e-05,Clean,NA
R00700,real_19319.jpg,Real,Real,0.000142,Clean,NA
R01958,real_35232.jpg,Real,Real,0.003607,Clean,NA
R02759,real_45193.jpg,Real,Real,0.003607,Clean,NA
R00393,real_15449.jpg,Real,Real,0.000141,Clean,NA
R01336,real_27025.jpg,Real,Real,0.0,Clean,NA
R03755,real_57252.jpg,Real,Real,0.001934,Clean,NA
R00723,real_19621.jpg,Real,Real,0.0,Clean,NA
R04702,real_69197.jpg,Real,Real,0.0,Clean,NA
R01874,real_33968.jpg,Real,Real,0.0,Clean,NA
R03676,real_56387.jpg,Real,Real,0.044342,Clean,NA
R04116,real_61855.jpg,Real,Real,2.6e-05,Clean,NA
R00109,real_11455.jpg,Real,Real,0.000764,Clean,NA
R03869,real_58706.jpg,Real,Real,0.0,Clean,NA
R01864,real_33835.jpg,Real,Real,0.0,Clean,NA
R00603,real_18201.jpg,Real,Real,0.008514,Clean,NA
R01477,real_28655.jpg,Real,Real,0.006744,Clean,NA
R02901,real_46888.jpg,Real,Real,0.000859,Clean,NA
R01396,real_27790.jpg,Real,Real,2.1e-05,Clean,NA
R04010,real_60505.jpg,Real,Real,0.031143,Clean,NA
R03063,real_48757.jpg,Real,Real,0.002287,Clean,NA
R02636,real_43609.jpg,Real,Real,0.0,Clean,NA
R02212,real_38344.jpg,Real,Real,0.006004,Clean,NA
R00602,real_18187.jpg,Real,Real,0.07135,Clean,NA
R03874,real_58744.jpg,Real,Real,0.0,Clean,NA
R02324,real_39555.jpg,Real,Real,0.014114,Clean,NA
R00470,real_16430.jpg,Real,Real,9e-06,Clean,NA
R01108,real_24196.jpg,Real,Real,7.8e-05,Clean,NA
R03601,real_55352.jpg,Real,Real,0.000568,Clean,NA
R03196,real_50532.jpg,Real,Real,0.012383,Clean,NA
R04039,real_60795.jpg,Real,Real,0.004215,Clean,NA
R03572,real_55020.jpg,Real,Real,0.012825,Clean,NA
R02611,real_43343.jpg,Real,Real,0.0,Clean,NA
R01010,real_23014.jpg,Real,Real,0.098755,Clean,NA
R00771,real_20240.jpg,Real,Real,0.0,Clean,NA
R02410,real_40851.jpg,Real,Real,1.8e-05,Clean,NA
R01873,real_3396.jpg,Real,Real,4e-06,Clean,NA
R00265,real_13817.jpg,Real,Real,0.0,Clean,NA
R02306,real_39389.jpg,Real,Real,4e-06,Clean,NA
R04595,real_6774.jpg,Real,Real,8e-06,Clean,NA
R00643,real_18722.jpg,Real,Real,1.7e-05,Clean,NA
R03118,real_49444.jpg,Real,Real,0.000451,Clean,NA
R00446,real_16152.jpg,Real,Real,0.025864,Clean,NA
R03580,real_55145.jpg,Real,Real,0.0,Clean,NA
R02411,real_40852.jpg,Real,Real,1.4e-05,Clean,NA
R00044,real_10662.jpg,Real,Real,0.0,Clean,NA
R02870,real_46492.jpg,Real,Real,2e-05,Clean,NA
R00198,real_12911.jpg,Real,Real,0.000166,Clean,NA
R01976,real_35437.jpg,Real,Real,0.030853,Clean,NA
R00871,real_21401.jpg,Real,Real,5.1e-05,Clean,NA
R01003,real_22893.jpg,Real,Real,1.9e-05,Clean,NA
R04879,real_845.jpg,Real,Real,6e-06,Clean,NA
R04053,real_60984.jpg,Real,Real,0.0,Clean,NA
R02013,real_35976.jpg,Real,Real,1e-06,Clean,NA
R02949,real_47396.jpg,Real,Real,0.001883,Clean,NA
R04703,real_69217.jpg,Real,Real,0.001629,Clean,NA
R04849,real_8072.jpg,Real,Real,0.000437,Clean,NA
R02877,real_46594.jpg,Real,Real,0.002846,Clean,NA
R04170,real_62549.jpg,Real,Real,0.006668,Clean,NA
R00515,real_1708.jpg,Real,Real,0.0,Clean,NA
R00036,real_10567.jpg,Real,Real,0.0,Clean,NA
R03094,real_49108.jpg,Real,Real,0.008186,Clean,NA
R00081,real_11092.jpg,Real,Real,9.8e-05,Clean,NA
R04472,real_6618.jpg,Real,Real,1.1e-05,Clean,NA
R03069,real_48890.jpg,Real,Real,0.0,Clean,NA
R02384,real_40473.jpg,Real,Real,0.0,Clean,NA
R02323,real_39535.jpg,Real,Real,0.233765,Clean,NA
R02618,real_43389.jpg,Real,Real,0.0,Clean,NA
R01557,real_29684.jpg,Real,Real,0.000111,Clean,NA
R02928,real_47157.jpg,Real,Real,0.0,Clean,NA
R00429,real_15964.jpg,Real,Real,0.005161,Clean,NA
R02693,real_44304.jpg,Real,Real,4e-06,Clean,NA
R04888,real_8545.jpg,Real,Real,0.0,Clean,NA
R02191,real_38072.jpg,Real,Real,2e-06,Clean,NA
R03097,real_49128.jpg,Real,Real,0.0,Clean,NA
R00233,real_13401.jpg,Real,Real,0.0,Clean,NA
R02591,real_42995.jpg,Real,Real,0.0,Clean,NA
R04389,real_65109.jpg,Real,Real,0.00018,Clean,NA
R03759,real_57275.jpg,Real,Real,0.061646,Clean,NA
R00353,real_15030.jpg,Real,Real,0.0,Clean,NA
R00685,real_19191.jpg,Real,Real,0.0,Clean,NA
R01079,real_23848.jpg,Real,Real,0.094666,Clean,NA
R01091,real_23963.jpg,Real,Real,2e-06,Clean,NA
R00684,real_19185.jpg,Real,Real,8.6e-05,Clean,NA
R03178,real_50309.jpg,Real,Real,0.0,Clean,NA
R01505,real_28983.jpg,Real,Real,1.5e-05,Clean,NA
R01106,real_24150.jpg,Real,Real,0.0,Clean,NA
R02060,real_3645.jpg,Real,Real,8e-05,Clean,NA
R04059,real_61137.jpg,Real,Real,0.0,Clean,NA
R03219,real_5073.jpg,Real,Real,0.0,Clean,NA
R02828,real_45885.jpg,Real,Real,0.000839,Clean,NA
R01400,real_27825.jpg,Real,Real,0.012337,Clean,NA
R02557,real_42550.jpg,Real,Real,0.0,Clean,NA
R03215,real_507.jpg,Real,Real,0.0,Clean,NA
R04498,real_66506.jpg,Real,Real,0.055725,Clean,NA
R00457,real_16329.jpg,Real,Real,0.107971,Clean,NA
R01448,real_28326.jpg,Real,Real,0.000305,Clean,NA
R04467,real_66149.jpg,Real,Real,0.008614,Clean,NA
R02079,real_36640.jpg,Real,Real,0.0,Clean,NA
R00380,real_15346.jpg,Real,Real,0.00028,Clean,NA
R00190,real_12721.jpg,Real,Real,0.11377,Clean,NA
R02987,real_47871.jpg,Real,Real,0.001078,Clean,NA
R02737,real_44839.jpg,Real,Real,3e-06,Clean,NA
R00658,real_1885.jpg,Real,Real,0.0,Clean,NA
R03480,real_54068.jpg,Real,Real,0.00097,Clean,NA
R01646,real_30886.jpg,Real,Real,0.105957,Clean,NA
R02488,real_41709.jpg,Real,Real,0.0,Clean,NA
R01903,real_3440.jpg,Real,Real,0.00927,Clean,NA
R02842,real_46036.jpg,Real,Real,0.024521,Clean,NA
R00408,real_15727.jpg,Real,Real,0.002653,Clean,NA
R04586,real_67636.jpg,Real,Real,1e-06,Clean,NA
R04621,real_68006.jpg,Real,Real,0.000217,Clean,NA
R03690,real_56607.jpg,Real,Real,1.2e-05,Clean,NA
R02991,real_47936.jpg,Real,Real,0.0,Clean,NA
R01946,real_35018.jpg,Real,Real,0.00054,Clean,NA
R03417,real_5330.jpg,Real,Real,0.000173,Clean,NA
R02474,real_41546.jpg,Real,Real,5.6e-05,Clean,NA
R01407,real_27946.jpg,Real,Real,0.000738,Clean,NA
R02135,real_37387.jpg,Real,Real,0.003765,Clean,NA
R01468,real_28578.jpg,Real,Real,0.004505,Clean,NA
R04999,real_999.jpg,Real,Real,1e-06,Clean,NA
R03388,real_52924.jpg,Real,Real,5e-06,Clean,NA
R04173,real_62570.jpg,Real,Real,0.042175,Clean,NA
R00641,real_18698.jpg,Real,Real,0.0,Clean,NA
R01730,real_32045.jpg,Real,Real,0.000278,Clean,NA
R03821,real_58162.jpg,Real,Real,0.001467,Clean,NA
R02434,real_41154.jpg,Real,Real,7e-06,Clean,NA
R04526,real_66912.jpg,Real,Real,1e-06,Clean,NA
R04535,real_66985.jpg,Real,Real,0.0,Clean,NA
R03261,real_51346.jpg,Real,Real,0.068298,Clean,NA
R04944,real_9219.jpg,Real,Real,0.012672,Clean,NA
R04934,real_9057.jpg,Real,Real,0.000132,Clean,NA
R04405,real_65381.jpg,Real,Real,0.000422,Clean,NA
R04073,real_61309.jpg,Real,Real,1e-06,Clean,NA
R00586,real_1804.jpg,Real,Real,0.000588,Clean,NA
R00403,real_15655.jpg,Real,Real,0.0,Clean,NA
R01776,real_32600.jpg,Real,Real,0.000693,Clean,NA
R00099,real_11345.jpg,Real,Real,0.256592,Clean,NA
R00874,real_21417.jpg,Real,Real,0.0,Clean,NA
R01357,real_2738.jpg,Real,Real,3e-06,Clean,NA
R00289,real_14284.jpg,Real,Real,0.005753,Clean,NA
R00677,real_19091.jpg,Real,Real,0.000105,Clean,NA
R03148,real_49862.jpg,Real,Real,0.027435,Clean,NA
R04273,real_63646.jpg,Real,Real,7e-06,Clean,NA
R03607,real_55437.jpg,Real,Real,0.000118,Clean,NA
R01338,real_2706.jpg,Real,Real,0.0,Clean,NA
R01370,real_27496.jpg,Real,Real,0.006824,Clean,NA
R04601,real_67794.jpg,Real,Real,0.004681,Clean,NA
R00420,real_15868.jpg,Real,Real,1e-06,Clean,NA
R03163,real_50065.jpg,Real,Real,0.138428,Clean,NA
R01245,real_26.jpg,Real,Real,0.093201,Clean,NA
R00877,real_21453.jpg,Real,Real,0.319336,Clean,NA
R04719,real_69354.jpg,Real,Real,0.029648,Clean,NA
R02935,real_47242.jpg,Real,Real,0.00028,Clean,NA
R03232,real_50909.jpg,Real,Real,0.04895,Clean,NA
R03903,real_59062.jpg,Real,Real,0.011032,Clean,NA
R00622,real_1850.jpg,Real,Real,0.002611,Clean,NA
R03873,real_5873.jpg,Real,Real,0.053589,Clean,NA
R04578,real_67559.jpg,Real,Real,0.000863,Clean,NA
R01369,real_27495.jpg,Real,Real,0.0,Clean,NA
R04031,real_6073.jpg,Real,Real,0.0,Clean,NA
R01285,real_2638.jpg,Real,Real,0.06427,Clean,NA
R00495,real_16808.jpg,Real,Real,0.073425,Clean,NA
R02337,real_3969.jpg,Real,Real,0.052032,Clean,NA
R04065,real_61217.jpg,Real,Real,0.002502,Clean,NA
R00347,real_14974.jpg,Real,Real,0.002359,Clean,NA
R00096,real_11311.jpg,Real,Real,0.002672,Clean,NA
R03843,real_58455.jpg,Real,Real,0.000144,Clean,NA
R03366,real_52640.jpg,Real,Real,1e-06,Clean,NA
R03179,real_50315.jpg,Real,Real,0.000401,Clean,NA
R04704,real_69220.jpg,Real,Real,2e-06,Clean,NA
R00838,real_2098.jpg,Real,Fake,0.548828,Clean,NA
R03959,real_59758.jpg,Real,Real,0.175659,Clean,NA
R04558,real_67286.jpg,Real,Real,1.9e-05,Clean,NA
R02032,real_36131.jpg,Real,Real,4e-06,Clean,NA
R01216,real_25686.jpg,Real,Real,1.1e-05,Clean,NA
R02920,real_47066.jpg,Real,Real,2e-06,Clean,NA
R01027,real_23297.jpg,Real,Real,6e-06,Clean,NA
R03871,real_58722.jpg,Real,Real,0.003975,Clean,NA
R04886,real_8500.jpg,Real,Real,0.003651,Clean,NA
R02891,real_46798.jpg,Real,Real,2e-06,Clean,NA
R01806,real_33108.jpg,Real,Real,0.0,Clean,NA
R01829,real_33479.jpg,Real,Real,1e-06,Clean,NA
R03768,real_57374.jpg,Real,Real,0.130127,Clean,NA
R04722,real_69433.jpg,Real,Real,0.050995,Clean,NA
R01346,real_27201.jpg,Real,Real,0.005867,Clean,NA
R04790,real_7298.jpg,Real,Real,0.01017,Clean,NA
R00778,real_20344.jpg,Real,Real,0.032654,Clean,NA
R00667,real_18963.jpg,Real,Real,0.0,Clean,NA
R01599,real_30352.jpg,Real,Real,2e-06,Clean,NA
R01157,real_24950.jpg,Real,Real,0.032776,Clean,NA
R01349,real_27225.jpg,Real,Real,0.001116,Clean,NA
R02545,real_42435.jpg,Real,Real,0.006413,Clean,NA
R00385,real_15398.jpg,Real,Real,0.000225,Clean,NA
R02443,real_41215.jpg,Real,Real,0.000741,Clean,NA
R04210,real_6303.jpg,Real,Real,0.273682,Clean,NA
R00979,real_22614.jpg,Real,Real,0.0,Clean,NA
R04539,real_67033.jpg,Real,Real,0.001867,Clean,NA
R04503,real_66584.jpg,Real,Real,0.001519,Clean,NA
R00171,real_12383.jpg,Real,Fake,0.72168,Clean,NA
R03852,real_58520.jpg,Real,Real,0.068542,Clean,NA
R00752,real_20020.jpg,Real,Real,0.0,Clean,NA
R03202,real_50563.jpg,Real,Real,1e-06,Clean,NA
R03534,real_54723.jpg,Real,Real,2e-06,Clean,NA
R00050,real_10763.jpg,Real,Real,0.075989,Clean,NA
R02789,real_45424.jpg,Real,Real,0.0,Clean,NA
R01860,real_33792.jpg,Real,Real,0.0,Clean,NA
R00111,real_1149.jpg,Real,Real,1.1e-05,Clean,NA
R01883,real_34092.jpg,Real,Real,0.001467,Clean,NA
R04917,real_8845.jpg,Real,Real,1.1e-05,Clean,NA
R00359,real_15122.jpg,Real,Real,5e-06,Clean,NA
R00070,real_10979.jpg,Real,Real,0.0,Clean,NA
R01183,real_25371.jpg,Real,Real,0.000605,Clean,NA
R02587,real_42922.jpg,Real,Real,0.000261,Clean,NA
R01774,real_32592.jpg,Real,Real,0.000112,Clean,NA
R03923,real_59335.jpg,Real,Real,0.115784,Clean,NA
R03658,real_5609.jpg,Real,Real,0.0,Clean,NA
R01711,real_31745.jpg,Real,Real,0.0,Clean,NA
R03813,real_58024.jpg,Real,Real,0.001012,Clean,NA
R01293,real_26488.jpg,Real,Real,3e-06,Clean,NA
R03562,real_54960.jpg,Real,Real,2e-06,Clean,NA
R04809,real_7555.jpg,Real,Real,0.0,Clean,NA
R03301,real_51888.jpg,Real,Real,0.002165,Clean,NA
R02343,real_39774.jpg,Real,Real,2e-06,Clean,NA
R03846,real_58465.jpg,Real,Real,0.000269,Clean,NA
R01146,real_24832.jpg,Real,Real,0.001861,Clean,NA
R04041,real_60802.jpg,Real,Real,0.000707,Clean,NA
R04232,real_63214.jpg,Real,Real,0.002684,Clean,NA
R03584,real_55175.jpg,Real,Real,0.0,Clean,NA
R00244,real_13601.jpg,Real,Real,8e-06,Clean,NA
R04637,real_68275.jpg,Real,Real,0.001103,Clean,NA
R02702,real_44404.jpg,Real,Real,5e-05,Clean,NA
R03738,real_57009.jpg,Real,Real,0.213501,Clean,NA
R00145,real_1199.jpg,Real,Real,0.015541,Clean,NA
R03734,real_56977.jpg,Real,Real,3.1e-05,Clean,NA
R03465,real_53917.jpg,Real,Real,0.137329,Clean,NA
R03662,real_5621.jpg,Real,Real,0.0,Clean,NA
R03624,real_55662.jpg,Real,Real,2e-06,Clean,NA
R04177,real_6260.jpg,Real,Real,2e-06,Clean,NA
R03775,real_5752.jpg,Real,Real,3.6e-05,Clean,NA
R02767,real_45244.jpg,Real,Real,0.003389,Clean,NA
R01540,real_29467.jpg,Real,Real,0.0,Clean,NA
R03678,real_56442.jpg,Real,Real,0.003403,Clean,NA
R03254,real_51244.jpg,Real,Real,0.000752,Clean,NA
R04038,real_60794.jpg,Real,Real,4.1e-05,Clean,NA
R04007,real_60449.jpg,Real,Real,0.005913,Clean,NA
R04127,real_61983.jpg,Real,Real,0.001103,Clean,NA
R02425,real_41020.jpg,Real,Real,0.0,Clean,NA
R03506,real_54391.jpg,Real,Real,0.022537,Clean,NA
R01192,real_25436.jpg,Real,Real,0.0,Clean,NA
R04480,real_66283.jpg,Real,Fake,0.526367,Clean,NA
R03089,real_49063.jpg,Real,Real,1e-06,Clean,NA
R01555,real_29676.jpg,Real,Real,1.4e-05,Clean,NA
R02960,real_47536.jpg,Real,Real,0.0,Clean,NA
R02472,real_41531.jpg,Real,Real,0.000597,Clean,NA
R04767,real_69965.jpg,Real,Real,0.00407,Clean,NA
R02626,real_43504.jpg,Real,Real,0.0,Clean,NA
R00706,real_19373.jpg,Real,Real,0.028931,Clean,NA
R01783,real_32706.jpg,Real,Real,0.0,Clean,NA
R02859,real_46367.jpg,Real,Real,0.0,Clean,NA
R04428,real_65686.jpg,Real,Real,0.012337,Clean,NA
R03032,real_48338.jpg,Real,Real,0.0,Clean,NA
R04366,real_64799.jpg,Real,Real,1e-06,Clean,NA
R03080,real_49006.jpg,Real,Real,0.0,Clean,NA
R03958,real_59749.jpg,Real,Real,0.0,Clean,NA
R00229,real_13343.jpg,Real,Real,0.027115,Clean,NA
R00366,real_1517.jpg,Real,Real,2e-06,Clean,NA
R00807,real_2066.jpg,Real,Real,0.000169,Clean,NA
R02252,real_38760.jpg,Real,Real,0.0,Clean,NA
R03476,real_54020.jpg,Real,Real,0.0,Clean,NA
R04130,real_62053.jpg,Real,Real,0.0,Clean,NA
R04834,real_7926.jpg,Real,Real,0.000238,Clean,NA
R03346,real_52433.jpg,Real,Real,0.00124,Clean,NA
R02235,real_38596.jpg,Real,Real,5e-05,Clean,NA
R04706,real_69236.jpg,Real,Real,1.3e-05,Clean,NA
R01971,real_35377.jpg,Real,Real,0.0,Clean,NA
R00499,real_16875.jpg,Real,Real,0.396973,Clean,NA
R02382,real_40418.jpg,Real,Real,0.159668,Clean,NA
R01019,real_23156.jpg,Real,Real,0.002737,Clean,NA
R02677,real_4412.jpg,Real,Real,0.084778,Clean,NA
R02258,real_38838.jpg,Real,Real,0.007095,Clean,NA
R01668,real_31153.jpg,Real,Real,0.0051,Clean,NA
R00140,real_11936.jpg,Real,Real,0.0,Clean,NA
R03951,real_59623.jpg,Real,Real,0.0056,Clean,NA
R00310,real_1454.jpg,Real,Real,1e-06,Clean,NA
R01076,real_2380.jpg,Real,Real,0.008675,Clean,NA
R01077,real_23836.jpg,Real,Real,0.005405,Clean,NA
R01078,real_23845.jpg,Real,Real,0.001727,Clean,NA
R01093,real_23992.jpg,Real,Real,5.3e-05,Clean,NA
R03305,real_5192.jpg,Real,Real,0.002901,Clean,NA
R00945,real_22181.jpg,Real,Real,0.003809,Clean,NA
R02722,real_44707.jpg,Real,Real,0.000203,Clean,NA
R03769,real_57387.jpg,Real,Real,0.001069,Clean,NA
R03539,real_54789.jpg,Real,Real,1.5e-05,Clean,NA
R01802,real_32970.jpg,Real,Real,0.0,Clean,NA
R02447,real_41258.jpg,Real,Real,0.000105,Clean,NA
R04237,real_63281.jpg,Real,Real,0.0,Clean,NA
R01252,real_26085.jpg,Real,Real,0.002493,Clean,NA
R02964,real_47595.jpg,Real,Real,0.0,Clean,NA
R00985,real_22666.jpg,Real,Real,0.0,Clean,NA
R00962,real_22447.jpg,Real,Real,0.0,Clean,NA
R04723,real_6944.jpg,Real,Real,0.016724,Clean,NA
R04687,real_68971.jpg,Real,Real,5.1e-05,Clean,NA
R03037,real_4836.jpg,Real,Real,0.0,Clean,NA
R00023,real_10319.jpg,Real,Real,4e-06,Clean,NA
R01033,real_23351.jpg,Real,Fake,0.885254,Clean,NA
R00332,real_14746.jpg,Real,Real,0.0,Clean,NA
R04437,real_65800.jpg,Real,Real,0.003376,Clean,NA
R02496,real_4182.jpg,Real,Real,0.107788,Clean,NA
R02158,real_37661.jpg,Real,Real,1.8e-05,Clean,NA
R02282,real_3919.jpg,Real,Real,0.090393,Clean,NA
R04669,real_68776.jpg,Real,Real,0.0,Clean,NA
R03583,real_55174.jpg,Real,Real,0.0,Clean,NA
R00349,real_14988.jpg,Real,Real,1.6e-05,Clean,NA
R00134,real_11852.jpg,Real,Real,1e-06,Clean,NA
R02634,real_4358.jpg,Real,Real,0.044525,Clean,NA
R00207,real_13038.jpg,Real,Real,0.089478,Clean,NA
R02865,real_46447.jpg,Real,Real,8e-06,Clean,NA
R04724,real_69465.jpg,Real,Real,0.001211,Clean,NA
R01551,real_29622.jpg,Real,Real,0.00316,Clean,NA
R00001,real_10007.jpg,Real,Real,0.000128,Clean,NA
R00490,real_16740.jpg,Real,Real,0.0,Clean,NA
R03645,real_5587.jpg,Real,Real,0.023727,Clean,NA
R00021,real_103.jpg,Real,Real,5.2e-05,Clean,NA
R01013,real_23074.jpg,Real,Real,2e-06,Clean,NA
R01949,real_35093.jpg,Real,Real,2.1e-05,Clean,NA
R00239,real_13473.jpg,Real,Real,3.5e-05,Clean,NA
R01592,real_30155.jpg,Real,Real,0.025803,Clean,NA
R00093,real_11241.jpg,Real,Real,0.099976,Clean,NA
R04118,real_61874.jpg,Real,Real,1e-06,Clean,NA
R03343,real_52409.jpg,Real,Real,6e-06,Clean,NA
R03809,real_57942.jpg,Real,Real,0.033478,Clean,NA
R03153,real_4992.jpg,Real,Real,0.001285,Clean,NA
R04207,real_63000.jpg,Real,Real,0.001274,Clean,NA
R02147,real_37533.jpg,Real,Real,1e-06,Clean,NA
R00904,real_218.jpg,Real,Fake,0.640625,Clean,NA
R02308,real_39429.jpg,Real,Real,0.009674,Clean,NA
R04998,real_998.jpg,Real,Real,0.185303,Clean,NA
R02237,real_38613.jpg,Real,Real,0.000573,Clean,NA
R03889,real_58908.jpg,Real,Real,0.0,Clean,NA
R04956,real_9451.jpg,Real,Real,0.0,Clean,NA
R01341,real_2712.jpg,Real,Real,0.000148,Clean,NA
R03188,real_50445.jpg,Real,Real,0.0,Clean,NA
R04071,real_61284.jpg,Real,Real,6e-06,Clean,NA
R01014,real_23078.jpg,Real,Real,1.6e-05,Clean,NA
F01608,fake_29522.jpg,Fake,Fake,0.999512,Clean,NA
F02925,fake_46861.jpg,Fake,Fake,1.0,Clean,NA
F01955,fake_33634.jpg,Fake,Fake,0.99707,Clean,NA
F04107,fake_61900.jpg,Fake,Fake,0.993652,Clean,NA
F01353,fake_26402.jpg,Fake,Fake,1.0,Clean,NA
F02277,fake_38193.jpg,Fake,Fake,0.999512,Clean,NA
F04268,fake_63811.jpg,Fake,Fake,1.0,Clean,NA
F04058,fake_61273.jpg,Fake,Fake,0.979492,Clean,NA
F00013,fake_10183.jpg,Fake,Fake,1.0,Clean,NA
F01938,fake_33472.jpg,Fake,Fake,0.998047,Clean,NA
F03010,fake_47972.jpg,Fake,Fake,0.999512,Clean,NA
F02857,fake_45969.jpg,Fake,Fake,0.999023,Clean,NA
F04554,fake_67363.jpg,Fake,Fake,0.998047,Clean,NA
F01138,fake_23961.jpg,Fake,Fake,0.965332,Clean,NA
F04334,fake_64669.jpg,Fake,Fake,0.999512,Clean,NA
F04025,fake_60870.jpg,Fake,Fake,0.999023,Clean,NA
F01720,fake_30835.jpg,Fake,Fake,0.84375,Clean,NA
F03971,fake_60279.jpg,Fake,Fake,0.985352,Clean,NA
F03997,fake_60545.jpg,Fake,Fake,1.0,Clean,NA
F01538,fake_28577.jpg,Fake,Fake,1.0,Clean,NA
F01881,fake_32710.jpg,Fake,Fake,1.0,Clean,NA
F00810,fake_20334.jpg,Fake,Fake,0.985352,Clean,NA
F03495,fake_54347.jpg,Fake,Fake,0.998535,Clean,NA
F01821,fake_3204.jpg,Fake,Fake,0.993652,Clean,NA
F03714,fake_57105.jpg,Fake,Fake,1.0,Clean,NA
F02104,fake_35557.jpg,Fake,Fake,1.0,Clean,NA
F03755,fake_57645.jpg,Fake,Fake,1.0,Clean,NA
F02571,fake_42492.jpg,Fake,Fake,1.0,Clean,NA
F00920,fake_21605.jpg,Fake,Fake,1.0,Clean,NA
F00164,fake_11907.jpg,Fake,Fake,0.998047,Clean,NA
F02511,fake_41732.jpg,Fake,Fake,1.0,Clean,NA
F02492,fake_41427.jpg,Fake,Fake,0.99707,Clean,NA
F03970,fake_60275.jpg,Fake,Fake,0.93457,Clean,NA
F00412,fake_15196.jpg,Fake,Fake,1.0,Clean,NA
F03148,fake_49793.jpg,Fake,Fake,0.998047,Clean,NA
F02909,fake_46661.jpg,Fake,Fake,1.0,Clean,NA
F03423,fake_53485.jpg,Fake,Fake,0.99707,Clean,NA
F00365,fake_14608.jpg,Fake,Fake,1.0,Clean,NA
F03270,fake_51477.jpg,Fake,Fake,0.918945,Clean,NA
F04847,fake_7982.jpg,Fake,Fake,0.752441,Clean,NA
F01682,fake_30453.jpg,Fake,Fake,0.995117,Clean,NA
F04027,fake_60897.jpg,Fake,Fake,1.0,Clean,NA
F02620,fake_43160.jpg,Fake,Fake,1.0,Clean,NA
F03928,fake_59868.jpg,Fake,Fake,0.966797,Clean,NA
F04885,fake_8497.jpg,Fake,Fake,0.998535,Clean,NA
F01155,fake_24152.jpg,Fake,Fake,1.0,Clean,NA
F00807,fake_20303.jpg,Fake,Fake,1.0,Clean,NA
F00170,fake_1202.jpg,Fake,Fake,1.0,Clean,NA
F04167,fake_62602.jpg,Fake,Fake,0.995605,Clean,NA
F00756,fake_19816.jpg,Fake,Fake,0.991211,Clean,NA
F03701,fake_56896.jpg,Fake,Fake,0.986328,Clean,NA
F01378,fake_26724.jpg,Fake,Fake,1.0,Clean,NA
F04404,fake_65528.jpg,Fake,Fake,0.916504,Clean,NA
F00708,fake_19167.jpg,Fake,Fake,0.951172,Clean,NA
F01871,fake_32629.jpg,Fake,Fake,1.0,Clean,NA
F00695,fake_19025.jpg,Fake,Fake,1.0,Clean,NA
F02107,fake_35591.jpg,Fake,Fake,0.987305,Clean,NA
F03232,fake_50969.jpg,Fake,Fake,1.0,Clean,NA
F03674,fake_56525.jpg,Fake,Fake,0.999023,Clean,NA
F01311,fake_25843.jpg,Fake,Fake,1.0,Clean,NA
F01535,fake_285.jpg,Fake,Fake,0.994141,Clean,NA
F02044,fake_34746.jpg,Fake,Fake,0.998535,Clean,NA
F01270,fake_25341.jpg,Fake,Fake,1.0,Clean,NA
F01229,fake_24895.jpg,Fake,Fake,0.770508,Clean,NA
F03716,fake_57169.jpg,Fake,Fake,1.0,Clean,NA
F00798,fake_20198.jpg,Fake,Fake,0.746582,Clean,NA
F04837,fake_7800.jpg,Fake,Fake,0.976074,Clean,NA
F04528,fake_6703.jpg,Fake,Fake,1.0,Clean,NA
F02194,fake_3689.jpg,Fake,Fake,0.999512,Clean,NA
F04203,fake_63095.jpg,Fake,Fake,0.99707,Clean,NA
F01904,fake_32954.jpg,Fake,Fake,0.999512,Clean,NA
F02313,fake_38739.jpg,Fake,Fake,1.0,Clean,NA
F03587,fake_554.jpg,Fake,Fake,1.0,Clean,NA
F01604,fake_29442.jpg,Fake,Fake,0.96875,Clean,NA
F01555,fake_28876.jpg,Fake,Fake,1.0,Clean,NA
F00018,fake_10253.jpg,Fake,Fake,1.0,Clean,NA
F00141,fake_11608.jpg,Fake,Fake,1.0,Clean,NA
F02270,fake_38115.jpg,Fake,Fake,1.0,Clean,NA
F03764,fake_57782.jpg,Fake,Fake,0.944336,Clean,NA
F03695,fake_56791.jpg,Fake,Fake,0.999512,Clean,NA
F04042,fake_61126.jpg,Fake,Fake,0.98584,Clean,NA
F02423,fake_40420.jpg,Fake,Fake,1.0,Clean,NA
F04682,fake_68736.jpg,Fake,Fake,0.993652,Clean,NA
F01176,fake_24395.jpg,Fake,Fake,0.999512,Clean,NA
F01796,fake_3171.jpg,Fake,Fake,0.999512,Clean,NA
F00282,fake_13451.jpg,Fake,Fake,1.0,Clean,NA
F03634,fake_5608.jpg,Fake,Fake,1.0,Clean,NA
F01369,fake_26614.jpg,Fake,Fake,1.0,Clean,NA
F01698,fake_30642.jpg,Fake,Fake,1.0,Clean,NA
F00307,fake_13786.jpg,Fake,Fake,1.0,Clean,NA
F04427,fake_65863.jpg,Fake,Fake,1.0,Clean,NA
F01782,fake_31491.jpg,Fake,Fake,0.972656,Clean,NA
F02654,fake_43512.jpg,Fake,Fake,0.995605,Clean,NA
F02727,fake_44413.jpg,Fake,Fake,0.994629,Clean,NA
F04308,fake_64349.jpg,Fake,Fake,0.998047,Clean,NA
F01643,fake_30.jpg,Fake,Fake,1.0,Clean,NA
F04896,fake_8653.jpg,Fake,Fake,1.0,Clean,NA
F01581,fake_29178.jpg,Fake,Fake,0.51416,Clean,NA
F03739,fake_57397.jpg,Fake,Fake,1.0,Clean,NA
F04302,fake_64302.jpg,Fake,Fake,0.980957,Clean,NA
F02300,fake_38520.jpg,Fake,Fake,1.0,Clean,NA
F04796,fake_7280.jpg,Fake,Fake,1.0,Clean,NA
F03671,fake_565.jpg,Fake,Fake,1.0,Clean,NA
F00390,fake_14935.jpg,Fake,Fake,1.0,Clean,NA
F01004,fake_22544.jpg,Fake,Fake,0.994629,Clean,NA
F03824,fake_58697.jpg,Fake,Fake,0.995605,Clean,NA
F03675,fake_5654.jpg,Fake,Fake,0.999512,Clean,NA
F04664,fake_68555.jpg,Fake,Fake,0.999023,Clean,NA
F02074,fake_35080.jpg,Fake,Fake,0.976562,Clean,NA
F00960,fake_22036.jpg,Fake,Fake,0.998047,Clean,NA
F01429,fake_27244.jpg,Fake,Fake,1.0,Clean,NA
F00681,fake_18830.jpg,Fake,Fake,0.992188,Clean,NA
F00118,fake_11388.jpg,Fake,Fake,1.0,Clean,NA
F00199,fake_12441.jpg,Fake,Fake,1.0,Clean,NA
F03019,fake_4810.jpg,Fake,Fake,0.999512,Clean,NA
F00344,fake_14329.jpg,Fake,Fake,0.709961,Clean,NA
F00531,fake_16605.jpg,Fake,Fake,1.0,Clean,NA
F00101,fake_11208.jpg,Fake,Fake,0.999512,Clean,NA
F04160,fake_62544.jpg,Fake,Fake,0.935059,Clean,NA
F00419,fake_15290.jpg,Fake,Fake,0.977051,Clean,NA
F02416,fake_40308.jpg,Fake,Fake,1.0,Clean,NA
F00586,fake_17488.jpg,Fake,Fake,1.0,Clean,NA
F01028,fake_22819.jpg,Fake,Fake,1.0,Clean,NA
F01464,fake_27541.jpg,Fake,Fake,1.0,Clean,NA
F02785,fake_4529.jpg,Fake,Fake,0.98291,Clean,NA
F04333,fake_64666.jpg,Fake,Fake,0.972656,Clean,NA
F03094,fake_49081.jpg,Fake,Fake,0.935547,Clean,NA
F02390,fake_39844.jpg,Fake,Fake,1.0,Clean,NA
F03243,fake_51113.jpg,Fake,Real,0.209595,Clean,NA
F00881,fake_21150.jpg,Fake,Fake,0.981934,Clean,NA
F01480,fake_27751.jpg,Fake,Fake,0.990723,Clean,NA
F00384,fake_14839.jpg,Fake,Fake,1.0,Clean,NA
F03942,fake_59987.jpg,Fake,Fake,0.999023,Clean,NA
F01307,fake_25772.jpg,Fake,Fake,0.996582,Clean,NA
F00008,fake_10114.jpg,Fake,Fake,1.0,Clean,NA
F00603,fake_17671.jpg,Fake,Fake,0.929688,Clean,NA
F02740,fake_44663.jpg,Fake,Fake,1.0,Clean,NA
F04438,fake_65962.jpg,Fake,Fake,0.970703,Clean,NA
F04950,fake_9385.jpg,Fake,Fake,1.0,Clean,NA
F03177,fake_50118.jpg,Fake,Fake,0.999512,Clean,NA
F04836,fake_7795.jpg,Fake,Fake,1.0,Clean,NA
F04178,fake_62692.jpg,Fake,Fake,1.0,Clean,NA
F01916,fake_33116.jpg,Fake,Fake,0.739258,Clean,NA
F04694,fake_68876.jpg,Fake,Fake,0.91748,Clean,NA
F03113,fake_49365.jpg,Fake,Fake,1.0,Clean,NA
F01345,fake_26338.jpg,Fake,Fake,0.999023,Clean,NA
F02942,fake_47005.jpg,Fake,Fake,0.999512,Clean,NA
F00362,fake_14522.jpg,Fake,Fake,1.0,Clean,NA
F00604,fake_17702.jpg,Fake,Fake,0.996582,Clean,NA
F02693,fake_44024.jpg,Fake,Fake,1.0,Clean,NA
F02757,fake_44863.jpg,Fake,Fake,1.0,Clean,NA
F01485,fake_27826.jpg,Fake,Fake,0.882812,Clean,NA
F04582,fake_67670.jpg,Fake,Fake,1.0,Clean,NA
F02020,fake_3444.jpg,Fake,Fake,0.999023,Clean,NA
F04655,fake_68450.jpg,Fake,Fake,0.92041,Clean,NA
F02414,fake_40248.jpg,Fake,Fake,0.999512,Clean,NA
F02488,fake_41378.jpg,Fake,Fake,0.850098,Clean,NA
F04689,fake_68821.jpg,Fake,Fake,0.89502,Clean,NA
F04826,fake_7622.jpg,Fake,Fake,0.996582,Clean,NA
F01220,fake_24770.jpg,Fake,Fake,1.0,Clean,NA
F00314,fake_13851.jpg,Fake,Fake,0.996094,Clean,NA
F00830,fake_20568.jpg,Fake,Fake,0.975586,Clean,NA
F01042,fake_22978.jpg,Fake,Fake,0.999512,Clean,NA
F03103,fake_49256.jpg,Fake,Fake,0.996094,Clean,NA
F04498,fake_66596.jpg,Fake,Fake,1.0,Clean,NA
F00969,fake_22134.jpg,Fake,Fake,0.879883,Clean,NA
F01244,fake_25041.jpg,Fake,Fake,0.999023,Clean,NA
F03782,fake_57996.jpg,Fake,Fake,1.0,Clean,NA
F03093,fake_49077.jpg,Fake,Fake,0.75293,Clean,NA
F01684,fake_30461.jpg,Fake,Fake,0.976074,Clean,NA
F00900,fake_21426.jpg,Fake,Fake,0.989746,Clean,NA
F01124,fake_2384.jpg,Fake,Fake,0.997559,Clean,NA
F04202,fake_63092.jpg,Fake,Fake,0.597656,Clean,NA
F01453,fake_27462.jpg,Fake,Fake,0.996094,Clean,NA
F03664,fake_56397.jpg,Fake,Fake,0.996582,Clean,NA
F03312,fake_51974.jpg,Fake,Fake,0.996582,Clean,NA
F03173,fake_50083.jpg,Fake,Fake,1.0,Clean,NA
F03274,fake_51534.jpg,Fake,Fake,1.0,Clean,NA
F04076,fake_61437.jpg,Fake,Fake,0.996094,Clean,NA
F00478,fake_16114.jpg,Fake,Fake,1.0,Clean,NA
F03197,fake_50359.jpg,Fake,Fake,1.0,Clean,NA
F04169,fake_62607.jpg,Fake,Fake,1.0,Clean,NA
F01494,fake_27987.jpg,Fake,Fake,0.987305,Clean,NA
F00406,fake_15165.jpg,Fake,Fake,0.994141,Clean,NA
F01503,fake_28104.jpg,Fake,Fake,0.981934,Clean,NA
F01550,fake_28760.jpg,Fake,Fake,1.0,Clean,NA
F00558,fake_17069.jpg,Fake,Real,0.264404,Clean,NA
F04327,fake_6458.jpg,Fake,Fake,1.0,Clean,NA
F01344,fake_26324.jpg,Fake,Fake,1.0,Clean,NA
F04409,fake_6557.jpg,Fake,Fake,0.999512,Clean,NA
F02788,fake_45303.jpg,Fake,Fake,1.0,Clean,NA
F01295,fake_25652.jpg,Fake,Fake,1.0,Clean,NA
F02855,fake_45958.jpg,Fake,Fake,1.0,Clean,NA
F03502,fake_54480.jpg,Fake,Fake,1.0,Clean,NA
F02969,fake_47395.jpg,Fake,Fake,1.0,Clean,NA
F03372,fake_52748.jpg,Fake,Fake,0.992676,Clean,NA
F02185,fake_36737.jpg,Fake,Fake,0.939941,Clean,NA
F00928,fake_2171.jpg,Fake,Fake,0.999512,Clean,NA
F04863,fake_8214.jpg,Fake,Fake,1.0,Clean,NA
F04629,fake_68194.jpg,Fake,Fake,0.990723,Clean,NA
F04667,fake_68595.jpg,Fake,Fake,0.978027,Clean,NA
F04729,fake_69289.jpg,Fake,Fake,0.951172,Clean,NA
F03371,fake_52727.jpg,Fake,Fake,1.0,Clean,NA
F03626,fake_56032.jpg,Fake,Fake,1.0,Clean,NA
F03342,fake_52415.jpg,Fake,Real,0.298828,Clean,NA
F01668,fake_30210.jpg,Fake,Fake,1.0,Clean,NA
F03849,fake_58940.jpg,Fake,Fake,0.999512,Clean,NA
F03815,fake_58543.jpg,Fake,Fake,0.999512,Clean,NA
F01799,fake_31733.jpg,Fake,Real,0.321289,Clean,NA
F03640,fake_56129.jpg,Fake,Fake,0.767578,Clean,NA
F02280,fake_38220.jpg,Fake,Fake,0.995117,Clean,NA
F04002,fake_60593.jpg,Fake,Fake,0.997559,Clean,NA
F00902,fake_21474.jpg,Fake,Fake,0.943848,Clean,NA
F02681,fake_43934.jpg,Fake,Fake,1.0,Clean,NA
F04110,fake_61950.jpg,Fake,Fake,0.998047,Clean,NA
F02653,fake_43510.jpg,Fake,Fake,1.0,Clean,NA
F02633,fake_43294.jpg,Fake,Fake,0.999023,Clean,NA
F01724,fake_309.jpg,Fake,Fake,0.998047,Clean,NA
F03411,fake_53344.jpg,Fake,Fake,0.998047,Clean,NA
F00759,fake_19823.jpg,Fake,Fake,1.0,Clean,NA
F00148,fake_11691.jpg,Fake,Fake,1.0,Clean,NA
F01162,fake_24240.jpg,Fake,Fake,1.0,Clean,NA
F02454,fake_40815.jpg,Fake,Fake,1.0,Clean,NA
F03758,fake_57679.jpg,Fake,Fake,0.998047,Clean,NA
F02712,fake_44275.jpg,Fake,Fake,1.0,Clean,NA
F01509,fake_28167.jpg,Fake,Fake,1.0,Clean,NA
F01143,fake_24006.jpg,Fake,Fake,0.994141,Clean,NA
F02256,fake_37898.jpg,Fake,Fake,0.998535,Clean,NA
F00242,fake_12939.jpg,Fake,Fake,0.995117,Clean,NA
F01045,fake_22992.jpg,Fake,Fake,0.998535,Clean,NA
F04301,fake_64289.jpg,Fake,Fake,0.996094,Clean,NA
F01914,fake_33079.jpg,Fake,Fake,0.783203,Clean,NA
F04387,fake_65351.jpg,Fake,Fake,1.0,Clean,NA
F01473,fake_27611.jpg,Fake,Fake,0.969727,Clean,NA
F04832,fake_7738.jpg,Fake,Fake,1.0,Clean,NA
F02389,fake_39840.jpg,Fake,Fake,0.999023,Clean,NA
F02386,fake_39815.jpg,Fake,Fake,0.980957,Clean,NA
F01536,fake_28521.jpg,Fake,Fake,1.0,Clean,NA
F04823,fake_7580.jpg,Fake,Fake,1.0,Clean,NA
F01482,fake_27766.jpg,Fake,Fake,1.0,Clean,NA
F02210,fake_37314.jpg,Fake,Fake,1.0,Clean,NA
F00599,fake_17630.jpg,Fake,Fake,0.988281,Clean,NA
F04869,fake_830.jpg,Fake,Fake,1.0,Clean,NA
F02247,fake_37849.jpg,Fake,Fake,0.919922,Clean,NA
F03425,fake_53506.jpg,Fake,Fake,0.923828,Clean,NA
F00228,fake_12741.jpg,Fake,Fake,0.974609,Clean,NA
F04328,fake_64588.jpg,Fake,Fake,0.999512,Clean,NA
F03333,fake_52320.jpg,Fake,Fake,1.0,Clean,NA
F00896,fake_21392.jpg,Fake,Fake,0.999512,Clean,NA
F03081,fake_48850.jpg,Fake,Fake,1.0,Clean,NA
F02921,fake_46832.jpg,Fake,Real,0.024475,Clean,NA
F00429,fake_15375.jpg,Fake,Fake,0.998047,Clean,NA
F01180,fake_24427.jpg,Fake,Fake,1.0,Clean,NA
F01626,fake_29758.jpg,Fake,Fake,1.0,Clean,NA
F01760,fake_31274.jpg,Fake,Fake,0.978516,Clean,NA
F04469,fake_6620.jpg,Fake,Real,0.012238,Clean,NA
F02881,fake_46308.jpg,Fake,Fake,1.0,Clean,NA
F04969,fake_9644.jpg,Fake,Fake,1.0,Clean,NA
F03922,fake_59835.jpg,Fake,Fake,0.995117,Clean,NA
F00921,fake_21632.jpg,Fake,Fake,1.0,Clean,NA
F04684,fake_68760.jpg,Fake,Fake,0.805664,Clean,NA
F00956,fake_22006.jpg,Fake,Fake,0.946777,Clean,NA
F00319,fake_13930.jpg,Fake,Fake,0.99707,Clean,NA
F00071,fake_10875.jpg,Fake,Fake,1.0,Clean,NA
F01582,fake_2918.jpg,Fake,Fake,0.972168,Clean,NA
F00340,fake_14241.jpg,Fake,Fake,1.0,Clean,NA
F00736,fake_1952.jpg,Fake,Fake,1.0,Clean,NA
F00923,fake_21645.jpg,Fake,Fake,1.0,Clean,NA
F02543,fake_42199.jpg,Fake,Fake,1.0,Clean,NA
F03154,fake_49839.jpg,Fake,Fake,0.879395,Clean,NA
F03688,fake_5669.jpg,Fake,Fake,0.970215,Clean,NA
F00545,fake_16817.jpg,Fake,Fake,0.996582,Clean,NA
F03213,fake_50555.jpg,Fake,Fake,0.73584,Clean,NA
F02514,fake_41759.jpg,Fake,Fake,1.0,Clean,NA
F00576,fake_17357.jpg,Fake,Fake,1.0,Clean,NA
F03879,fake_59289.jpg,Fake,Fake,1.0,Clean,NA
F00002,fake_10018.jpg,Fake,Fake,0.93457,Clean,NA
F00323,fake_13994.jpg,Fake,Fake,0.97998,Clean,NA
F01029,fake_22825.jpg,Fake,Fake,0.999023,Clean,NA
F00761,fake_19847.jpg,Fake,Fake,0.999512,Clean,NA
F01795,fake_31672.jpg,Fake,Fake,0.998535,Clean,NA
F00836,fake_2063.jpg,Fake,Fake,1.0,Clean,NA
F04092,fake_61636.jpg,Fake,Fake,0.999512,Clean,NA
F01526,fake_28358.jpg,Fake,Fake,0.988281,Clean,NA
F04949,fake_9381.jpg,Fake,Fake,1.0,Clean,NA
F01099,fake_23572.jpg,Fake,Fake,1.0,Clean,NA
F00513,fake_16421.jpg,Fake,Fake,1.0,Clean,NA
F04946,fake_9271.jpg,Fake,Fake,0.999512,Clean,NA
F03293,fake_5174.jpg,Fake,Fake,0.947266,Clean,NA
F03705,fake_56977.jpg,Fake,Fake,0.999512,Clean,NA
F01334,fake_26223.jpg,Fake,Fake,1.0,Clean,NA
F00667,fake_18567.jpg,Fake,Fake,0.998535,Clean,NA
F04005,fake_60622.jpg,Fake,Fake,0.970215,Clean,NA
F04378,fake_65256.jpg,Fake,Fake,1.0,Clean,NA
F02069,fake_35030.jpg,Fake,Fake,1.0,Clean,NA
F02325,fake_38904.jpg,Fake,Fake,0.99707,Clean,NA
F03667,fake_56430.jpg,Fake,Fake,0.915527,Clean,NA
F00683,fake_18845.jpg,Fake,Fake,1.0,Clean,NA
F00293,fake_13567.jpg,Fake,Fake,0.918945,Clean,NA
F01903,fake_32935.jpg,Fake,Fake,0.990723,Clean,NA
F03353,fake_52540.jpg,Fake,Fake,1.0,Clean,NA
F04138,fake_62331.jpg,Fake,Fake,0.999512,Clean,NA
F00510,fake_16405.jpg,Fake,Fake,0.736328,Clean,NA
F00312,fake_13843.jpg,Fake,Fake,0.999023,Clean,NA
F04546,fake_67233.jpg,Fake,Fake,1.0,Clean,NA
F02724,fake_44384.jpg,Fake,Fake,1.0,Clean,NA
F03665,fake_56416.jpg,Fake,Fake,1.0,Clean,NA
F03837,fake_5882.jpg,Fake,Fake,0.999023,Clean,NA
F01073,fake_23257.jpg,Fake,Fake,1.0,Clean,NA
F04843,fake_7902.jpg,Fake,Fake,1.0,Clean,NA
F03635,fake_56084.jpg,Fake,Fake,1.0,Clean,NA
F04313,fake_64376.jpg,Fake,Real,0.019531,Clean,NA
F03259,fake_51324.jpg,Fake,Fake,0.998535,Clean,NA
F03389,fake_52905.jpg,Fake,Fake,0.994629,Clean,NA
F04067,fake_61392.jpg,Fake,Fake,0.834473,Clean,NA
F01742,fake_31114.jpg,Fake,Fake,1.0,Clean,NA
F01763,fake_31298.jpg,Fake,Fake,0.891113,Clean,NA
F02807,fake_45495.jpg,Fake,Fake,1.0,Clean,NA
F03817,fake_58563.jpg,Fake,Fake,0.996582,Clean,NA
F01431,fake_27286.jpg,Fake,Fake,0.973145,Clean,NA
F00748,fake_1972.jpg,Fake,Real,0.184082,Clean,NA
F02420,fake_40354.jpg,Fake,Fake,1.0,Clean,NA
F04250,fake_63631.jpg,Fake,Fake,0.993652,Clean,NA
F02739,fake_44627.jpg,Fake,Fake,1.0,Clean,NA
F02555,fake_42293.jpg,Fake,Fake,1.0,Clean,NA
F04556,fake_67384.jpg,Fake,Fake,0.998535,Clean,NA
F03164,fake_49958.jpg,Fake,Fake,0.999023,Clean,NA
F04282,fake_6403.jpg,Fake,Fake,0.55127,Clean,NA
F01006,fake_22556.jpg,Fake,Fake,1.0,Clean,NA
F02951,fake_47106.jpg,Fake,Fake,0.990723,Clean,NA
F01417,fake_27106.jpg,Fake,Fake,0.98291,Clean,NA
F00287,fake_13502.jpg,Fake,Fake,1.0,Clean,NA
F04686,fake_68791.jpg,Fake,Fake,1.0,Clean,NA
F02776,fake_45190.jpg,Fake,Fake,0.839844,Clean,NA
F03066,fake_48713.jpg,Fake,Fake,0.761719,Clean,NA
F04101,fake_61766.jpg,Fake,Fake,0.939453,Clean,NA
F04735,fake_69377.jpg,Fake,Fake,1.0,Clean,NA
F02120,fake_35788.jpg,Fake,Fake,0.987793,Clean,NA
F01379,fake_26729.jpg,Fake,Fake,1.0,Clean,NA
F01438,fake_27353.jpg,Fake,Fake,0.996582,Clean,NA
F03772,fake_57863.jpg,Fake,Fake,0.999512,Clean,NA
F02692,fake_44019.jpg,Fake,Fake,1.0,Clean,NA
F03623,fake_56002.jpg,Fake,Fake,0.994629,Clean,NA
F03768,fake_57816.jpg,Fake,Fake,0.990234,Clean,NA
F03658,fake_56337.jpg,Fake,Fake,0.990723,Clean,NA
F03776,fake_57926.jpg,Fake,Fake,1.0,Clean,NA
F01478,fake_27719.jpg,Fake,Fake,0.980957,Clean,NA
F02080,fake_3514.jpg,Fake,Fake,0.973633,Clean,NA
F02837,fake_45769.jpg,Fake,Fake,0.976562,Clean,NA
F01059,fake_23084.jpg,Fake,Fake,0.96875,Clean,NA
F00908,fake_21492.jpg,Fake,Fake,0.999023,Clean,NA
F04310,fake_64369.jpg,Fake,Fake,1.0,Clean,NA
F01288,fake_25559.jpg,Fake,Fake,0.996582,Clean,NA
F00685,fake_1886.jpg,Fake,Fake,0.999512,Clean,NA
F03403,fake_53220.jpg,Fake,Fake,0.994141,Clean,NA
F03885,fake_59356.jpg,Fake,Fake,0.972168,Clean,NA
F00931,fake_21743.jpg,Fake,Fake,0.999512,Clean,NA
F00470,fake_16007.jpg,Fake,Fake,0.999512,Clean,NA
F04700,fake_68915.jpg,Fake,Fake,0.996094,Clean,NA
F01310,fake_25838.jpg,Fake,Fake,1.0,Clean,NA
F00345,fake_1433.jpg,Fake,Fake,0.999512,Clean,NA
F01022,fake_22738.jpg,Fake,Fake,0.999512,Clean,NA
F00654,fake_18337.jpg,Fake,Fake,0.998047,Clean,NA
F03198,fake_50364.jpg,Fake,Fake,0.956055,Clean,NA
F03793,fake_5820.jpg,Fake,Fake,0.998047,Clean,NA
F04680,fake_68724.jpg,Fake,Fake,0.57666,Clean,NA
F04339,fake_64727.jpg,Fake,Fake,0.795898,Clean,NA
F03789,fake_58078.jpg,Fake,Fake,1.0,Clean,NA
F02784,fake_45280.jpg,Fake,Fake,0.835449,Clean,NA
F02985,fake_47568.jpg,Fake,Fake,0.999512,Clean,NA
F04973,fake_9692.jpg,Fake,Fake,1.0,Clean,NA
F02340,fake_3911.jpg,Fake,Fake,0.998535,Clean,NA
F03571,fake_55295.jpg,Fake,Fake,1.0,Clean,NA
F02397,fake_39982.jpg,Fake,Fake,1.0,Clean,NA
F01706,fake_30715.jpg,Fake,Fake,0.875488,Clean,NA
F02795,fake_45352.jpg,Fake,Fake,0.999023,Clean,NA
F02014,fake_34354.jpg,Fake,Fake,0.921875,Clean,NA
F03955,fake_60109.jpg,Fake,Fake,0.997559,Clean,NA
F03627,fake_56039.jpg,Fake,Fake,1.0,Clean,NA
F02465,fake_41.jpg,Fake,Fake,1.0,Clean,NA
F02031,fake_34565.jpg,Fake,Fake,0.726562,Clean,NA
F00982,fake_22311.jpg,Fake,Fake,0.990234,Clean,NA
F04947,fake_9296.jpg,Fake,Fake,1.0,Clean,NA
F00769,fake_19914.jpg,Fake,Real,0.002581,Clean,NA
F04458,fake_66129.jpg,Fake,Fake,1.0,Clean,NA
F00064,fake_10811.jpg,Fake,Fake,0.996094,Clean,NA
F02759,fake_44883.jpg,Fake,Fake,0.999512,Clean,NA
F00935,fake_2179.jpg,Fake,Fake,0.999023,Clean,NA
F03718,fake_57190.jpg,Fake,Fake,1.0,Clean,NA
F01894,fake_32855.jpg,Fake,Fake,0.968262,Clean,NA
F01739,fake_31090.jpg,Fake,Fake,0.991699,Clean,NA
F04099,fake_61744.jpg,Fake,Fake,1.0,Clean,NA
F04029,fake_60933.jpg,Fake,Fake,0.996094,Clean,NA
F00856,fake_20886.jpg,Fake,Fake,0.983887,Clean,NA
F04933,fake_9153.jpg,Fake,Fake,0.98584,Clean,NA
F04004,fake_60616.jpg,Fake,Fake,1.0,Clean,NA
F03370,fake_5269.jpg,Fake,Fake,0.999023,Clean,NA
F00458,fake_15781.jpg,Fake,Real,0.302246,Clean,NA
F01753,fake_31206.jpg,Fake,Fake,0.98584,Clean,NA
F03905,fake_59663.jpg,Fake,Fake,1.0,Clean,NA
F01759,fake_31262.jpg,Fake,Fake,1.0,Clean,NA
F02670,fake_43801.jpg,Fake,Fake,0.999512,Clean,NA
F04078,fake_61444.jpg,Fake,Fake,1.0,Clean,NA
F00897,fake_21407.jpg,Fake,Fake,0.99707,Clean,NA
F00012,fake_10182.jpg,Fake,Fake,1.0,Clean,NA
F04676,fake_68700.jpg,Fake,Fake,1.0,Clean,NA
F04965,fake_9578.jpg,Fake,Fake,1.0,Clean,NA
F03550,fake_55071.jpg,Fake,Fake,0.943359,Clean,NA
F01520,fake_28287.jpg,Fake,Fake,1.0,Clean,NA
F00418,fake_15274.jpg,Fake,Fake,1.0,Clean,NA
F04465,fake_66177.jpg,Fake,Fake,0.992188,Clean,NA
F03965,fake_60231.jpg,Fake,Real,0.06842,Clean,NA
F00848,fake_20744.jpg,Fake,Fake,1.0,Clean,NA
F03808,fake_58448.jpg,Fake,Fake,0.955566,Clean,NA
F00110,fake_11279.jpg,Fake,Fake,1.0,Clean,NA
F04102,fake_6178.jpg,Fake,Fake,1.0,Clean,NA
F00277,fake_13425.jpg,Fake,Fake,0.992676,Clean,NA
F03335,fake_52351.jpg,Fake,Fake,1.0,Clean,NA
F02506,fake_41643.jpg,Fake,Fake,1.0,Clean,NA
F04048,fake_61160.jpg,Fake,Fake,0.902832,Clean,NA
F02762,fake_44958.jpg,Fake,Fake,1.0,Clean,NA
F04075,fake_61436.jpg,Fake,Fake,0.54248,Clean,NA
F02170,fake_36531.jpg,Fake,Fake,1.0,Clean,NA
F02977,fake_47482.jpg,Fake,Fake,1.0,Clean,NA
F00878,fake_21120.jpg,Fake,Fake,0.999023,Clean,NA
F04570,fake_67545.jpg,Fake,Fake,0.93457,Clean,NA
F02391,fake_39850.jpg,Fake,Fake,0.999512,Clean,NA
F02923,fake_46857.jpg,Fake,Fake,1.0,Clean,NA
F02180,fake_36644.jpg,Fake,Fake,0.999512,Clean,NA
F01217,fake_24722.jpg,Fake,Fake,1.0,Clean,NA
F04638,fake_68274.jpg,Fake,Fake,0.999023,Clean,NA
F02806,fake_45492.jpg,Fake,Fake,1.0,Clean,NA
F01927,fake_3334.jpg,Fake,Fake,1.0,Clean,NA
F00416,fake_15262.jpg,Fake,Real,0.000333,Clean,NA
F02353,fake_39290.jpg,Fake,Fake,0.999512,Clean,NA
F04312,fake_64374.jpg,Fake,Fake,1.0,Clean,NA
F03430,fake_53561.jpg,Fake,Real,0.346436,Clean,NA
F03832,fake_58752.jpg,Fake,Fake,0.994629,Clean,NA
F01713,fake_30771.jpg,Fake,Fake,0.999512,Clean,NA
F01912,fake_33066.jpg,Fake,Fake,0.925293,Clean,NA
F04335,fake_64678.jpg,Fake,Fake,1.0,Clean,NA
F01123,fake_23838.jpg,Fake,Fake,1.0,Clean,NA
F02922,fake_46855.jpg,Fake,Fake,1.0,Clean,NA
F04516,fake_66872.jpg,Fake,Fake,0.962402,Clean,NA
F01654,fake_30106.jpg,Fake,Fake,1.0,Clean,NA
F03076,fake_48833.jpg,Fake,Fake,0.893555,Clean,NA
F00662,fake_18460.jpg,Fake,Fake,1.0,Clean,NA
F03339,fake_52375.jpg,Fake,Fake,0.991699,Clean,NA
F02122,fake_35815.jpg,Fake,Fake,1.0,Clean,NA
F02957,fake_47237.jpg,Fake,Fake,0.981934,Clean,NA
F00144,fake_11646.jpg,Fake,Fake,1.0,Clean,NA
F02026,fake_34508.jpg,Fake,Fake,1.0,Clean,NA
F04521,fake_66935.jpg,Fake,Fake,0.992188,Clean,NA
F03914,fake_59750.jpg,Fake,Fake,1.0,Clean,NA
F01002,fake_22540.jpg,Fake,Fake,1.0,Clean,NA
F01842,fake_32276.jpg,Fake,Fake,0.991211,Clean,NA
F00633,fake_18012.jpg,Fake,Fake,0.978516,Clean,NA
F00517,fake_16447.jpg,Fake,Fake,0.999512,Clean,NA
F00779,fake_2000.jpg,Fake,Fake,0.998535,Clean,NA
F00284,fake_13483.jpg,Fake,Fake,0.998535,Clean,NA
F03297,fake_51807.jpg,Fake,Fake,0.994629,Clean,NA
F03570,fake_55291.jpg,Fake,Fake,0.901855,Clean,NA
F00454,fake_15738.jpg,Fake,Fake,1.0,Clean,NA
F00487,fake_16185.jpg,Fake,Real,0.160034,Clean,NA
F03727,fake_57261.jpg,Fake,Fake,1.0,Clean,NA
F00673,fake_18671.jpg,Fake,Fake,0.960449,Clean,NA
F04234,fake_63488.jpg,Fake,Fake,1.0,Clean,NA
F01736,fake_31046.jpg,Fake,Fake,1.0,Clean,NA
F03941,fake_59985.jpg,Fake,Fake,1.0,Clean,NA
F00641,fake_18167.jpg,Fake,Fake,0.889648,Clean,NA
F03572,fake_5530.jpg,Fake,Fake,0.999512,Clean,NA
F00803,fake_2028.jpg,Fake,Fake,1.0,Clean,NA
F01296,fake_25653.jpg,Fake,Fake,1.0,Clean,NA
F00616,fake_17797.jpg,Fake,Fake,0.965332,Clean,NA
F02929,fake_4693.jpg,Fake,Real,0.160645,Clean,NA
F00078,fake_10950.jpg,Fake,Fake,1.0,Clean,NA
F02105,fake_35575.jpg,Fake,Fake,0.989258,Clean,NA
F04066,fake_61358.jpg,Fake,Fake,0.99707,Clean,NA
F04867,fake_8294.jpg,Fake,Fake,0.984863,Clean,NA
F03996,fake_60531.jpg,Fake,Fake,0.986328,Clean,NA
F00389,fake_14927.jpg,Fake,Fake,1.0,Clean,NA
F03299,fake_5182.jpg,Fake,Fake,0.827637,Clean,NA
F00032,fake_10481.jpg,Fake,Fake,1.0,Clean,NA
F02225,fake_37497.jpg,Fake,Fake,0.976074,Clean,NA
F04786,fake_706.jpg,Fake,Fake,0.999023,Clean,NA
F00396,fake_15030.jpg,Fake,Fake,0.996094,Clean,NA
F01137,fake_23959.jpg,Fake,Fake,0.992188,Clean,NA
F02401,fake_40018.jpg,Fake,Fake,0.999512,Clean,NA
F03827,fake_58712.jpg,Fake,Fake,1.0,Clean,NA
F01171,fake_24340.jpg,Fake,Fake,1.0,Clean,NA
F03798,fake_58281.jpg,Fake,Fake,0.961914,Clean,NA
F02531,fake_41972.jpg,Fake,Fake,1.0,Clean,NA
F00937,fake_2180.jpg,Fake,Fake,0.998535,Clean,NA
F03544,fake_55018.jpg,Fake,Fake,0.861816,Clean,NA
F02450,fake_40748.jpg,Fake,Fake,0.841309,Clean,NA
F04744,fake_69437.jpg,Fake,Fake,0.997559,Clean,NA
F04349,fake_64830.jpg,Fake,Fake,1.0,Clean,NA
F04174,fake_6264.jpg,Fake,Fake,1.0,Clean,NA
F01116,fake_23780.jpg,Fake,Fake,1.0,Clean,NA
F02431,fake_4055.jpg,Fake,Fake,0.999023,Clean,NA
F04490,fake_66503.jpg,Fake,Fake,0.986816,Clean,NA
F04757,fake_6956.jpg,Fake,Fake,0.998047,Clean,NA
F00527,fake_16588.jpg,Fake,Fake,1.0,Clean,NA
F03858,fake_59041.jpg,Fake,Fake,1.0,Clean,NA
F04727,fake_69260.jpg,Fake,Real,0.014954,Clean,NA
F03345,fake_52489.jpg,Fake,Fake,0.89209,Clean,NA
F04974,fake_9717.jpg,Fake,Fake,0.999512,Clean,NA
F03593,fake_55482.jpg,Fake,Fake,0.996094,Clean,NA
F03537,fake_54960.jpg,Fake,Fake,1.0,Clean,NA
F01715,fake_3078.jpg,Fake,Fake,0.824219,Clean,NA
F04470,fake_66210.jpg,Fake,Fake,0.82959,Clean,NA
F01063,fake_23121.jpg,Fake,Fake,0.999512,Clean,NA
F04013,fake_60735.jpg,Fake,Fake,1.0,Clean,NA
F02378,fake_39658.jpg,Fake,Fake,1.0,Clean,NA
F04416,fake_65740.jpg,Fake,Fake,1.0,Clean,NA
F00432,fake_15395.jpg,Fake,Fake,0.999512,Clean,NA
F04038,fake_61021.jpg,Fake,Fake,1.0,Clean,NA
F04918,fake_8960.jpg,Fake,Fake,1.0,Clean,NA
F04261,fake_63727.jpg,Fake,Fake,1.0,Clean,NA
F00425,fake_15358.jpg,Fake,Fake,0.982422,Clean,NA
F03140,fake_4963.jpg,Fake,Fake,0.999023,Clean,NA
F01044,fake_2299.jpg,Fake,Fake,1.0,Clean,NA
F03752,fake_57551.jpg,Fake,Fake,1.0,Clean,NA
F02330,fake_38937.jpg,Fake,Fake,1.0,Clean,NA
F00518,fake_16460.jpg,Fake,Fake,1.0,Clean,NA
F03874,fake_59223.jpg,Fake,Real,0.440674,Clean,NA
F03015,fake_48053.jpg,Fake,Fake,1.0,Clean,NA
F00710,fake_19186.jpg,Fake,Fake,0.94043,Clean,NA
F02663,fake_43620.jpg,Fake,Fake,0.994629,Clean,NA
F03474,fake_54146.jpg,Fake,Fake,0.987793,Clean,NA
F04909,fake_8858.jpg,Fake,Fake,1.0,Clean,NA
F02729,fake_4443.jpg,Fake,Fake,0.79834,Clean,NA
F00659,fake_1840.jpg,Fake,Fake,0.999512,Clean,NA
F02408,fake_40140.jpg,Fake,Fake,0.994141,Clean,NA
F04411,fake_65617.jpg,Fake,Fake,1.0,Clean,NA
F02136,fake_35961.jpg,Fake,Fake,1.0,Clean,NA
F03138,fake_4962.jpg,Fake,Real,0.393066,Clean,NA
F01251,fake_25081.jpg,Fake,Fake,1.0,Clean,NA
F03743,fake_57427.jpg,Fake,Fake,0.969727,Clean,NA
F02012,fake_34324.jpg,Fake,Fake,1.0,Clean,NA
F04996,fake_9939.jpg,Fake,Fake,0.997559,Clean,NA
F04421,fake_65826.jpg,Fake,Fake,0.989258,Clean,NA
F01773,fake_31370.jpg,Fake,Fake,0.985352,Clean,NA
F02779,fake_45202.jpg,Fake,Fake,1.0,Clean,NA
F02678,fake_43859.jpg,Fake,Fake,1.0,Clean,NA
F03219,fake_50686.jpg,Fake,Fake,1.0,Clean,NA
F01605,fake_2946.jpg,Fake,Fake,0.969727,Clean,NA
F04487,fake_66461.jpg,Fake,Fake,0.892578,Clean,NA
F03390,fake_52912.jpg,Fake,Fake,0.993652,Clean,NA
F02595,fake_42806.jpg,Fake,Fake,1.0,Clean,NA
F03288,fake_51676.jpg,Fake,Fake,0.958496,Clean,NA
F04990,fake_9866.jpg,Fake,Fake,1.0,Clean,NA
F02771,fake_45086.jpg,Fake,Fake,1.0,Clean,NA
F02349,fake_39207.jpg,Fake,Fake,1.0,Clean,NA
F00938,fake_21814.jpg,Fake,Fake,0.998047,Clean,NA
F02269,fake_38102.jpg,Fake,Fake,0.939941,Clean,NA
F02057,fake_34897.jpg,Fake,Fake,1.0,Clean,NA
F04009,fake_60668.jpg,Fake,Fake,1.0,Clean,NA
F00528,fake_16589.jpg,Fake,Real,0.0354,Clean,NA
F03402,fake_53173.jpg,Fake,Fake,0.993652,Clean,NA
F04968,fake_9627.jpg,Fake,Fake,1.0,Clean,NA
F02892,fake_4641.jpg,Fake,Fake,1.0,Clean,NA
F02894,fake_46436.jpg,Fake,Fake,0.999023,Clean,NA
F01933,fake_3342.jpg,Fake,Fake,1.0,Clean,NA
F04972,fake_9671.jpg,Fake,Fake,0.998047,Clean,NA
F04948,fake_9319.jpg,Fake,Fake,0.99707,Clean,NA
F03358,fake_52607.jpg,Fake,Fake,1.0,Clean,NA
F02445,fake_40701.jpg,Fake,Fake,1.0,Clean,NA
F04575,fake_67607.jpg,Fake,Fake,0.999512,Clean,NA
F01506,fake_2813.jpg,Fake,Fake,0.975586,Clean,NA
F04342,fake_64758.jpg,Fake,Fake,0.82666,Clean,NA
F01087,fake_23440.jpg,Fake,Fake,1.0,Clean,NA
F03577,fake_55346.jpg,Fake,Fake,1.0,Clean,NA
F00033,fake_10483.jpg,Fake,Fake,0.927246,Clean,NA
F04922,fake_8986.jpg,Fake,Fake,1.0,Clean,NA
F02860,fake_46.jpg,Fake,Fake,1.0,Clean,NA
F03492,fake_54325.jpg,Fake,Fake,0.937988,Clean,NA
F04344,fake_64762.jpg,Fake,Fake,0.965332,Clean,NA
F02838,fake_45771.jpg,Fake,Fake,1.0,Clean,NA
F01505,fake_28127.jpg,Fake,Real,0.000328,Clean,NA
F03089,fake_49060.jpg,Fake,Fake,0.999023,Clean,NA
F00990,fake_2241.jpg,Fake,Fake,1.0,Clean,NA
F01956,fake_33656.jpg,Fake,Fake,1.0,Clean,NA
F03002,fake_47798.jpg,Fake,Fake,1.0,Clean,NA
F01078,fake_23313.jpg,Fake,Fake,0.992676,Clean,NA
F01258,fake_252.jpg,Fake,Fake,0.983887,Clean,NA
F00506,fake_16370.jpg,Fake,Fake,0.999512,Clean,NA
F04147,fake_62400.jpg,Fake,Fake,1.0,Clean,NA
F02793,fake_45343.jpg,Fake,Fake,1.0,Clean,NA
F02669,fake_43718.jpg,Fake,Fake,1.0,Clean,NA
F03334,fake_52337.jpg,Fake,Fake,0.95752,Clean,NA
F00816,fake_20380.jpg,Fake,Fake,0.990723,Clean,NA
F03354,fake_52550.jpg,Fake,Fake,1.0,Clean,NA
F03211,fake_50531.jpg,Fake,Fake,1.0,Clean,NA
F02327,fake_38926.jpg,Fake,Fake,1.0,Clean,NA
F03071,fake_48772.jpg,Fake,Fake,1.0,Clean,NA
F02260,fake_3797.jpg,Fake,Fake,0.668457,Clean,NA
F00213,fake_12570.jpg,Fake,Fake,1.0,Clean,NA
F02002,fake_34227.jpg,Fake,Fake,0.994141,Clean,NA
F03754,fake_57633.jpg,Fake,Fake,0.921875,Clean,NA
F03660,fake_56352.jpg,Fake,Real,0.0009,Clean,NA
F02518,fake_41777.jpg,Fake,Fake,1.0,Clean,NA
F01935,fake_33432.jpg,Fake,Fake,0.988281,Clean,NA
F04704,fake_68961.jpg,Fake,Fake,0.995605,Clean,NA
F04493,fake_66534.jpg,Fake,Fake,0.932129,Clean,NA
F01443,fake_27389.jpg,Fake,Fake,1.0,Clean,NA
F01675,fake_30310.jpg,Fake,Fake,1.0,Clean,NA
F04539,fake_67156.jpg,Fake,Fake,1.0,Clean,NA
F01418,fake_2711.jpg,Fake,Real,0.051178,Clean,NA
F02444,fake_40695.jpg,Fake,Fake,1.0,Clean,NA
F04504,fake_66709.jpg,Fake,Fake,0.992188,Clean,NA
F00449,fake_1564.jpg,Fake,Fake,0.996582,Clean,NA
F01785,fake_31545.jpg,Fake,Fake,1.0,Clean,NA
F04722,fake_69226.jpg,Fake,Fake,0.999512,Clean,NA
F04871,fake_8306.jpg,Fake,Fake,0.970215,Clean,NA
F04399,fake_65505.jpg,Fake,Fake,0.968262,Clean,NA
F00166,fake_11933.jpg,Fake,Fake,1.0,Clean,NA
F00842,fake_20677.jpg,Fake,Fake,1.0,Clean,NA
F00916,fake_21565.jpg,Fake,Fake,1.0,Clean,NA
F04614,fake_68003.jpg,Fake,Fake,0.991699,Clean,NA
F02745,fake_44717.jpg,Fake,Fake,1.0,Clean,NA
F01771,fake_31330.jpg,Fake,Fake,0.97998,Clean,NA
F02613,fake_43091.jpg,Fake,Fake,1.0,Clean,NA
F04219,fake_63361.jpg,Fake,Fake,1.0,Clean,NA
F03784,fake_58018.jpg,Fake,Fake,1.0,Clean,NA
F04289,fake_64116.jpg,Fake,Fake,1.0,Clean,NA
F04159,fake_62522.jpg,Fake,Fake,0.973633,Clean,NA
F02117,fake_3576.jpg,Fake,Fake,0.99707,Clean,NA
F03518,fake_5464.jpg,Fake,Fake,0.99707,Clean,NA
F01557,fake_2890.jpg,Fake,Fake,0.958008,Clean,NA
F04604,fake_67923.jpg,Fake,Fake,0.818359,Clean,NA
F00020,fake_10285.jpg,Fake,Fake,1.0,Clean,NA
F04978,fake_9770.jpg,Fake,Fake,0.998047,Clean,NA
F02914,fake_46752.jpg,Fake,Fake,1.0,Clean,NA
F00238,fake_12912.jpg,Fake,Fake,0.980957,Clean,NA
F03045,fake_48450.jpg,Fake,Fake,1.0,Clean,NA
F04833,fake_7739.jpg,Fake,Fake,0.999512,Clean,NA
F01974,fake_33851.jpg,Fake,Fake,0.999512,Clean,NA
F04353,fake_64881.jpg,Fake,Fake,0.996582,Clean,NA
F00498,fake_16264.jpg,Fake,Fake,1.0,Clean,NA
F04241,fake_63558.jpg,Fake,Real,0.207397,Clean,NA
F03127,fake_49511.jpg,Fake,Fake,1.0,Clean,NA
F00038,fake_10507.jpg,Fake,Fake,1.0,Clean,NA
F04260,fake_63723.jpg,Fake,Fake,1.0,Clean,NA
F03296,fake_51793.jpg,Fake,Fake,0.873535,Clean,NA
F01222,fake_24807.jpg,Fake,Fake,0.998047,Clean,NA
F01877,fake_32670.jpg,Fake,Real,0.335938,Clean,NA
F02229,fake_37569.jpg,Fake,Fake,1.0,Clean,NA
F03145,fake_49756.jpg,Fake,Fake,1.0,Clean,NA
F00827,fake_2053.jpg,Fake,Fake,1.0,Clean,NA
F01343,fake_26301.jpg,Fake,Fake,1.0,Clean,NA
F00106,fake_11248.jpg,Fake,Fake,0.984863,Clean,NA
F01590,fake_29262.jpg,Fake,Fake,0.999512,Clean,NA
F01332,fake_26193.jpg,Fake,Fake,0.954102,Clean,NA
F00053,fake_10682.jpg,Fake,Fake,1.0,Clean,NA
F02168,fake_36486.jpg,Fake,Fake,0.999512,Clean,NA
F00584,fake_17455.jpg,Fake,Fake,0.998047,Clean,NA
F01484,fake_27822.jpg,Fake,Fake,0.998535,Clean,NA
F04326,fake_64555.jpg,Fake,Fake,0.999023,Clean,NA
F02028,fake_34547.jpg,Fake,Fake,0.874023,Clean,NA
F00749,fake_19730.jpg,Fake,Fake,1.0,Clean,NA
F02680,fake_43896.jpg,Fake,Fake,0.999512,Clean,NA
F03501,fake_54471.jpg,Fake,Fake,0.982422,Clean,NA
F02413,fake_40229.jpg,Fake,Fake,1.0,Clean,NA
F03771,fake_57855.jpg,Fake,Fake,1.0,Clean,NA
F01671,fake_3024.jpg,Fake,Fake,1.0,Clean,NA
F02871,fake_4616.jpg,Fake,Fake,1.0,Clean,NA
F00171,fake_12046.jpg,Fake,Fake,0.999512,Clean,NA
F01613,fake_29592.jpg,Fake,Fake,0.875,Clean,NA
F00023,fake_10360.jpg,Fake,Fake,1.0,Clean,NA
F04090,fake_61606.jpg,Fake,Fake,1.0,Clean,NA
F00486,fake_16180.jpg,Fake,Real,0.012772,Clean,NA
F03753,fake_57581.jpg,Fake,Fake,1.0,Clean,NA
F02271,fake_3813.jpg,Fake,Fake,1.0,Clean,NA
F01945,fake_33531.jpg,Fake,Fake,1.0,Clean,NA
F01635,fake_29850.jpg,Fake,Real,0.397217,Clean,NA
F04218,fake_63327.jpg,Fake,Fake,0.998047,Clean,NA
F03128,fake_49526.jpg,Fake,Fake,0.999512,Clean,NA
F01202,fake_24620.jpg,Fake,Fake,0.584961,Clean,NA
F01702,fake_3068.jpg,Fake,Fake,1.0,Clean,NA
F03462,fake_54014.jpg,Fake,Fake,0.999512,Clean,NA
F00666,fake_18497.jpg,Fake,Fake,0.995605,Clean,NA
F00149,fake_11692.jpg,Fake,Fake,0.99707,Clean,NA
F03317,fake_52060.jpg,Fake,Fake,0.996094,Clean,NA
F03429,fake_53552.jpg,Fake,Fake,0.999023,Clean,NA
F03867,fake_59170.jpg,Fake,Fake,0.999512,Clean,NA
F00028,fake_10420.jpg,Fake,Fake,0.998535,Clean,NA
F00193,fake_1233.jpg,Fake,Fake,1.0,Clean,NA
F00746,fake_19699.jpg,Fake,Fake,0.999512,Clean,NA
F03657,fake_56332.jpg,Fake,Fake,0.746094,Clean,NA
F04211,fake_63249.jpg,Fake,Fake,1.0,Clean,NA
F03206,fake_50468.jpg,Fake,Fake,1.0,Clean,NA
F04824,fake_7594.jpg,Fake,Fake,1.0,Clean,NA
F04176,fake_62663.jpg,Fake,Fake,0.996582,Clean,NA
F00090,fake_11116.jpg,Fake,Fake,1.0,Clean,NA
F04475,fake_66281.jpg,Fake,Fake,0.999512,Clean,NA
F04336,fake_64692.jpg,Fake,Fake,0.997559,Clean,NA
F04811,fake_7472.jpg,Fake,Fake,0.996094,Clean,NA
F01920,fake_33203.jpg,Fake,Fake,1.0,Clean,NA
F00989,fake_22409.jpg,Fake,Fake,0.947754,Clean,NA
F01665,fake_30192.jpg,Fake,Fake,1.0,Clean,NA
F02677,fake_43854.jpg,Fake,Fake,1.0,Clean,NA
F04324,fake_64547.jpg,Fake,Fake,0.661133,Clean,NA
F03102,fake_49247.jpg,Fake,Fake,1.0,Clean,NA
F04403,fake_65525.jpg,Fake,Fake,0.996582,Clean,NA
F02298,fake_38493.jpg,Fake,Fake,1.0,Clean,NA
F03847,fake_5891.jpg,Fake,Fake,0.997559,Clean,NA
F03850,fake_58946.jpg,Fake,Fake,1.0,Clean,NA
F03694,fake_56789.jpg,Fake,Fake,0.999512,Clean,NA
F00872,fake_21035.jpg,Fake,Fake,1.0,Clean,NA
F04553,fake_67355.jpg,Fake,Fake,1.0,Clean,NA
F01855,fake_32394.jpg,Fake,Fake,0.999023,Clean,NA
F02318,fake_38846.jpg,Fake,Fake,1.0,Clean,NA
F04284,fake_64069.jpg,Fake,Fake,0.999512,Clean,NA
F01303,fake_25747.jpg,Fake,Fake,1.0,Clean,NA
F03870,fake_59184.jpg,Fake,Fake,0.999512,Clean,NA
F00548,fake_1690.jpg,Fake,Fake,1.0,Clean,NA
F04542,fake_67199.jpg,Fake,Fake,1.0,Clean,NA
F03730,fake_57294.jpg,Fake,Fake,0.999023,Clean,NA
F01756,fake_31220.jpg,Fake,Fake,1.0,Clean,NA
F03797,fake_58249.jpg,Fake,Real,0.00097,Clean,NA
F01299,fake_25683.jpg,Fake,Fake,0.990234,Clean,NA
F00081,fake_10992.jpg,Fake,Fake,0.995605,Clean,NA
F03001,fake_47777.jpg,Fake,Fake,0.996094,Clean,NA
F03471,fake_54110.jpg,Fake,Fake,0.991699,Clean,NA
F00192,fake_12326.jpg,Fake,Fake,0.996582,Clean,NA
F03040,fake_48370.jpg,Fake,Fake,1.0,Clean,NA
F03729,fake_57284.jpg,Fake,Fake,0.995605,Clean,NA
F01544,fake_28660.jpg,Fake,Fake,1.0,Clean,NA
F03910,fake_5969.jpg,Fake,Fake,1.0,Clean,NA
F01909,fake_33010.jpg,Fake,Fake,1.0,Clean,NA
F02114,fake_357.jpg,Fake,Fake,1.0,Clean,NA
F04892,fake_8570.jpg,Fake,Fake,1.0,Clean,NA
F02874,fake_4623.jpg,Fake,Fake,1.0,Clean,NA
F00305,fake_1378.jpg,Fake,Fake,0.997559,Clean,NA
F04541,fake_67183.jpg,Fake,Fake,0.997559,Clean,NA
F04060,fake_61280.jpg,Fake,Fake,1.0,Clean,NA
F03441,fake_53694.jpg,Fake,Fake,1.0,Clean,NA
F00763,fake_1986.jpg,Fake,Fake,0.992188,Clean,NA
F02406,fake_40108.jpg,Fake,Fake,1.0,Clean,NA
F03044,fake_48439.jpg,Fake,Fake,1.0,Clean,NA
F01015,fake_22685.jpg,Fake,Fake,1.0,Clean,NA
F00474,fake_16081.jpg,Fake,Fake,0.987793,Clean,NA
F00678,fake_1877.jpg,Fake,Fake,0.999512,Clean,NA
F00117,fake_11365.jpg,Fake,Fake,1.0,Clean,NA
F02831,fake_45711.jpg,Fake,Fake,1.0,Clean,NA
F01551,fake_28777.jpg,Fake,Fake,0.999023,Clean,NA
F02222,fake_37468.jpg,Fake,Fake,0.997559,Clean,NA
F04754,fake_69542.jpg,Fake,Fake,1.0,Clean,NA
F00261,fake_13265.jpg,Fake,Fake,1.0,Clean,NA
F00364,fake_14607.jpg,Fake,Fake,1.0,Clean,NA
F03362,fake_5263.jpg,Fake,Fake,0.983887,Clean,NA
F00767,fake_19903.jpg,Fake,Fake,0.945801,Clean,NA
F04792,fake_7198.jpg,Fake,Fake,1.0,Clean,NA
F00677,fake_18726.jpg,Fake,Fake,0.820312,Clean,NA
F03646,fake_56167.jpg,Fake,Fake,0.79248,Clean,NA
F03082,fake_48859.jpg,Fake,Fake,1.0,Clean,NA
F02938,fake_46990.jpg,Fake,Fake,0.999512,Clean,NA
F02346,fake_39184.jpg,Fake,Fake,0.999512,Clean,NA
F03542,fake_550.jpg,Fake,Fake,0.969238,Clean,NA
F00111,fake_11282.jpg,Fake,Fake,0.998535,Clean,NA
F03490,fake_54312.jpg,Fake,Fake,0.942871,Clean,NA
F04806,fake_7426.jpg,Fake,Fake,0.998047,Clean,NA
F01681,fake_30440.jpg,Fake,Fake,1.0,Clean,NA
F00565,fake_17156.jpg,Fake,Fake,1.0,Clean,NA
F02636,fake_43317.jpg,Fake,Fake,0.972168,Clean,NA
F04506,fake_66752.jpg,Fake,Fake,1.0,Clean,NA
F02035,fake_34662.jpg,Fake,Fake,0.997559,Clean,NA
F02396,fake_39920.jpg,Fake,Fake,1.0,Clean,NA
F03062,fake_48640.jpg,Fake,Fake,0.991211,Clean,NA
F01814,fake_3194.jpg,Fake,Fake,0.992188,Clean,NA
F00776,fake_19995.jpg,Fake,Fake,1.0,Clean,NA
F01691,fake_30556.jpg,Fake,Fake,0.998535,Clean,NA
F01242,fake_25029.jpg,Fake,Fake,0.999023,Clean,NA
F04802,fake_7342.jpg,Fake,Fake,0.999512,Clean,NA
F02747,fake_44746.jpg,Fake,Fake,0.999023,Clean,NA
F00490,fake_16193.jpg,Fake,Fake,1.0,Clean,NA
F00082,fake_10997.jpg,Fake,Fake,1.0,Clean,NA
F03507,fake_54524.jpg,Fake,Fake,0.991211,Clean,NA
F03205,fake_50447.jpg,Fake,Fake,1.0,Clean,NA
F03549,fake_55069.jpg,Fake,Fake,0.992676,Clean,NA
F00086,fake_11074.jpg,Fake,Fake,1.0,Clean,NA
F04561,fake_67410.jpg,Fake,Fake,1.0,Clean,NA
F04143,fake_62370.jpg,Fake,Fake,0.98291,Clean,NA
F03763,fake_57721.jpg,Fake,Fake,0.999512,Clean,NA
F02798,fake_45406.jpg,Fake,Fake,1.0,Clean,NA
F04966,fake_9593.jpg,Fake,Fake,0.981445,Clean,NA
F04904,fake_8727.jpg,Fake,Fake,1.0,Clean,NA
F03184,fake_5019.jpg,Fake,Fake,0.999512,Clean,NA
F04592,fake_67812.jpg,Fake,Fake,1.0,Clean,NA
F02475,fake_41144.jpg,Fake,Fake,0.98877,Clean,NA
F04096,fake_6168.jpg,Fake,Fake,0.999512,Clean,NA
F02611,fake_4307.jpg,Fake,Fake,1.0,Clean,NA
F02948,fake_47094.jpg,Fake,Fake,1.0,Clean,NA
F04014,fake_60760.jpg,Fake,Fake,0.999512,Clean,NA
F01254,fake_25137.jpg,Fake,Fake,0.987305,Clean,NA
F04876,fake_8345.jpg,Fake,Fake,0.991211,Clean,NA
F04271,fake_63899.jpg,Fake,Fake,0.986816,Clean,NA
F02932,fake_46952.jpg,Fake,Fake,1.0,Clean,NA
F03220,fake_50701.jpg,Fake,Fake,1.0,Clean,NA
F01597,fake_29362.jpg,Fake,Fake,0.996094,Clean,NA
F00191,fake_12321.jpg,Fake,Fake,1.0,Clean,NA
F00629,fake_17968.jpg,Fake,Fake,1.0,Clean,NA
F02009,fake_34285.jpg,Fake,Fake,1.0,Clean,NA
F03829,fake_58732.jpg,Fake,Real,2e-06,Clean,NA
F02065,fake_34996.jpg,Fake,Fake,0.989746,Clean,NA
F02638,fake_43376.jpg,Fake,Fake,1.0,Clean,NA
F03318,fake_52069.jpg,Fake,Fake,0.996582,Clean,NA
F04209,fake_63197.jpg,Fake,Fake,0.942871,Clean,NA
F00918,fake_21588.jpg,Fake,Fake,0.989258,Clean,NA
F04831,fake_7720.jpg,Fake,Fake,0.970215,Clean,NA
F01624,fake_29743.jpg,Fake,Fake,1.0,Clean,NA
F04204,fake_63130.jpg,Fake,Fake,0.993652,Clean,NA
F02591,fake_42783.jpg,Fake,Fake,1.0,Clean,NA
F02464,fake_40984.jpg,Fake,Fake,1.0,Clean,NA
F04163,fake_62578.jpg,Fake,Fake,0.999512,Clean,NA
F01788,fake_31597.jpg,Fake,Fake,0.788086,Clean,NA
F04807,fake_7451.jpg,Fake,Fake,1.0,Clean,NA
F03078,fake_48837.jpg,Fake,Real,0.304199,Clean,NA
F03469,fake_54101.jpg,Fake,Fake,0.979004,Clean,NA
F01531,fake_28436.jpg,Fake,Fake,0.854492,Clean,NA
F04583,fake_67680.jpg,Fake,Fake,0.945801,Clean,NA
F03642,fake_56133.jpg,Fake,Fake,0.980957,Clean,NA
F02201,fake_37094.jpg,Fake,Fake,0.976074,Clean,NA
F00318,fake_13900.jpg,Fake,Fake,1.0,Clean,NA
F01080,fake_23346.jpg,Fake,Fake,1.0,Clean,NA
F00443,fake_1558.jpg,Fake,Fake,1.0,Clean,NA
F00861,fake_20941.jpg,Fake,Fake,1.0,Clean,NA
F04108,fake_61911.jpg,Fake,Fake,0.992188,Clean,NA
F01082,fake_23371.jpg,Fake,Fake,0.999512,Clean,NA
F02839,fake_4579.jpg,Fake,Fake,0.999512,Clean,NA
F03788,fake_58068.jpg,Fake,Fake,1.0,Clean,NA
F01700,fake_30659.jpg,Fake,Fake,0.966309,Clean,NA
F04430,fake_65893.jpg,Fake,Real,0.163574,Clean,NA
F03058,fake_48607.jpg,Fake,Fake,1.0,Clean,NA
F00984,fake_22328.jpg,Fake,Fake,0.999512,Clean,NA
F00413,fake_15206.jpg,Fake,Fake,1.0,Clean,NA
F01831,fake_32169.jpg,Fake,Fake,1.0,Clean,NA
F04659,fake_68487.jpg,Fake,Fake,1.0,Clean,NA
F03227,fake_50888.jpg,Fake,Fake,1.0,Clean,NA
F04064,fake_61336.jpg,Fake,Fake,1.0,Clean,NA
F02849,fake_45923.jpg,Fake,Fake,1.0,Clean,NA
F01186,fake_24501.jpg,Fake,Fake,0.999023,Clean,NA
F01100,fake_23585.jpg,Fake,Fake,1.0,Clean,NA
F00790,fake_2012.jpg,Fake,Fake,0.989746,Clean,NA
F04359,fake_64955.jpg,Fake,Fake,1.0,Clean,NA
F01081,fake_23354.jpg,Fake,Fake,1.0,Clean,NA
F02610,fake_43046.jpg,Fake,Fake,0.757324,Clean,NA
F01843,fake_32283.jpg,Fake,Fake,1.0,Clean,NA
F00095,fake_11144.jpg,Fake,Fake,1.0,Clean,NA
F01271,fake_25343.jpg,Fake,Fake,1.0,Clean,NA
F03059,fake_48611.jpg,Fake,Real,0.010948,Clean,NA
F04150,fake_62433.jpg,Fake,Fake,1.0,Clean,NA
F04886,fake_8512.jpg,Fake,Fake,0.963379,Clean,NA
F03435,fake_53605.jpg,Fake,Fake,0.969727,Clean,NA
F01127,fake_23859.jpg,Fake,Fake,0.998047,Clean,NA
F04035,fake_60982.jpg,Fake,Fake,1.0,Clean,NA
F02019,fake_34433.jpg,Fake,Fake,1.0,Clean,NA
F04930,fake_9102.jpg,Fake,Fake,1.0,Clean,NA
F00660,fake_18400.jpg,Fake,Fake,0.999512,Clean,NA
F02916,fake_46763.jpg,Fake,Fake,1.0,Clean,NA
F00050,fake_10629.jpg,Fake,Fake,1.0,Clean,NA
F02635,fake_43310.jpg,Fake,Fake,1.0,Clean,NA
F01511,fake_2818.jpg,Fake,Fake,0.994629,Clean,NA
F01395,fake_26886.jpg,Fake,Fake,1.0,Clean,NA
F00817,fake_2043.jpg,Fake,Fake,1.0,Clean,NA
F04195,fake_63001.jpg,Fake,Fake,1.0,Clean,NA
F00750,fake_19735.jpg,Fake,Fake,0.999023,Clean,NA
F02840,fake_45817.jpg,Fake,Fake,0.999512,Clean,NA
F03863,fake_5910.jpg,Fake,Fake,1.0,Clean,NA
F04645,fake_68343.jpg,Fake,Fake,0.991699,Clean,NA
F01649,fake_30073.jpg,Fake,Fake,0.998047,Clean,NA
F02632,fake_4329.jpg,Fake,Fake,1.0,Clean,NA
F02603,fake_4296.jpg,Fake,Fake,0.999512,Clean,NA
F02243,fake_37777.jpg,Fake,Fake,0.988281,Clean,NA
F02516,fake_41764.jpg,Fake,Fake,1.0,Clean,NA
F04154,fake_62482.jpg,Fake,Fake,0.989746,Clean,NA
F01667,fake_30200.jpg,Fake,Fake,0.958008,Clean,NA
F04256,fake_63675.jpg,Fake,Fake,1.0,Clean,NA
F04894,fake_8614.jpg,Fake,Fake,0.999512,Clean,NA
F03791,fake_58171.jpg,Fake,Fake,1.0,Clean,NA
F02320,fake_3887.jpg,Fake,Fake,0.98584,Clean,NA
F00725,fake_19364.jpg,Fake,Fake,1.0,Clean,NA
F03176,fake_50111.jpg,Fake,Fake,1.0,Clean,NA
F00472,fake_16074.jpg,Fake,Fake,0.992676,Clean,NA
F01554,fake_28872.jpg,Fake,Fake,0.990234,Clean,NA
F02308,fake_38619.jpg,Fake,Fake,1.0,Clean,NA
F01300,fake_25710.jpg,Fake,Fake,0.999023,Clean,NA
F02937,fake_4697.jpg,Fake,Fake,1.0,Clean,NA
F00858,fake_20906.jpg,Fake,Fake,1.0,Clean,NA
F04468,fake_66184.jpg,Fake,Fake,0.771973,Clean,NA
F04731,fake_69306.jpg,Fake,Fake,0.812012,Clean,NA
F03327,fake_52214.jpg,Fake,Fake,1.0,Clean,NA
F00404,fake_15148.jpg,Fake,Fake,0.999512,Clean,NA
F00125,fake_11446.jpg,Fake,Fake,0.999512,Clean,NA
F04652,fake_68410.jpg,Fake,Fake,0.63916,Clean,NA
F03534,fake_54892.jpg,Fake,Real,0.489014,Clean,NA
F02162,fake_36423.jpg,Fake,Fake,0.994629,Clean,NA
F04319,fake_64470.jpg,Fake,Fake,0.977051,Clean,NA
F03834,fake_5877.jpg,Fake,Fake,1.0,Clean,NA
F02042,fake_34739.jpg,Fake,Fake,1.0,Clean,NA
F02470,fake_41102.jpg,Fake,Fake,1.0,Clean,NA
F00511,fake_16407.jpg,Fake,Real,0.457031,Clean,NA
F03416,fake_53425.jpg,Fake,Fake,1.0,Clean,NA
F04805,fake_7370.jpg,Fake,Fake,0.950684,Clean,NA
F02359,fake_39367.jpg,Fake,Fake,0.997559,Clean,NA
F03818,fake_58591.jpg,Fake,Fake,0.966797,Clean,NA
F02392,fake_39856.jpg,Fake,Fake,1.0,Clean,NA
F02030,fake_34562.jpg,Fake,Fake,0.999023,Clean,NA
F01978,fake_33927.jpg,Fake,Fake,0.999512,Clean,NA
F03208,fake_50491.jpg,Fake,Fake,1.0,Clean,NA
F00005,fake_10072.jpg,Fake,Fake,1.0,Clean,NA
F01758,fake_31230.jpg,Fake,Fake,1.0,Clean,NA
F02402,fake_40021.jpg,Fake,Fake,0.97168,Clean,NA
F04762,fake_69663.jpg,Fake,Fake,0.999512,Clean,NA
F03975,fake_60352.jpg,Fake,Fake,1.0,Clean,NA
F03092,fake_49076.jpg,Fake,Fake,0.996094,Clean,NA
F01722,fake_30861.jpg,Fake,Fake,1.0,Clean,NA
F02289,fake_38326.jpg,Fake,Fake,1.0,Clean,NA
F02751,fake_44778.jpg,Fake,Fake,1.0,Clean,NA
F01614,fake_29595.jpg,Fake,Fake,1.0,Clean,NA
F01184,fake_24479.jpg,Fake,Fake,1.0,Clean,NA
F01591,fake_29263.jpg,Fake,Fake,0.999512,Clean,NA
F02006,fake_34275.jpg,Fake,Real,0.433594,Clean,NA
F01153,fake_24140.jpg,Fake,Fake,1.0,Clean,NA
F02809,fake_45513.jpg,Fake,Fake,0.999023,Clean,NA
F04835,fake_7793.jpg,Fake,Real,0.254883,Clean,NA
F02659,fake_43562.jpg,Fake,Fake,1.0,Clean,NA
F00096,fake_1116.jpg,Fake,Fake,1.0,Clean,NA
F02089,fake_35254.jpg,Fake,Fake,0.974121,Clean,NA
F00127,fake_11462.jpg,Fake,Fake,1.0,Clean,NA
F03826,fake_58710.jpg,Fake,Fake,0.964844,Clean,NA
F00888,fake_21282.jpg,Fake,Fake,1.0,Clean,NA
F02292,fake_3837.jpg,Fake,Fake,1.0,Clean,NA
F01039,fake_22938.jpg,Fake,Fake,1.0,Clean,NA
F02329,fake_38933.jpg,Fake,Fake,0.998535,Clean,NA
F03415,fake_534.jpg,Fake,Fake,0.991211,Clean,NA
F03105,fake_49269.jpg,Fake,Fake,0.986816,Clean,NA
F02814,fake_45560.jpg,Fake,Fake,0.997559,Clean,NA
F00575,fake_17333.jpg,Fake,Fake,0.99707,Clean,NA
F03433,fake_53600.jpg,Fake,Fake,1.0,Clean,NA
F02306,fake_3859.jpg,Fake,Real,0.039703,Clean,NA
F01711,fake_30757.jpg,Fake,Fake,1.0,Clean,NA
F01350,fake_26385.jpg,Fake,Fake,1.0,Clean,NA
F03249,fake_51155.jpg,Fake,Fake,0.998535,Clean,NA
F03119,fake_49431.jpg,Fake,Fake,0.918457,Clean,NA
F02992,fake_47676.jpg,Fake,Fake,1.0,Clean,NA
F03540,fake_54992.jpg,Fake,Fake,1.0,Clean,NA
F04144,fake_62372.jpg,Fake,Fake,1.0,Clean,NA
F03983,fake_60414.jpg,Fake,Fake,0.999023,Clean,NA
F02123,fake_35820.jpg,Fake,Real,0.073425,Clean,NA
F02024,fake_34470.jpg,Fake,Fake,0.986816,Clean,NA
F02282,fake_38261.jpg,Fake,Fake,1.0,Clean,NA
F01441,fake_27382.jpg,Fake,Fake,1.0,Clean,NA
F04264,fake_63781.jpg,Fake,Fake,0.999023,Clean,NA
F00236,fake_12835.jpg,Fake,Fake,1.0,Clean,NA
F04477,fake_66339.jpg,Fake,Fake,0.998047,Clean,NA
F04594,fake_67843.jpg,Fake,Fake,1.0,Clean,NA
F04895,fake_8615.jpg,Fake,Fake,1.0,Clean,NA
F04670,fake_68639.jpg,Fake,Fake,0.994141,Clean,NA
F00451,fake_1566.jpg,Fake,Fake,0.981445,Clean,NA
F04808,fake_7454.jpg,Fake,Fake,1.0,Clean,NA
F03011,fake_48003.jpg,Fake,Fake,0.998047,Clean,NA
F00674,fake_18677.jpg,Fake,Fake,1.0,Clean,NA
F04784,fake_701.jpg,Fake,Fake,0.99707,Clean,NA
F04472,fake_66246.jpg,Fake,Fake,0.999512,Clean,NA
F02174,fake_36613.jpg,Fake,Fake,0.765625,Clean,NA
F04081,fake_61465.jpg,Fake,Fake,0.999512,Clean,NA
F04929,fake_9098.jpg,Fake,Fake,1.0,Clean,NA
F00504,fake_16337.jpg,Fake,Fake,0.890625,Clean,NA
F02485,fake_41330.jpg,Fake,Fake,0.999512,Clean,NA
F01115,fake_23768.jpg,Fake,Fake,1.0,Clean,NA
F03528,fake_54842.jpg,Fake,Fake,1.0,Clean,NA
F00915,fake_21557.jpg,Fake,Fake,0.983887,Clean,NA
F01397,fake_26900.jpg,Fake,Fake,1.0,Clean,NA
F00997,fake_22493.jpg,Fake,Fake,1.0,Clean,NA
F01253,fake_25125.jpg,Fake,Fake,0.97168,Clean,NA
F03615,fake_55896.jpg,Fake,Fake,0.99707,Clean,NA
F00988,fake_22403.jpg,Fake,Fake,1.0,Clean,NA
F02999,fake_47769.jpg,Fake,Fake,0.996094,Clean,NA
F04956,fake_9473.jpg,Fake,Fake,0.998047,Clean,NA
F03670,fake_56496.jpg,Fake,Fake,0.999512,Clean,NA
F00270,fake_13352.jpg,Fake,Fake,0.986328,Clean,NA
F04135,fake_62205.jpg,Fake,Fake,0.99707,Clean,NA
F01109,fake_23694.jpg,Fake,Fake,0.998535,Clean,NA
F04515,fake_66865.jpg,Fake,Fake,0.999512,Clean,NA
F04225,fake_63401.jpg,Fake,Fake,0.969727,Clean,NA
F00949,fake_21934.jpg,Fake,Fake,0.843262,Clean,NA
F02988,fake_476.jpg,Fake,Fake,1.0,Clean,NA
F00766,fake_19899.jpg,Fake,Fake,1.0,Clean,NA
F01496,fake_28014.jpg,Fake,Fake,0.999512,Clean,NA
F04065,fake_61353.jpg,Fake,Fake,0.996094,Clean,NA
F02257,fake_37925.jpg,Fake,Fake,1.0,Clean,NA
F02171,fake_36548.jpg,Fake,Real,0.368652,Clean,NA
F01221,fake_24784.jpg,Fake,Fake,1.0,Clean,NA
F01347,fake_2635.jpg,Fake,Fake,1.0,Clean,NA
F01406,fake_2700.jpg,Fake,Fake,1.0,Clean,NA
F01774,fake_31391.jpg,Fake,Fake,1.0,Clean,NA
F01401,fake_26951.jpg,Fake,Fake,1.0,Clean,NA
F03034,fake_48293.jpg,Fake,Fake,1.0,Clean,NA
R04351,real_64598.jpg,Real,Real,0.012428,QF80,80
R04113,real_61817.jpg,Real,Real,0.000285,QF80,80
R04884,real_8487.jpg,Real,Real,0.0,QF80,80
R01665,real_31107.jpg,Real,Real,0.000573,QF80,80
R01757,real_32395.jpg,Real,Real,0.0,QF80,80
R03639,real_55818.jpg,Real,Real,0.002684,QF80,80
R04421,real_6560.jpg,Real,Real,0.0,QF80,80
R03637,real_55812.jpg,Real,Real,0.00018,QF80,80
R03035,real_48352.jpg,Real,Real,1.3e-05,QF80,80
R03516,real_54490.jpg,Real,Real,0.016159,QF80,80
R04758,real_69855.jpg,Real,Real,0.0,QF80,80
R01918,real_34729.jpg,Real,Real,0.021576,QF80,80
R00902,real_21779.jpg,Real,Real,0.000704,QF80,80
R01123,real_24384.jpg,Real,Real,0.0,QF80,80
R02689,real_44260.jpg,Real,Real,0.095154,QF80,80
R01961,real_35264.jpg,Real,Real,2e-06,QF80,80
R00835,real_20971.jpg,Real,Real,0.001926,QF80,80
R02395,real_40645.jpg,Real,Real,0.005688,QF80,80
R01304,real_26565.jpg,Real,Real,0.0,QF80,80
R00919,real_21928.jpg,Real,Real,0.00094,QF80,80
R00164,real_1230.jpg,Real,Real,1.3e-05,QF80,80
R04093,real_61605.jpg,Real,Real,0.0,QF80,80
R03317,real_52172.jpg,Real,Real,0.0,QF80,80
R00931,real_22078.jpg,Real,Real,0.008812,QF80,80
R00840,real_20985.jpg,Real,Real,0.00605,QF80,80
R04919,real_8856.jpg,Real,Real,0.0,QF80,80
R00294,real_1436.jpg,Real,Real,0.0,QF80,80
R02424,real_41019.jpg,Real,Real,0.073425,QF80,80
R02575,real_4281.jpg,Real,Real,0.000178,QF80,80
R00800,real_20633.jpg,Real,Real,0.005512,QF80,80
R04751,real_69799.jpg,Real,Real,0.001095,QF80,80
R01175,real_25208.jpg,Real,Real,0.000579,QF80,80
R01451,real_28339.jpg,Real,Real,1.8e-05,QF80,80
R02067,real_36503.jpg,Real,Real,9e-06,QF80,80
R00717,real_19507.jpg,Real,Real,0.001972,QF80,80
R02851,real_46222.jpg,Real,Real,0.000145,QF80,80
R01423,real_28098.jpg,Real,Real,1.5e-05,QF80,80
R04965,real_9578.jpg,Real,Real,0.008812,QF80,80
R04963,real_9561.jpg,Real,Real,0.0,QF80,80
R02688,real_4425.jpg,Real,Real,0.000182,QF80,80
R00544,real_17460.jpg,Real,Real,0.027527,QF80,80
R04902,real_8716.jpg,Real,Real,0.000133,QF80,80
R03812,real_58016.jpg,Real,Real,0.000555,QF80,80
R03686,real_56543.jpg,Real,Real,0.006096,QF80,80
R03910,real_59109.jpg,Real,Real,6.4e-05,QF80,80
R01878,real_34025.jpg,Real,Real,2.6e-05,QF80,80
R00731,real_19711.jpg,Real,Real,0.0,QF80,80
R04137,real_62142.jpg,Real,Real,0.002502,QF80,80
R01850,real_33672.jpg,Real,Real,1e-05,QF80,80
R01490,real_28800.jpg,Real,Real,0.0,QF80,80
R04465,real_66131.jpg,Real,Real,0.0,QF80,80
R03833,real_58270.jpg,Real,Real,2e-06,QF80,80
R01688,real_31397.jpg,Real,Real,0.0,QF80,80
R00226,real_13252.jpg,Real,Real,1e-06,QF80,80
R04781,real_7210.jpg,Real,Real,0.153198,QF80,80
R00377,real_15334.jpg,Real,Real,0.0,QF80,80
R01494,real_28839.jpg,Real,Real,2e-06,QF80,80
R04111,real_61792.jpg,Real,Real,0.00259,QF80,80
R03324,real_52254.jpg,Real,Real,0.00021,QF80,80
R02664,real_43899.jpg,Real,Real,0.0,QF80,80
R02342,real_39772.jpg,Real,Real,6.3e-05,QF80,80
R00970,real_22539.jpg,Real,Real,0.0,QF80,80
R02253,real_38765.jpg,Real,Real,0.00481,QF80,80
R03227,real_50831.jpg,Real,Real,0.000631,QF80,80
R04662,real_68670.jpg,Real,Real,0.000631,QF80,80
R03066,real_48872.jpg,Real,Real,0.0,QF80,80
R04247,real_63388.jpg,Real,Real,0.000232,QF80,80
R00222,real_13178.jpg,Real,Real,0.0,QF80,80
R03065,real_48842.jpg,Real,Real,0.030792,QF80,80
R01449,real_2833.jpg,Real,Real,0.039337,QF80,80
R03241,real_5104.jpg,Real,Real,1e-06,QF80,80
R03339,real_52376.jpg,Real,Real,1e-06,QF80,80
R03380,real_52781.jpg,Real,Real,0.0,QF80,80
R00033,real_10545.jpg,Real,Real,0.0,QF80,80
R01189,real_25417.jpg,Real,Real,0.000741,QF80,80
R01200,real_25541.jpg,Real,Real,0.084961,QF80,80
R01421,real_28068.jpg,Real,Real,1e-06,QF80,80
R02097,real_36889.jpg,Real,Real,0.0,QF80,80
R04892,real_8641.jpg,Real,Real,2.6e-05,QF80,80
R01240,real_25952.jpg,Real,Real,0.000355,QF80,80
R03488,real_54143.jpg,Real,Real,0.000181,QF80,80
R00048,real_10749.jpg,Real,Real,0.236572,QF80,80
R01611,real_30492.jpg,Real,Real,0.0,QF80,80
R01527,real_29318.jpg,Real,Real,0.0,QF80,80
R03773,real_5748.jpg,Real,Real,0.033966,QF80,80
R02822,real_4584.jpg,Real,Real,0.126343,QF80,80
R04732,real_69538.jpg,Real,Real,0.000823,QF80,80
R00203,real_12979.jpg,Real,Real,0.0,QF80,80
R01435,real_28206.jpg,Real,Real,1e-06,QF80,80
R02473,real_41534.jpg,Real,Real,2.7e-05,QF80,80
R02906,real_46946.jpg,Real,Real,4.8e-05,QF80,80
R01383,real_27640.jpg,Real,Real,0.003809,QF80,80
R04763,real_69894.jpg,Real,Real,0.000156,QF80,80
R00895,real_21697.jpg,Real,Real,4e-06,QF80,80
R00701,real_1932.jpg,Real,Real,0.021698,QF80,80
R01031,real_23333.jpg,Real,Real,0.0,QF80,80
R00147,real_12030.jpg,Real,Real,0.000391,QF80,80
R02392,real_4060.jpg,Real,Real,1e-06,QF80,80
R02293,real_39275.jpg,Real,Real,0.0,QF80,80
R01337,real_27055.jpg,Real,Real,3e-06,QF80,80
R01455,real_28412.jpg,Real,Real,2e-06,QF80,80
R01141,real_24704.jpg,Real,Real,0.0,QF80,80
R02058,real_3642.jpg,Real,Real,0.028061,QF80,80
R01799,real_32944.jpg,Real,Real,0.02475,QF80,80
R01124,real_24405.jpg,Real,Real,0.000108,QF80,80
R04222,real_63140.jpg,Real,Real,0.003483,QF80,80
R01747,real_32230.jpg,Real,Real,1e-06,QF80,80
R04991,real_9928.jpg,Real,Real,0.021088,QF80,80
R03626,real_55698.jpg,Real,Real,0.000617,QF80,80
R00295,real_14364.jpg,Real,Real,0.0,QF80,80
R01107,real_24186.jpg,Real,Real,0.0,QF80,80
R04895,real_8659.jpg,Real,Real,3e-05,QF80,80
R02994,real_4796.jpg,Real,Real,0.0,QF80,80
R03377,real_52732.jpg,Real,Real,2e-06,QF80,80
R01411,real_28002.jpg,Real,Real,8e-06,QF80,80
R04022,real_60638.jpg,Real,Real,0.000335,QF80,80
R04070,real_61273.jpg,Real,Real,3e-06,QF80,80
R03850,real_58510.jpg,Real,Real,0.0,QF80,80
R01759,real_3240.jpg,Real,Real,0.000641,QF80,80
R00419,real_15854.jpg,Real,Real,0.002924,QF80,80
R01409,real_27975.jpg,Real,Real,0.000263,QF80,80
R00185,real_12607.jpg,Real,Real,1.3e-05,QF80,80
R00964,real_22460.jpg,Real,Real,0.0,QF80,80
R04158,real_62362.jpg,Real,Real,0.088989,QF80,80
R01756,real_32393.jpg,Real,Real,0.094666,QF80,80
R03421,real_53354.jpg,Real,Real,0.000103,QF80,80
R04646,real_68387.jpg,Real,Real,0.0,QF80,80
R01125,real_24407.jpg,Real,Fake,0.558105,QF80,80
R02314,real_39466.jpg,Real,Real,0.003311,QF80,80
R01777,real_32627.jpg,Real,Real,0.0,QF80,80
R01657,real_31051.jpg,Real,Real,0.009743,QF80,80
R00031,real_10508.jpg,Real,Real,0.148315,QF80,80
R00777,real_20333.jpg,Real,Real,0.000579,QF80,80
R03105,real_49184.jpg,Real,Real,0.001116,QF80,80
R03948,real_59586.jpg,Real,Real,9.8e-05,QF80,80
R02469,real_41493.jpg,Real,Fake,0.711914,QF80,80
R02196,real_38140.jpg,Real,Real,0.013222,QF80,80
R01793,real_32823.jpg,Real,Real,0.0,QF80,80
R00118,real_11617.jpg,Real,Real,0.000303,QF80,80
R00432,real_15971.jpg,Real,Real,0.0,QF80,80
R00297,real_14397.jpg,Real,Real,0.001604,QF80,80
R04110,real_61780.jpg,Real,Real,1e-06,QF80,80
R01249,real_26053.jpg,Real,Real,5.6e-05,QF80,80
R03141,real_49810.jpg,Real,Real,0.0,QF80,80
R02075,real_36608.jpg,Real,Real,1e-05,QF80,80
R03537,real_54757.jpg,Real,Real,0.0,QF80,80
R04153,real_62300.jpg,Real,Real,0.000586,QF80,80
R00072,real_10990.jpg,Real,Real,0.003004,QF80,80
R02747,real_44918.jpg,Real,Real,0.0,QF80,80
R04837,real_7941.jpg,Real,Real,0.000157,QF80,80
R04882,real_8470.jpg,Real,Real,0.0,QF80,80
R03454,real_53771.jpg,Real,Real,0.001861,QF80,80
R01707,real_3170.jpg,Real,Real,0.0,QF80,80
R00795,real_20566.jpg,Real,Real,0.0,QF80,80
R01208,real_25594.jpg,Real,Real,0.006218,QF80,80
R04690,real_69035.jpg,Real,Real,1.9e-05,QF80,80
R02157,real_3766.jpg,Real,Real,0.029587,QF80,80
R02781,real_45373.jpg,Real,Real,0.212524,QF80,80
R02539,real_42385.jpg,Real,Real,6.3e-05,QF80,80
R03933,real_5944.jpg,Real,Real,0.005936,QF80,80
R03542,real_54810.jpg,Real,Real,0.0,QF80,80
R03189,real_50467.jpg,Real,Real,0.0,QF80,80
R02211,real_38293.jpg,Real,Real,0.000272,QF80,80
R01140,real_24699.jpg,Real,Real,0.0,QF80,80
R00089,real_11143.jpg,Real,Real,1e-05,QF80,80
R01021,real_23194.jpg,Real,Real,0.00073,QF80,80
R04322,real_6421.jpg,Real,Real,0.062805,QF80,80
R04453,real_65993.jpg,Real,Real,3e-05,QF80,80
R04058,real_61094.jpg,Real,Real,6e-06,QF80,80
R04399,real_65313.jpg,Real,Real,0.0,QF80,80
R02596,real_4305.jpg,Real,Real,1e-06,QF80,80
R03556,real_54910.jpg,Real,Real,5.5e-05,QF80,80
R01591,real_30149.jpg,Real,Real,6.9e-05,QF80,80
R04521,real_66870.jpg,Real,Real,0.000339,QF80,80
R01059,real_23584.jpg,Real,Real,9e-06,QF80,80
R00640,real_18693.jpg,Real,Real,0.000217,QF80,80
R03974,real_59927.jpg,Real,Real,0.0,QF80,80
R04101,real_61685.jpg,Real,Real,0.000732,QF80,80
R02685,real_44181.jpg,Real,Real,0.01001,QF80,80
R03960,real_59765.jpg,Real,Real,0.01001,QF80,80
R03247,real_51116.jpg,Real,Real,5e-06,QF80,80
R00252,real_13671.jpg,Real,Real,0.0,QF80,80
R04152,real_62274.jpg,Real,Real,0.088501,QF80,80
R02462,real_41435.jpg,Real,Real,0.0,QF80,80
R01202,real_25559.jpg,Real,Real,0.000188,QF80,80
R03162,real_50047.jpg,Real,Real,0.000229,QF80,80
R04588,real_67647.jpg,Real,Real,0.000229,QF80,80
R01535,real_29408.jpg,Real,Real,6e-06,QF80,80
R01359,real_27403.jpg,Real,Real,0.000193,QF80,80
R00474,real_16489.jpg,Real,Real,0.002174,QF80,80
R03824,real_58189.jpg,Real,Real,0.172119,QF80,80
R04761,real_69887.jpg,Real,Real,0.0,QF80,80
R00559,real_177.jpg,Real,Real,0.009972,QF80,80
R00888,real_21606.jpg,Real,Real,6.9e-05,QF80,80
R04823,real_7794.jpg,Real,Real,0.0,QF80,80
R03078,real_48993.jpg,Real,Real,0.150513,QF80,80
R02736,real_44824.jpg,Real,Real,2.9e-05,QF80,80
R01745,real_32216.jpg,Real,Real,0.005062,QF80,80
R02341,real_39771.jpg,Real,Real,6e-06,QF80,80
R04279,real_63711.jpg,Real,Real,0.000738,QF80,80
R01234,real_25890.jpg,Real,Real,0.001567,QF80,80
R04286,real_63850.jpg,Real,Real,0.026352,QF80,80
R01043,real_23446.jpg,Real,Real,4e-06,QF80,80
R01464,real_28566.jpg,Real,Real,0.000937,QF80,80
R00696,real_1930.jpg,Real,Real,2.1e-05,QF80,80
R02484,real_41678.jpg,Real,Real,0.0,QF80,80
R04216,real_63072.jpg,Real,Real,0.000341,QF80,80
R03115,real_4934.jpg,Real,Real,0.005161,QF80,80
R00041,real_10620.jpg,Real,Real,0.05603,QF80,80
R00016,real_10196.jpg,Real,Real,0.000276,QF80,80
R01579,real_29964.jpg,Real,Real,0.005219,QF80,80
R00917,real_21911.jpg,Real,Real,6e-06,QF80,80
R01655,real_30994.jpg,Real,Real,0.001585,QF80,80
R03651,real_55945.jpg,Real,Real,0.013588,QF80,80
R00043,real_10650.jpg,Real,Real,4e-06,QF80,80
R02172,real_37837.jpg,Real,Real,0.0006,QF80,80
R02961,real_47573.jpg,Real,Real,2.3e-05,QF80,80
R00893,real_21678.jpg,Real,Real,0.006004,QF80,80
R00876,real_21438.jpg,Real,Real,0.0,QF80,80
R04878,real_8448.jpg,Real,Real,0.00028,QF80,80
R00365,real_15164.jpg,Real,Real,0.000238,QF80,80
R02203,real_3822.jpg,Real,Real,0.0,QF80,80
R02938,real_47290.jpg,Real,Real,0.000294,QF80,80
R00856,real_21202.jpg,Real,Real,1.2e-05,QF80,80
R00338,real_14842.jpg,Real,Real,1e-06,QF80,80
R03968,real_59890.jpg,Real,Real,0.0,QF80,80
R03946,real_59560.jpg,Real,Real,5.4e-05,QF80,80
R01098,real_24082.jpg,Real,Real,0.0,QF80,80
R04068,real_61251.jpg,Real,Real,0.001543,QF80,80
R04752,real_69814.jpg,Real,Real,0.025665,QF80,80
R01504,real_28982.jpg,Real,Real,0.0,QF80,80
R00811,real_20719.jpg,Real,Real,0.001367,QF80,80
R01638,real_30733.jpg,Real,Real,0.0,QF80,80
R04501,real_6655.jpg,Real,Real,2e-06,QF80,80
R01041,real_23431.jpg,Real,Real,0.0,QF80,80
R03501,real_54289.jpg,Real,Real,5e-06,QF80,80
R03994,real_6025.jpg,Real,Real,0.0,QF80,80
R04179,real_62621.jpg,Real,Real,4.2e-05,QF80,80
R04017,real_606.jpg,Real,Real,0.0,QF80,80
R01109,real_24216.jpg,Real,Real,0.0,QF80,80
R04505,real_66615.jpg,Real,Real,0.014618,QF80,80
R03972,real_59913.jpg,Real,Real,0.0,QF80,80
R00166,real_12325.jpg,Real,Real,0.0,QF80,80
R03531,real_54710.jpg,Real,Real,3e-06,QF80,80
R00712,real_19461.jpg,Real,Real,0.062927,QF80,80
R01999,real_358.jpg,Real,Real,0.0,QF80,80
R04855,real_8127.jpg,Real,Real,0.274658,QF80,80
R03560,real_54945.jpg,Real,Fake,0.605469,QF80,80
R04584,real_67627.jpg,Real,Real,0.0,QF80,80
R04575,real_67522.jpg,Real,Real,0.0,QF80,80
R04982,real_9780.jpg,Real,Real,0.0,QF80,80
R04342,real_64461.jpg,Real,Real,0.004314,QF80,80
R03921,real_59294.jpg,Real,Real,9.9e-05,QF80,80
R04978,real_9702.jpg,Real,Real,4.6e-05,QF80,80
R02101,real_36943.jpg,Real,Real,0.000323,QF80,80
R03011,real_48132.jpg,Real,Real,6e-06,QF80,80
R03697,real_56666.jpg,Real,Real,0.311279,QF80,80
R01732,real_32053.jpg,Real,Real,0.001995,QF80,80
R04087,real_61513.jpg,Real,Real,2.2e-05,QF80,80
R04910,real_8804.jpg,Real,Real,0.034241,QF80,80
R04731,real_69534.jpg,Real,Real,0.0,QF80,80
R03003,real_48027.jpg,Real,Real,0.060303,QF80,80
R02788,real_45422.jpg,Real,Real,0.02774,QF80,80
R02248,real_3870.jpg,Real,Real,6e-05,QF80,80
R03500,real_54284.jpg,Real,Real,0.0,QF80,80
R02366,real_40183.jpg,Real,Real,0.011421,QF80,80
R01951,real_3513.jpg,Real,Real,0.016846,QF80,80
R00965,real_22485.jpg,Real,Real,0.0,QF80,80
R04714,real_69284.jpg,Real,Real,0.054291,QF80,80
R04283,real_63814.jpg,Real,Real,0.0,QF80,80
R03811,real_58.jpg,Real,Real,0.0,QF80,80
R00727,real_19663.jpg,Real,Real,0.0,QF80,80
R01469,real_28590.jpg,Real,Real,0.012291,QF80,80
R04909,real_8794.jpg,Real,Real,0.049866,QF80,80
R01583,real_30000.jpg,Real,Real,0.000117,QF80,80
R04109,real_6178.jpg,Real,Real,0.000119,QF80,80
R04128,real_62.jpg,Real,Real,0.000381,QF80,80
R00832,real_20938.jpg,Real,Real,0.0,QF80,80
R03009,real_48107.jpg,Real,Real,0.000398,QF80,80
R01894,real_34248.jpg,Real,Real,4e-06,QF80,80
R04754,real_69827.jpg,Real,Real,0.0,QF80,80
R04935,real_907.jpg,Real,Real,0.0,QF80,80
R01935,real_34915.jpg,Real,Real,3e-06,QF80,80
R02838,real_46.jpg,Real,Real,0.0,QF80,80
R03590,real_55242.jpg,Real,Real,0.0,QF80,80
R00312,real_14572.jpg,Real,Real,0.010651,QF80,80
R01991,real_35701.jpg,Real,Real,0.120361,QF80,80
R03729,real_56952.jpg,Real,Real,0.000866,QF80,80
R02122,real_37237.jpg,Real,Real,0.0,QF80,80
R01729,real_32034.jpg,Real,Real,5.3e-05,QF80,80
R01610,real_30489.jpg,Real,Real,0.000358,QF80,80
R00760,real_20105.jpg,Real,Real,0.002035,QF80,80
R03632,real_55715.jpg,Real,Real,7e-06,QF80,80
R02070,real_36523.jpg,Real,Real,0.044434,QF80,80
R04241,real_63322.jpg,Real,Fake,0.939941,QF80,80
R00102,real_11391.jpg,Real,Real,1e-06,QF80,80
R02099,real_36919.jpg,Real,Real,0.043701,QF80,80
R02980,real_47821.jpg,Real,Real,0.043701,QF80,80
R03818,real_58132.jpg,Real,Real,3.7e-05,QF80,80
R01743,real_32193.jpg,Real,Real,6.9e-05,QF80,80
R02658,real_43839.jpg,Real,Fake,0.996582,QF80,80
R02234,real_38582.jpg,Real,Real,0.0,QF80,80
R02734,real_44813.jpg,Real,Real,6.4e-05,QF80,80
R04268,real_63634.jpg,Real,Real,0.000933,QF80,80
R00801,real_20635.jpg,Real,Real,0.012054,QF80,80
R04141,real_62182.jpg,Real,Real,0.0,QF80,80
R01151,real_24888.jpg,Real,Real,0.0,QF80,80
R03879,real_58812.jpg,Real,Real,0.0,QF80,80
R03117,real_49347.jpg,Real,Real,0.0,QF80,80
R04711,real_69263.jpg,Real,Real,2.1e-05,QF80,80
R04416,real_65533.jpg,Real,Real,0.0,QF80,80
R04850,real_8073.jpg,Real,Real,0.047424,QF80,80
R03646,real_55873.jpg,Real,Real,0.004417,QF80,80
R00079,real_11075.jpg,Real,Real,0.000203,QF80,80
R01496,real_28870.jpg,Real,Real,0.020569,QF80,80
R02145,real_37464.jpg,Real,Real,0.337158,QF80,80
R03510,real_5443.jpg,Real,Real,5.6e-05,QF80,80
R04180,real_62636.jpg,Real,Real,3.3e-05,QF80,80
R01377,real_27580.jpg,Real,Real,0.003944,QF80,80
R02338,real_39714.jpg,Real,Real,0.0,QF80,80
R03095,real_4911.jpg,Real,Real,0.15686,QF80,80
R02771,real_45259.jpg,Real,Real,0.000789,QF80,80
R03226,real_50815.jpg,Real,Real,7.1e-05,QF80,80
R01997,real_35780.jpg,Real,Real,2e-06,QF80,80
R00775,real_20295.jpg,Real,Real,0.0,QF80,80
R02595,real_4301.jpg,Real,Real,0.103577,QF80,80
R03727,real_56933.jpg,Real,Real,1e-06,QF80,80
R04461,real_6609.jpg,Real,Real,1e-06,QF80,80
R04030,real_60711.jpg,Real,Real,0.002632,QF80,80
R02357,real_40044.jpg,Real,Real,0.0,QF80,80
R00588,real_18067.jpg,Real,Real,0.000138,QF80,80
R01460,real_28524.jpg,Real,Real,0.000138,QF80,80
R04454,real_6601.jpg,Real,Real,0.000123,QF80,80
R01839,real_33550.jpg,Real,Real,0.0,QF80,80
R02407,real_40803.jpg,Real,Real,0.0,QF80,80
R03408,real_53150.jpg,Real,Real,0.049683,QF80,80
R00730,real_19675.jpg,Real,Real,0.016983,QF80,80
R02041,real_36197.jpg,Real,Real,0.016663,QF80,80
R03713,real_56823.jpg,Real,Real,4e-06,QF80,80
R00676,real_19089.jpg,Real,Real,0.002726,QF80,80
R03546,real_54832.jpg,Real,Real,0.000117,QF80,80
R03211,real_50639.jpg,Real,Real,9e-06,QF80,80
R00833,real_20962.jpg,Real,Real,0.002388,QF80,80
R03229,real_50863.jpg,Real,Real,0.04184,QF80,80
R03217,real_50710.jpg,Real,Real,0.002035,QF80,80
R03628,real_557.jpg,Real,Real,0.00145,QF80,80
R03820,real_58158.jpg,Real,Real,0.002935,QF80,80
R00085,real_11110.jpg,Real,Real,0.0,QF80,80
R00097,real_11335.jpg,Real,Real,0.000403,QF80,80
R00484,real_16628.jpg,Real,Real,0.045776,QF80,80
R00394,real_15475.jpg,Real,Real,0.0,QF80,80
R00650,real_18768.jpg,Real,Real,0.0,QF80,80
R03831,real_58262.jpg,Real,Real,5e-06,QF80,80
R00389,real_15416.jpg,Real,Real,2e-06,QF80,80
R01090,real_23956.jpg,Real,Real,0.0,QF80,80
R00269,real_13857.jpg,Real,Real,0.0,QF80,80
R03714,real_56829.jpg,Real,Real,0.0,QF80,80
R00267,real_13848.jpg,Real,Real,0.000103,QF80,80
R00620,real_18420.jpg,Real,Real,0.0,QF80,80
R02445,real_41243.jpg,Real,Real,0.0,QF80,80
R03456,real_53788.jpg,Real,Real,0.019867,QF80,80
R01277,real_26315.jpg,Real,Real,0.132812,QF80,80
R03303,real_51907.jpg,Real,Real,7e-06,QF80,80
R01581,real_29991.jpg,Real,Real,0.0,QF80,80
R03055,real_48682.jpg,Real,Real,0.048309,QF80,80
R03358,real_52562.jpg,Real,Real,7e-06,QF80,80
R03023,real_48251.jpg,Real,Real,0.002165,QF80,80
R02467,real_41478.jpg,Real,Real,0.0,QF80,80
R00053,real_10777.jpg,Real,Real,0.000345,QF80,80
R03844,real_58457.jpg,Real,Real,0.000409,QF80,80
R04484,real_66352.jpg,Real,Real,0.002058,QF80,80
R01406,real_27940.jpg,Real,Real,1.1e-05,QF80,80
R02649,real_43746.jpg,Real,Real,0.001161,QF80,80
R02888,real_4676.jpg,Real,Real,0.001995,QF80,80
R02700,real_44378.jpg,Real,Real,1e-06,QF80,80
R00321,real_14655.jpg,Real,Real,3e-06,QF80,80
R04548,real_67163.jpg,Real,Real,0.184937,QF80,80
R01261,real_26183.jpg,Real,Real,0.0,QF80,80
R00552,real_17528.jpg,Real,Real,0.006439,QF80,80
R01614,real_30504.jpg,Real,Real,1.1e-05,QF80,80
R00428,real_15961.jpg,Real,Real,0.0,QF80,80
R00815,real_20748.jpg,Real,Real,0.0,QF80,80
R02799,real_45522.jpg,Real,Real,0.000144,QF80,80
R04228,real_63176.jpg,Real,Real,9.2e-05,QF80,80
R01656,real_3105.jpg,Real,Real,0.0,QF80,80
R01769,real_32479.jpg,Real,Real,0.0,QF80,80
R01292,real_26487.jpg,Real,Real,3e-06,QF80,80
R03293,real_51750.jpg,Real,Real,0.001235,QF80,80
R00450,real_16202.jpg,Real,Real,0.099121,QF80,80
R00197,real_12895.jpg,Real,Real,0.000338,QF80,80
R01671,real_31164.jpg,Real,Real,6.6e-05,QF80,80
R02209,real_38244.jpg,Real,Real,0.000199,QF80,80
R00724,real_19624.jpg,Real,Real,0.0,QF80,80
R04559,real_67287.jpg,Real,Real,0.0,QF80,80
R04115,real_6185.jpg,Real,Real,0.0,QF80,80
R04419,real_65560.jpg,Real,Real,0.003511,QF80,80
R02613,real_43348.jpg,Real,Real,0.0,QF80,80
R04318,real_64142.jpg,Real,Real,0.000813,QF80,80
R00862,real_21249.jpg,Real,Real,0.0,QF80,80
R00828,real_20843.jpg,Real,Real,0.0,QF80,80
R01080,real_23854.jpg,Real,Real,0.002035,QF80,80
R03737,real_57001.jpg,Real,Real,0.014503,QF80,80
R00392,real_15422.jpg,Real,Real,0.001592,QF80,80
R04223,real_63141.jpg,Real,Real,0.0,QF80,80
R00087,real_11128.jpg,Real,Real,2e-06,QF80,80
R00716,real_19502.jpg,Real,Real,0.021942,QF80,80
R04536,real_67.jpg,Real,Real,4.4e-05,QF80,80
R00826,real_20820.jpg,Real,Real,0.004963,QF80,80
R01397,real_27794.jpg,Real,Real,1e-06,QF80,80
R01029,real_23318.jpg,Real,Real,0.001889,QF80,80
R03367,real_52653.jpg,Real,Real,0.001356,QF80,80
R04693,real_69057.jpg,Real,Real,0.000721,QF80,80
R02110,real_37069.jpg,Real,Real,0.0,QF80,80
R04335,real_64379.jpg,Real,Real,2.4e-05,QF80,80
R02049,real_36291.jpg,Real,Real,2.2e-05,QF80,80
R01461,real_2853.jpg,Real,Real,4.4e-05,QF80,80
R01528,real_29323.jpg,Real,Real,0.004539,QF80,80
R02241,real_38646.jpg,Real,Fake,0.622559,QF80,80
R00042,real_10641.jpg,Real,Real,0.000432,QF80,80
R03739,real_57031.jpg,Real,Real,0.000298,QF80,80
R00473,real_1646.jpg,Real,Real,0.01178,QF80,80
R01231,real_25850.jpg,Real,Real,0.0,QF80,80
R03789,real_57702.jpg,Real,Real,0.357666,QF80,80
R00074,real_10997.jpg,Real,Real,0.0,QF80,80
R03570,real_5501.jpg,Real,Real,1.7e-05,QF80,80
R03439,real_53574.jpg,Real,Real,2e-06,QF80,80
R03238,real_50988.jpg,Real,Real,8e-06,QF80,80
R04379,real_6495.jpg,Real,Real,2e-06,QF80,80
R01904,real_34409.jpg,Real,Real,0.003824,QF80,80
R02801,real_45554.jpg,Real,Real,0.031921,QF80,80
R02548,real_42455.jpg,Real,Real,0.002522,QF80,80
R01067,real_2367.jpg,Real,Real,0.0,QF80,80
R02931,real_4721.jpg,Real,Real,0.0,QF80,80
R04324,real_64221.jpg,Real,Real,0.002287,QF80,80
R04537,real_670.jpg,Real,Real,0.0,QF80,80
R03243,real_5106.jpg,Real,Real,2e-06,QF80,80
R01601,real_30378.jpg,Real,Real,0.0,QF80,80
R00062,real_10903.jpg,Real,Real,0.000817,QF80,80
R00257,real_13734.jpg,Real,Real,0.000974,QF80,80
R04871,real_8373.jpg,Real,Real,0.000325,QF80,80
R01785,real_32731.jpg,Real,Real,0.0,QF80,80
R00037,real_10590.jpg,Real,Real,5.1e-05,QF80,80
R04602,real_67811.jpg,Real,Real,0.0,QF80,80
R00298,real_14404.jpg,Real,Real,0.0,QF80,80
R02812,real_45645.jpg,Real,Real,0.0,QF80,80
R04636,real_68262.jpg,Real,Real,2.2e-05,QF80,80
R03088,real_49061.jpg,Real,Real,0.001179,QF80,80
R01992,real_3571.jpg,Real,Real,0.000323,QF80,80
R04518,real_66839.jpg,Real,Real,2e-06,QF80,80
R00436,real_16031.jpg,Real,Real,0.000156,QF80,80
R03418,real_53303.jpg,Real,Real,0.000325,QF80,80
R04315,real_6411.jpg,Real,Real,0.0,QF80,80
R02692,real_44284.jpg,Real,Real,0.025375,QF80,80
R04046,real_60879.jpg,Real,Real,0.0,QF80,80
R01168,real_25125.jpg,Real,Real,6.8e-05,QF80,80
R01762,real_3242.jpg,Real,Real,0.0,QF80,80
R01691,real_31434.jpg,Real,Real,0.033325,QF80,80
R04550,real_67170.jpg,Real,Real,0.044922,QF80,80
R00776,real_20320.jpg,Real,Real,0.077637,QF80,80
R03930,real_59404.jpg,Real,Real,7e-06,QF80,80
R01063,real_23613.jpg,Real,Real,0.00358,QF80,80
R00115,real_11526.jpg,Real,Real,0.000117,QF80,80
R04095,real_61627.jpg,Real,Real,0.0,QF80,80
R03025,real_48263.jpg,Real,Real,0.0,QF80,80
R04303,real_63953.jpg,Real,Real,0.002947,QF80,80
R03160,real_49999.jpg,Real,Real,0.0,QF80,80
R00693,real_19288.jpg,Real,Real,0.0,QF80,80
R00957,real_2233.jpg,Real,Real,0.0,QF80,80
R02883,real_46679.jpg,Real,Real,0.322021,QF80,80
R00742,real_19911.jpg,Real,Real,0.000225,QF80,80
R01130,real_24526.jpg,Real,Real,3e-05,QF80,80
R02787,real_45418.jpg,Real,Real,0.00057,QF80,80
R00493,real_16795.jpg,Real,Real,0.046204,QF80,80
R01934,real_34910.jpg,Real,Real,0.056549,QF80,80
R00743,real_19936.jpg,Real,Real,0.001305,QF80,80
R04813,real_7647.jpg,Real,Real,3.2e-05,QF80,80
R00709,real_19439.jpg,Real,Real,0.053009,QF80,80
R04555,real_67254.jpg,Real,Real,1.5e-05,QF80,80
R03937,real_59469.jpg,Real,Real,0.000115,QF80,80
R02348,real_39880.jpg,Real,Real,0.0112,QF80,80
R02304,real_3935.jpg,Real,Fake,0.591309,QF80,80
R01164,real_25072.jpg,Real,Real,4e-06,QF80,80
R01136,real_24644.jpg,Real,Real,0.013428,QF80,80
R00431,real_15967.jpg,Real,Real,0.0,QF80,80
R00916,real_21910.jpg,Real,Real,3e-06,QF80,80
R00433,real_15986.jpg,Real,Real,0.0,QF80,80
R03588,real_55186.jpg,Real,Real,1e-05,QF80,80
R02018,real_36012.jpg,Real,Real,0.01178,QF80,80
R03806,real_57916.jpg,Real,Real,5.9e-05,QF80,80
R04713,real_69278.jpg,Real,Real,1e-06,QF80,80
R04117,real_61871.jpg,Real,Real,3.1e-05,QF80,80
R03674,real_56364.jpg,Real,Real,0.0,QF80,80
R02752,real_4508.jpg,Real,Real,3e-06,QF80,80
R00402,real_15636.jpg,Real,Real,0.002621,QF80,80
R01703,real_31688.jpg,Real,Real,0.0,QF80,80
R01158,real_24966.jpg,Real,Real,0.036835,QF80,80
R00352,real_15016.jpg,Real,Real,0.0,QF80,80
R02431,real_41067.jpg,Real,Real,0.0,QF80,80
R02520,real_42145.jpg,Real,Real,0.0,QF80,80
R00372,real_15227.jpg,Real,Real,0.0,QF80,80
R02506,real_41997.jpg,Real,Real,0.010208,QF80,80
R00098,real_11340.jpg,Real,Real,0.099304,QF80,80
R00418,real_15852.jpg,Real,Fake,0.671387,QF80,80
R02668,real_43947.jpg,Real,Real,0.0,QF80,80
R00363,real_15150.jpg,Real,Real,0.016586,QF80,80
R00759,real_2010.jpg,Real,Real,0.003111,QF80,80
R00019,real_10255.jpg,Real,Real,0.0,QF80,80
R00596,real_18121.jpg,Real,Real,0.002125,QF80,80
R02136,real_37388.jpg,Real,Real,0.004646,QF80,80
R02475,real_4155.jpg,Real,Real,0.00123,QF80,80
R00859,real_2123.jpg,Real,Real,0.0,QF80,80
R02849,real_4619.jpg,Real,Real,1.7e-05,QF80,80
R02727,real_44763.jpg,Real,Real,0.0,QF80,80
R04460,real_66064.jpg,Real,Real,0.000289,QF80,80
R01462,real_28554.jpg,Real,Real,1e-06,QF80,80
R01276,real_26298.jpg,Real,Real,0.000664,QF80,80
R02716,real_44629.jpg,Real,Real,0.0,QF80,80
R01149,real_24883.jpg,Real,Real,0.0,QF80,80
R00144,real_11970.jpg,Real,Real,0.000138,QF80,80
R01081,real_23860.jpg,Real,Real,0.128418,QF80,80
R03347,real_52455.jpg,Real,Real,1.1e-05,QF80,80
R04807,real_7546.jpg,Real,Real,0.001687,QF80,80
R03152,real_49913.jpg,Real,Real,4e-06,QF80,80
R01478,real_28657.jpg,Real,Real,0.0,QF80,80
R02230,real_38538.jpg,Real,Real,0.002287,QF80,80
R02119,real_37143.jpg,Real,Real,0.0,QF80,80
R02834,real_45951.jpg,Real,Real,3e-06,QF80,80
R01816,real_33274.jpg,Real,Real,5e-06,QF80,80
R02731,real_4480.jpg,Real,Real,0.000118,QF80,80
R00284,real_14169.jpg,Real,Real,0.0,QF80,80
R04903,real_8724.jpg,Real,Fake,0.791992,QF80,80
R00066,real_10948.jpg,Real,Fake,0.687012,QF80,80
R04717,real_69318.jpg,Real,Real,0.130493,QF80,80
R01314,real_2671.jpg,Real,Real,0.0,QF80,80
R00306,real_14466.jpg,Real,Real,0.000907,QF80,80
R01653,real_30960.jpg,Real,Real,1e-06,QF80,80
R03176,real_5025.jpg,Real,Real,0.0,QF80,80
R04951,real_9382.jpg,Real,Real,0.000492,QF80,80
R00008,real_10077.jpg,Real,Real,0.001335,QF80,80
R04553,real_67246.jpg,Real,Real,0.001335,QF80,80
R00105,real_1142.jpg,Real,Real,0.304199,QF80,80
R02672,real_44041.jpg,Real,Real,0.0,QF80,80
R00534,real_17314.jpg,Real,Real,0.0,QF80,80
R01104,real_24139.jpg,Real,Real,0.033783,QF80,80
R04829,real_7845.jpg,Real,Real,0.0,QF80,80
R01139,real_24681.jpg,Real,Real,0.0,QF80,80
R00546,real_17469.jpg,Real,Real,0.0,QF80,80
R04827,real_7821.jpg,Real,Real,0.002834,QF80,80
R01733,real_32068.jpg,Real,Real,0.00038,QF80,80
R04887,real_851.jpg,Real,Real,0.00399,QF80,80
R04418,real_65552.jpg,Real,Real,0.0,QF80,80
R04316,real_64125.jpg,Real,Real,0.133057,QF80,80
R02432,real_41069.jpg,Real,Real,0.417969,QF80,80
R02958,real_47517.jpg,Real,Real,0.074219,QF80,80
R02086,real_36721.jpg,Real,Real,0.018723,QF80,80
R00009,real_10081.jpg,Real,Real,0.0,QF80,80
R00594,real_18111.jpg,Real,Real,0.000431,QF80,80
R01295,real_26503.jpg,Real,Real,4e-05,QF80,80
R00572,real_17917.jpg,Real,Real,0.25415,QF80,80
R02879,real_46614.jpg,Real,Real,0.000473,QF80,80
R01986,real_35636.jpg,Real,Real,5.4e-05,QF80,80
R02779,real_45358.jpg,Real,Real,0.0,QF80,80
R03964,real_59816.jpg,Real,Real,0.0,QF80,80
R04933,real_9053.jpg,Real,Real,4e-06,QF80,80
R00762,real_20111.jpg,Real,Real,0.0,QF80,80
R04631,real_68169.jpg,Real,Real,0.000144,QF80,80
R01597,real_3031.jpg,Real,Real,9.3e-05,QF80,80
R03049,real_48606.jpg,Real,Real,8e-06,QF80,80
R02485,real_41680.jpg,Real,Real,0.088806,QF80,80
R04114,real_61833.jpg,Real,Real,0.001536,QF80,80
R00848,real_21020.jpg,Real,Real,1e-06,QF80,80
R03389,real_52934.jpg,Real,Real,1e-06,QF80,80
R02687,real_44231.jpg,Real,Real,3e-06,QF80,80
R01170,real_25141.jpg,Real,Real,9e-05,QF80,80
R04103,real_61687.jpg,Real,Real,0.000124,QF80,80
R01921,real_34756.jpg,Real,Fake,0.502441,QF80,80
R00168,real_12348.jpg,Real,Real,0.000139,QF80,80
R04002,real_6034.jpg,Real,Real,0.0,QF80,80
R00855,real_21170.jpg,Real,Real,0.0,QF80,80
R04359,real_64705.jpg,Real,Real,0.002726,QF80,80
R01606,real_30428.jpg,Real,Real,0.099976,QF80,80
R00898,real_21743.jpg,Real,Real,0.0,QF80,80
R03475,real_54012.jpg,Real,Real,0.0,QF80,80
R02895,real_46856.jpg,Real,Real,0.000274,QF80,80
R02270,real_39037.jpg,Real,Real,0.0,QF80,80
R04160,real_62396.jpg,Real,Real,0.000962,QF80,80
R02277,real_39109.jpg,Real,Real,0.000182,QF80,80
R01679,real_31261.jpg,Real,Real,0.02272,QF80,80
R03165,real_50090.jpg,Real,Real,0.0,QF80,80
R04831,real_7867.jpg,Real,Real,8.7e-05,QF80,80
R02623,real_43451.jpg,Real,Real,0.0,QF80,80
R02846,real_46153.jpg,Real,Real,0.319092,QF80,80
R03027,real_48279.jpg,Real,Real,0.004719,QF80,80
R04929,real_9015.jpg,Real,Real,0.0,QF80,80
R04862,real_8232.jpg,Real,Real,0.0,QF80,80
R03119,real_49475.jpg,Real,Real,0.002306,QF80,80
R00052,real_10775.jpg,Real,Fake,0.640625,QF80,80
R03701,real_56687.jpg,Real,Real,0.0,QF80,80
R04121,real_61913.jpg,Real,Real,0.0,QF80,80
R03116,real_49345.jpg,Real,Real,0.0,QF80,80
R01716,real_31838.jpg,Real,Real,0.016098,QF80,80
R01779,real_32647.jpg,Real,Real,0.009933,QF80,80
R02743,real_44875.jpg,Real,Real,0.000553,QF80,80
R04765,real_69953.jpg,Real,Real,0.093201,QF80,80
R04645,real_68378.jpg,Real,Real,0.0,QF80,80
R00583,real_17998.jpg,Real,Real,0.000513,QF80,80
R01639,real_30745.jpg,Real,Real,0.008446,QF80,80
R01351,real_27243.jpg,Real,Real,0.000303,QF80,80
R02800,real_45546.jpg,Real,Real,0.000156,QF80,80
R00519,real_17104.jpg,Real,Real,4e-06,QF80,80
R01781,real_32678.jpg,Real,Real,0.0,QF80,80
R03018,real_48180.jpg,Real,Real,4.9e-05,QF80,80
R00163,real_12294.jpg,Real,Real,3e-06,QF80,80
R02617,real_43381.jpg,Real,Real,5.6e-05,QF80,80
R03940,real_59501.jpg,Real,Real,0.000114,QF80,80
R00935,real_22099.jpg,Real,Real,0.004486,QF80,80
R02773,real_45297.jpg,Real,Real,0.000158,QF80,80
R01196,real_25475.jpg,Real,Real,0.0,QF80,80
R01301,real_26533.jpg,Real,Real,2e-06,QF80,80
R03474,real_5401.jpg,Real,Real,0.000108,QF80,80
R04851,real_809.jpg,Real,Real,0.0,QF80,80
R04206,real_62989.jpg,Real,Real,0.0,QF80,80
R02902,real_46909.jpg,Real,Real,0.008614,QF80,80
R04398,real_65295.jpg,Real,Real,4.2e-05,QF80,80
R04776,real_7102.jpg,Real,Real,0.000148,QF80,80
R02302,real_39338.jpg,Real,Real,0.0,QF80,80
R00454,real_1628.jpg,Real,Real,0.0,QF80,80
R02193,real_38093.jpg,Real,Real,0.064392,QF80,80
R01750,real_32251.jpg,Real,Real,0.003075,QF80,80
R04245,real_63370.jpg,Real,Real,2e-06,QF80,80
R01110,real_24222.jpg,Real,Real,0.0,QF80,80
R01060,real_23602.jpg,Real,Real,1e-06,QF80,80
R01700,real_31590.jpg,Real,Real,0.373779,QF80,80
R02016,real_3601.jpg,Real,Real,0.008255,QF80,80
R01516,real_29137.jpg,Real,Real,8.5e-05,QF80,80
R03236,real_50969.jpg,Real,Real,0.0,QF80,80
R02451,real_41281.jpg,Real,Real,0.0,QF80,80
R01721,real_31931.jpg,Real,Real,0.000509,QF80,80
R02297,real_39283.jpg,Real,Real,0.0,QF80,80
R03340,real_52377.jpg,Real,Real,0.001309,QF80,80
R02460,real_41353.jpg,Real,Real,7e-06,QF80,80
R03761,real_57279.jpg,Real,Real,0.009857,QF80,80
R02878,real_466.jpg,Real,Real,0.0,QF80,80
R00932,real_2208.jpg,Real,Real,0.000178,QF80,80
R03132,real_49654.jpg,Real,Real,0.0,QF80,80
R04983,real_9789.jpg,Real,Real,4.6e-05,QF80,80
R01373,real_27533.jpg,Real,Real,0.053009,QF80,80
R02028,real_361.jpg,Real,Real,3.3e-05,QF80,80
R04748,real_69716.jpg,Real,Real,0.00433,QF80,80
R00413,real_15783.jpg,Real,Real,0.00016,QF80,80
R01117,real_24312.jpg,Real,Real,6.9e-05,QF80,80
R01856,real_33726.jpg,Real,Real,6.9e-05,QF80,80
R02912,real_4700.jpg,Real,Real,0.0,QF80,80
R02149,real_3755.jpg,Real,Real,0.000715,QF80,80
R00997,real_22804.jpg,Real,Real,1.4e-05,QF80,80
R01331,real_26968.jpg,Real,Real,4e-06,QF80,80
R00700,real_19319.jpg,Real,Real,0.00018,QF80,80
R01958,real_35232.jpg,Real,Real,0.00407,QF80,80
R02759,real_45193.jpg,Real,Real,0.00407,QF80,80
R00393,real_15449.jpg,Real,Real,0.000132,QF80,80
R01336,real_27025.jpg,Real,Real,0.0,QF80,80
R03755,real_57252.jpg,Real,Real,0.001543,QF80,80
R00723,real_19621.jpg,Real,Real,0.0,QF80,80
R04702,real_69197.jpg,Real,Real,0.0,QF80,80
R01874,real_33968.jpg,Real,Real,0.0,QF80,80
R03676,real_56387.jpg,Real,Real,0.044006,QF80,80
R04116,real_61855.jpg,Real,Real,3.3e-05,QF80,80
R00109,real_11455.jpg,Real,Real,0.000191,QF80,80
R03869,real_58706.jpg,Real,Real,0.0,QF80,80
R01864,real_33835.jpg,Real,Real,0.0,QF80,80
R00603,real_18201.jpg,Real,Real,0.008812,QF80,80
R01477,real_28655.jpg,Real,Real,0.005489,QF80,80
R02901,real_46888.jpg,Real,Real,0.000358,QF80,80
R01396,real_27790.jpg,Real,Real,1.1e-05,QF80,80
R04010,real_60505.jpg,Real,Real,0.026352,QF80,80
R03063,real_48757.jpg,Real,Real,0.004608,QF80,80
R02636,real_43609.jpg,Real,Real,0.0,QF80,80
R02212,real_38344.jpg,Real,Real,0.004314,QF80,80
R00602,real_18187.jpg,Real,Real,0.073425,QF80,80
R03874,real_58744.jpg,Real,Real,0.0,QF80,80
R02324,real_39555.jpg,Real,Real,0.016846,QF80,80
R00470,real_16430.jpg,Real,Real,1.6e-05,QF80,80
R01108,real_24196.jpg,Real,Real,5.9e-05,QF80,80
R03601,real_55352.jpg,Real,Real,0.000403,QF80,80
R03196,real_50532.jpg,Real,Real,0.01107,QF80,80
R04039,real_60795.jpg,Real,Real,0.001734,QF80,80
R03572,real_55020.jpg,Real,Real,0.002165,QF80,80
R02611,real_43343.jpg,Real,Real,0.0,QF80,80
R01010,real_23014.jpg,Real,Real,0.045441,QF80,80
R00771,real_20240.jpg,Real,Real,0.0,QF80,80
R02410,real_40851.jpg,Real,Real,8e-06,QF80,80
R01873,real_3396.jpg,Real,Real,1e-06,QF80,80
R00265,real_13817.jpg,Real,Real,0.0,QF80,80
R02306,real_39389.jpg,Real,Real,2e-06,QF80,80
R04595,real_6774.jpg,Real,Real,2e-06,QF80,80
R00643,real_18722.jpg,Real,Real,9e-06,QF80,80
R03118,real_49444.jpg,Real,Real,0.000215,QF80,80
R00446,real_16152.jpg,Real,Real,0.029648,QF80,80
R03580,real_55145.jpg,Real,Real,0.0,QF80,80
R02411,real_40852.jpg,Real,Real,1.3e-05,QF80,80
R00044,real_10662.jpg,Real,Real,0.0,QF80,80
R02870,real_46492.jpg,Real,Real,5e-06,QF80,80
R00198,real_12911.jpg,Real,Real,0.000303,QF80,80
R01976,real_35437.jpg,Real,Real,0.03186,QF80,80
R00871,real_21401.jpg,Real,Real,0.000102,QF80,80
R01003,real_22893.jpg,Real,Real,8e-06,QF80,80
R04879,real_845.jpg,Real,Real,3e-06,QF80,80
R04053,real_60984.jpg,Real,Real,0.0,QF80,80
R02013,real_35976.jpg,Real,Real,1e-06,QF80,80
R02949,real_47396.jpg,Real,Real,0.000801,QF80,80
R04703,real_69217.jpg,Real,Real,0.001987,QF80,80
R04849,real_8072.jpg,Real,Real,0.000267,QF80,80
R02877,real_46594.jpg,Real,Real,0.003075,QF80,80
R04170,real_62549.jpg,Real,Real,0.004215,QF80,80
R00515,real_1708.jpg,Real,Real,0.0,QF80,80
R00036,real_10567.jpg,Real,Real,0.0,QF80,80
R03094,real_49108.jpg,Real,Real,0.004055,QF80,80
R00081,real_11092.jpg,Real,Real,4.3e-05,QF80,80
R04472,real_6618.jpg,Real,Real,9e-06,QF80,80
R03069,real_48890.jpg,Real,Real,0.0,QF80,80
R02384,real_40473.jpg,Real,Real,0.0,QF80,80
R02323,real_39535.jpg,Real,Real,0.093201,QF80,80
R02618,real_43389.jpg,Real,Real,0.0,QF80,80
R01557,real_29684.jpg,Real,Real,0.000143,QF80,80
R02928,real_47157.jpg,Real,Real,0.0,QF80,80
R00429,real_15964.jpg,Real,Real,0.00132,QF80,80
R02693,real_44304.jpg,Real,Real,2e-06,QF80,80
R04888,real_8545.jpg,Real,Real,0.0,QF80,80
R02191,real_38072.jpg,Real,Real,0.0,QF80,80
R03097,real_49128.jpg,Real,Real,0.0,QF80,80
R00233,real_13401.jpg,Real,Real,0.0,QF80,80
R02591,real_42995.jpg,Real,Real,0.0,QF80,80
R04389,real_65109.jpg,Real,Real,0.000181,QF80,80
R03759,real_57275.jpg,Real,Real,0.045258,QF80,80
R00353,real_15030.jpg,Real,Real,0.0,QF80,80
R00685,real_19191.jpg,Real,Real,0.0,QF80,80
R01079,real_23848.jpg,Real,Real,0.063354,QF80,80
R01091,real_23963.jpg,Real,Real,0.0,QF80,80
R00684,real_19185.jpg,Real,Real,8.7e-05,QF80,80
R03178,real_50309.jpg,Real,Real,0.0,QF80,80
R01505,real_28983.jpg,Real,Real,4.6e-05,QF80,80
R01106,real_24150.jpg,Real,Real,0.0,QF80,80
R02060,real_3645.jpg,Real,Real,6.7e-05,QF80,80
R04059,real_61137.jpg,Real,Real,0.0,QF80,80
R03219,real_5073.jpg,Real,Real,0.0,QF80,80
R02828,real_45885.jpg,Real,Real,0.000807,QF80,80
R01400,real_27825.jpg,Real,Real,0.00885,QF80,80
R02557,real_42550.jpg,Real,Real,0.0,QF80,80
R03215,real_507.jpg,Real,Real,0.0,QF80,80
R04498,real_66506.jpg,Real,Real,0.055725,QF80,80
R00457,real_16329.jpg,Real,Real,0.085876,QF80,80
R01448,real_28326.jpg,Real,Real,0.000117,QF80,80
R04467,real_66149.jpg,Real,Real,0.004349,QF80,80
R02079,real_36640.jpg,Real,Real,0.0,QF80,80
R00380,real_15346.jpg,Real,Real,0.000218,QF80,80
R00190,real_12721.jpg,Real,Real,0.059204,QF80,80
R02987,real_47871.jpg,Real,Real,0.000231,QF80,80
R02737,real_44839.jpg,Real,Real,1e-06,QF80,80
R00658,real_1885.jpg,Real,Real,0.0,QF80,80
R03480,real_54068.jpg,Real,Real,0.000323,QF80,80
R01646,real_30886.jpg,Real,Real,0.138428,QF80,80
R02488,real_41709.jpg,Real,Real,0.0,QF80,80
R01903,real_3440.jpg,Real,Real,0.008095,QF80,80
R02842,real_46036.jpg,Real,Real,0.030441,QF80,80
R00408,real_15727.jpg,Real,Real,0.002621,QF80,80
R04586,real_67636.jpg,Real,Real,2e-06,QF80,80
R04621,real_68006.jpg,Real,Real,0.000208,QF80,80
R03690,real_56607.jpg,Real,Real,1.5e-05,QF80,80
R02991,real_47936.jpg,Real,Real,0.0,QF80,80
R01946,real_35018.jpg,Real,Real,0.000338,QF80,80
R03417,real_5330.jpg,Real,Real,0.000134,QF80,80
R02474,real_41546.jpg,Real,Real,6e-05,QF80,80
R01407,real_27946.jpg,Real,Real,0.000411,QF80,80
R02135,real_37387.jpg,Real,Real,0.00209,QF80,80
R01468,real_28578.jpg,Real,Real,0.00102,QF80,80
R04999,real_999.jpg,Real,Real,0.0,QF80,80
R03388,real_52924.jpg,Real,Real,2e-06,QF80,80
R04173,real_62570.jpg,Real,Real,0.034302,QF80,80
R00641,real_18698.jpg,Real,Real,0.0,QF80,80
R01730,real_32045.jpg,Real,Real,0.000291,QF80,80
R03821,real_58162.jpg,Real,Real,0.001289,QF80,80
R02434,real_41154.jpg,Real,Real,3e-06,QF80,80
R04526,real_66912.jpg,Real,Real,0.0,QF80,80
R04535,real_66985.jpg,Real,Real,0.0,QF80,80
R03261,real_51346.jpg,Real,Real,0.088318,QF80,80
R04944,real_9219.jpg,Real,Real,0.016342,QF80,80
R04934,real_9057.jpg,Real,Real,3.4e-05,QF80,80
R04405,real_65381.jpg,Real,Real,0.0002,QF80,80
R04073,real_61309.jpg,Real,Real,2e-06,QF80,80
R00586,real_1804.jpg,Real,Real,0.000351,QF80,80
R00403,real_15655.jpg,Real,Real,0.0,QF80,80
R01776,real_32600.jpg,Real,Real,0.000343,QF80,80
R00099,real_11345.jpg,Real,Real,0.280518,QF80,80
R00874,real_21417.jpg,Real,Real,0.0,QF80,80
R01357,real_2738.jpg,Real,Real,3e-06,QF80,80
R00289,real_14284.jpg,Real,Real,0.008644,QF80,80
R00677,real_19091.jpg,Real,Real,0.000424,QF80,80
R03148,real_49862.jpg,Real,Real,0.019424,QF80,80
R04273,real_63646.jpg,Real,Real,3e-06,QF80,80
R03607,real_55437.jpg,Real,Real,0.000231,QF80,80
R01338,real_2706.jpg,Real,Real,0.0,QF80,80
R01370,real_27496.jpg,Real,Real,0.005936,QF80,80
R04601,real_67794.jpg,Real,Real,0.002672,QF80,80
R00420,real_15868.jpg,Real,Real,0.0,QF80,80
R03163,real_50065.jpg,Real,Real,0.098755,QF80,80
R01245,real_26.jpg,Real,Real,0.12323,QF80,80
R00877,real_21453.jpg,Real,Real,0.308594,QF80,80
R04719,real_69354.jpg,Real,Real,0.034424,QF80,80
R02935,real_47242.jpg,Real,Real,0.000379,QF80,80
R03232,real_50909.jpg,Real,Real,0.05835,QF80,80
R03903,real_59062.jpg,Real,Real,0.003311,QF80,80
R00622,real_1850.jpg,Real,Real,0.001255,QF80,80
R03873,real_5873.jpg,Real,Real,0.056244,QF80,80
R04578,real_67559.jpg,Real,Real,0.000272,QF80,80
R01369,real_27495.jpg,Real,Real,0.0,QF80,80
R04031,real_6073.jpg,Real,Real,0.0,QF80,80
R01285,real_2638.jpg,Real,Real,0.073547,QF80,80
R00495,real_16808.jpg,Real,Real,0.039703,QF80,80
R02337,real_3969.jpg,Real,Real,0.062439,QF80,80
R04065,real_61217.jpg,Real,Real,0.002522,QF80,80
R00347,real_14974.jpg,Real,Real,0.000664,QF80,80
R00096,real_11311.jpg,Real,Real,0.002226,QF80,80
R03843,real_58455.jpg,Real,Real,0.000145,QF80,80
R03366,real_52640.jpg,Real,Real,3e-06,QF80,80
R03179,real_50315.jpg,Real,Real,0.001206,QF80,80
R04704,real_69220.jpg,Real,Real,1e-06,QF80,80
R00838,real_2098.jpg,Real,Fake,0.627441,QF80,80
R03959,real_59758.jpg,Real,Real,0.144531,QF80,80
R04558,real_67286.jpg,Real,Real,1.7e-05,QF80,80
R02032,real_36131.jpg,Real,Real,6e-06,QF80,80
R01216,real_25686.jpg,Real,Real,5e-06,QF80,80
R02920,real_47066.jpg,Real,Real,3e-06,QF80,80
R01027,real_23297.jpg,Real,Real,4e-06,QF80,80
R03871,real_58722.jpg,Real,Real,0.003124,QF80,80
R04886,real_8500.jpg,Real,Real,0.001235,QF80,80
R02891,real_46798.jpg,Real,Real,0.0,QF80,80
R01806,real_33108.jpg,Real,Real,0.0,QF80,80
R01829,real_33479.jpg,Real,Real,1e-06,QF80,80
R03768,real_57374.jpg,Real,Real,0.10968,QF80,80
R04722,real_69433.jpg,Real,Real,0.01976,QF80,80
R01346,real_27201.jpg,Real,Real,0.00481,QF80,80
R04790,real_7298.jpg,Real,Real,0.006145,QF80,80
R00778,real_20344.jpg,Real,Real,0.022934,QF80,80
R00667,real_18963.jpg,Real,Real,0.0,QF80,80
R01599,real_30352.jpg,Real,Real,0.0,QF80,80
R01157,real_24950.jpg,Real,Real,0.022934,QF80,80
R01349,real_27225.jpg,Real,Real,0.000688,QF80,80
R02545,real_42435.jpg,Real,Real,0.007206,QF80,80
R00385,real_15398.jpg,Real,Real,0.000294,QF80,80
R02443,real_41215.jpg,Real,Real,0.000422,QF80,80
R04210,real_6303.jpg,Real,Real,0.231934,QF80,80
R00979,real_22614.jpg,Real,Real,0.0,QF80,80
R04539,real_67033.jpg,Real,Real,0.001274,QF80,80
R04503,real_66584.jpg,Real,Real,0.002398,QF80,80
R00171,real_12383.jpg,Real,Fake,0.742676,QF80,80
R03852,real_58520.jpg,Real,Real,0.040619,QF80,80
R00752,real_20020.jpg,Real,Real,0.0,QF80,80
R03202,real_50563.jpg,Real,Real,0.0,QF80,80
R03534,real_54723.jpg,Real,Real,1e-06,QF80,80
R00050,real_10763.jpg,Real,Real,0.060974,QF80,80
R02789,real_45424.jpg,Real,Real,0.0,QF80,80
R01860,real_33792.jpg,Real,Real,0.0,QF80,80
R00111,real_1149.jpg,Real,Real,8e-06,QF80,80
R01883,real_34092.jpg,Real,Real,0.0013,QF80,80
R04917,real_8845.jpg,Real,Real,2.2e-05,QF80,80
R00359,real_15122.jpg,Real,Real,5e-06,QF80,80
R00070,real_10979.jpg,Real,Real,0.0,QF80,80
R01183,real_25371.jpg,Real,Real,0.00068,QF80,80
R02587,real_42922.jpg,Real,Real,0.000137,QF80,80
R01774,real_32592.jpg,Real,Real,0.000119,QF80,80
R03923,real_59335.jpg,Real,Real,0.088013,QF80,80
R03658,real_5609.jpg,Real,Real,0.0,QF80,80
R01711,real_31745.jpg,Real,Real,0.0,QF80,80
R03813,real_58024.jpg,Real,Real,0.000823,QF80,80
R01293,real_26488.jpg,Real,Real,1e-06,QF80,80
R03562,real_54960.jpg,Real,Real,0.0,QF80,80
R04809,real_7555.jpg,Real,Real,0.0,QF80,80
R03301,real_51888.jpg,Real,Real,0.002747,QF80,80
R02343,real_39774.jpg,Real,Real,3e-06,QF80,80
R03846,real_58465.jpg,Real,Real,0.000114,QF80,80
R01146,real_24832.jpg,Real,Real,0.000521,QF80,80
R04041,real_60802.jpg,Real,Real,0.00011,QF80,80
R04232,real_63214.jpg,Real,Real,0.003721,QF80,80
R03584,real_55175.jpg,Real,Real,0.0,QF80,80
R00244,real_13601.jpg,Real,Real,1.3e-05,QF80,80
R04637,real_68275.jpg,Real,Real,0.000624,QF80,80
R02702,real_44404.jpg,Real,Real,2.7e-05,QF80,80
R03738,real_57009.jpg,Real,Real,0.27124,QF80,80
R00145,real_1199.jpg,Real,Real,0.016724,QF80,80
R03734,real_56977.jpg,Real,Real,3e-05,QF80,80
R03465,real_53917.jpg,Real,Real,0.162109,QF80,80
R03662,real_5621.jpg,Real,Real,0.0,QF80,80
R03624,real_55662.jpg,Real,Real,2e-06,QF80,80
R04177,real_6260.jpg,Real,Real,2e-06,QF80,80
R03775,real_5752.jpg,Real,Real,5.9e-05,QF80,80
R02767,real_45244.jpg,Real,Real,0.001484,QF80,80
R01540,real_29467.jpg,Real,Real,0.0,QF80,80
R03678,real_56442.jpg,Real,Real,0.004398,QF80,80
R03254,real_51244.jpg,Real,Real,0.000789,QF80,80
R04038,real_60794.jpg,Real,Real,2.4e-05,QF80,80
R04007,real_60449.jpg,Real,Real,0.00927,QF80,80
R04127,real_61983.jpg,Real,Real,0.001112,QF80,80
R02425,real_41020.jpg,Real,Real,0.0,QF80,80
R03506,real_54391.jpg,Real,Real,0.012291,QF80,80
R01192,real_25436.jpg,Real,Real,0.0,QF80,80
R04480,real_66283.jpg,Real,Real,0.452637,QF80,80
R03089,real_49063.jpg,Real,Real,1e-06,QF80,80
R01555,real_29676.jpg,Real,Real,6e-06,QF80,80
R02960,real_47536.jpg,Real,Real,0.0,QF80,80
R02472,real_41531.jpg,Real,Real,0.000721,QF80,80
R04767,real_69965.jpg,Real,Real,0.001796,QF80,80
R02626,real_43504.jpg,Real,Real,0.0,QF80,80
R00706,real_19373.jpg,Real,Real,0.017242,QF80,80
R01783,real_32706.jpg,Real,Real,0.0,QF80,80
R02859,real_46367.jpg,Real,Real,0.0,QF80,80
R04428,real_65686.jpg,Real,Real,0.020294,QF80,80
R03032,real_48338.jpg,Real,Real,0.0,QF80,80
R04366,real_64799.jpg,Real,Real,2e-06,QF80,80
R03080,real_49006.jpg,Real,Real,0.0,QF80,80
R03958,real_59749.jpg,Real,Real,0.0,QF80,80
R00229,real_13343.jpg,Real,Real,0.021866,QF80,80
R00366,real_1517.jpg,Real,Real,2e-06,QF80,80
R00807,real_2066.jpg,Real,Real,0.000137,QF80,80
R02252,real_38760.jpg,Real,Real,0.0,QF80,80
R03476,real_54020.jpg,Real,Real,0.0,QF80,80
R04130,real_62053.jpg,Real,Real,0.0,QF80,80
R04834,real_7926.jpg,Real,Real,0.000505,QF80,80
R03346,real_52433.jpg,Real,Real,0.000492,QF80,80
R02235,real_38596.jpg,Real,Real,6e-06,QF80,80
R04706,real_69236.jpg,Real,Real,1e-05,QF80,80
R01971,real_35377.jpg,Real,Real,0.0,QF80,80
R00499,real_16875.jpg,Real,Real,0.305176,QF80,80
R02382,real_40418.jpg,Real,Real,0.088318,QF80,80
R01019,real_23156.jpg,Real,Real,0.003063,QF80,80
R02677,real_4412.jpg,Real,Real,0.061432,QF80,80
R02258,real_38838.jpg,Real,Real,0.008347,QF80,80
R01668,real_31153.jpg,Real,Real,0.002834,QF80,80
R00140,real_11936.jpg,Real,Real,0.0,QF80,80
R03951,real_59623.jpg,Real,Real,0.006123,QF80,80
R00310,real_1454.jpg,Real,Real,1e-06,QF80,80
R01076,real_2380.jpg,Real,Real,0.018478,QF80,80
R01077,real_23836.jpg,Real,Real,0.002878,QF80,80
R01078,real_23845.jpg,Real,Real,0.000555,QF80,80
R01093,real_23992.jpg,Real,Real,0.000124,QF80,80
R03305,real_5192.jpg,Real,Real,0.002993,QF80,80
R00945,real_22181.jpg,Real,Real,0.007175,QF80,80
R02722,real_44707.jpg,Real,Real,6.2e-05,QF80,80
R03769,real_57387.jpg,Real,Real,0.000978,QF80,80
R03539,real_54789.jpg,Real,Real,8e-06,QF80,80
R01802,real_32970.jpg,Real,Real,0.0,QF80,80
R02447,real_41258.jpg,Real,Real,9.4e-05,QF80,80
R04237,real_63281.jpg,Real,Real,0.0,QF80,80
R01252,real_26085.jpg,Real,Real,0.001714,QF80,80
R02964,real_47595.jpg,Real,Real,0.0,QF80,80
R00985,real_22666.jpg,Real,Real,0.0,QF80,80
R00962,real_22447.jpg,Real,Real,0.0,QF80,80
R04723,real_6944.jpg,Real,Real,0.009232,QF80,80
R04687,real_68971.jpg,Real,Real,4.9e-05,QF80,80
R03037,real_4836.jpg,Real,Real,0.0,QF80,80
R00023,real_10319.jpg,Real,Real,0.0,QF80,80
R01033,real_23351.jpg,Real,Fake,0.897461,QF80,80
R00332,real_14746.jpg,Real,Real,0.0,QF80,80
R04437,real_65800.jpg,Real,Real,0.002958,QF80,80
R02496,real_4182.jpg,Real,Real,0.072266,QF80,80
R02158,real_37661.jpg,Real,Real,5e-06,QF80,80
R02282,real_3919.jpg,Real,Real,0.116577,QF80,80
R04669,real_68776.jpg,Real,Real,0.0,QF80,80
R03583,real_55174.jpg,Real,Real,0.0,QF80,80
R00349,real_14988.jpg,Real,Real,1.9e-05,QF80,80
R00134,real_11852.jpg,Real,Real,0.0,QF80,80
R02634,real_4358.jpg,Real,Real,0.016525,QF80,80
R00207,real_13038.jpg,Real,Real,0.060516,QF80,80
R02865,real_46447.jpg,Real,Real,3e-05,QF80,80
R04724,real_69465.jpg,Real,Real,0.00141,QF80,80
R01551,real_29622.jpg,Real,Real,0.002226,QF80,80
R00001,real_10007.jpg,Real,Real,7.1e-05,QF80,80
R00490,real_16740.jpg,Real,Real,0.0,QF80,80
R03645,real_5587.jpg,Real,Real,0.02092,QF80,80
R00021,real_103.jpg,Real,Real,3.5e-05,QF80,80
R01013,real_23074.jpg,Real,Real,1e-06,QF80,80
R01949,real_35093.jpg,Real,Real,8e-06,QF80,80
R00239,real_13473.jpg,Real,Real,4.4e-05,QF80,80
R01592,real_30155.jpg,Real,Real,0.01799,QF80,80
R00093,real_11241.jpg,Real,Real,0.08252,QF80,80
R04118,real_61874.jpg,Real,Real,0.0,QF80,80
R03343,real_52409.jpg,Real,Real,3e-06,QF80,80
R03809,real_57942.jpg,Real,Real,0.023468,QF80,80
R03153,real_4992.jpg,Real,Real,0.002453,QF80,80
R04207,real_63000.jpg,Real,Real,0.000591,QF80,80
R02147,real_37533.jpg,Real,Real,1e-06,QF80,80
R00904,real_218.jpg,Real,Fake,0.723633,QF80,80
R02308,real_39429.jpg,Real,Real,0.009819,QF80,80
R04998,real_998.jpg,Real,Real,0.118774,QF80,80
R02237,real_38613.jpg,Real,Real,0.000285,QF80,80
R03889,real_58908.jpg,Real,Real,0.0,QF80,80
R04956,real_9451.jpg,Real,Real,0.0,QF80,80
R01341,real_2712.jpg,Real,Real,0.000197,QF80,80
R03188,real_50445.jpg,Real,Real,0.0,QF80,80
R04071,real_61284.jpg,Real,Real,4e-06,QF80,80
R01014,real_23078.jpg,Real,Real,1.2e-05,QF80,80
F01608,fake_29522.jpg,Fake,Fake,0.999023,QF80,80
F02925,fake_46861.jpg,Fake,Fake,1.0,QF80,80
F01955,fake_33634.jpg,Fake,Fake,0.992676,QF80,80
F04107,fake_61900.jpg,Fake,Fake,0.988281,QF80,80
F01353,fake_26402.jpg,Fake,Fake,1.0,QF80,80
F02277,fake_38193.jpg,Fake,Fake,1.0,QF80,80
F04268,fake_63811.jpg,Fake,Fake,1.0,QF80,80
F04058,fake_61273.jpg,Fake,Fake,0.979492,QF80,80
F00013,fake_10183.jpg,Fake,Fake,1.0,QF80,80
F01938,fake_33472.jpg,Fake,Fake,0.998535,QF80,80
F03010,fake_47972.jpg,Fake,Fake,1.0,QF80,80
F02857,fake_45969.jpg,Fake,Fake,0.999512,QF80,80
F04554,fake_67363.jpg,Fake,Fake,0.999512,QF80,80
F01138,fake_23961.jpg,Fake,Fake,0.955566,QF80,80
F04334,fake_64669.jpg,Fake,Fake,1.0,QF80,80
F04025,fake_60870.jpg,Fake,Fake,0.998535,QF80,80
F01720,fake_30835.jpg,Fake,Fake,0.795898,QF80,80
F03971,fake_60279.jpg,Fake,Fake,0.97998,QF80,80
F03997,fake_60545.jpg,Fake,Fake,1.0,QF80,80
F01538,fake_28577.jpg,Fake,Fake,1.0,QF80,80
F01881,fake_32710.jpg,Fake,Fake,1.0,QF80,80
F00810,fake_20334.jpg,Fake,Fake,0.982422,QF80,80
F03495,fake_54347.jpg,Fake,Fake,0.998535,QF80,80
F01821,fake_3204.jpg,Fake,Fake,0.991699,QF80,80
F03714,fake_57105.jpg,Fake,Fake,1.0,QF80,80
F02104,fake_35557.jpg,Fake,Fake,1.0,QF80,80
F03755,fake_57645.jpg,Fake,Fake,0.999512,QF80,80
F02571,fake_42492.jpg,Fake,Fake,1.0,QF80,80
F00920,fake_21605.jpg,Fake,Fake,1.0,QF80,80
F00164,fake_11907.jpg,Fake,Fake,0.998047,QF80,80
F02511,fake_41732.jpg,Fake,Fake,1.0,QF80,80
F02492,fake_41427.jpg,Fake,Fake,0.996582,QF80,80
F03970,fake_60275.jpg,Fake,Fake,0.881836,QF80,80
F00412,fake_15196.jpg,Fake,Fake,1.0,QF80,80
F03148,fake_49793.jpg,Fake,Fake,0.995117,QF80,80
F02909,fake_46661.jpg,Fake,Fake,1.0,QF80,80
F03423,fake_53485.jpg,Fake,Fake,0.996094,QF80,80
F00365,fake_14608.jpg,Fake,Fake,1.0,QF80,80
F03270,fake_51477.jpg,Fake,Fake,0.896484,QF80,80
F04847,fake_7982.jpg,Fake,Fake,0.766602,QF80,80
F01682,fake_30453.jpg,Fake,Fake,0.989746,QF80,80
F04027,fake_60897.jpg,Fake,Fake,1.0,QF80,80
F02620,fake_43160.jpg,Fake,Fake,1.0,QF80,80
F03928,fake_59868.jpg,Fake,Fake,0.917969,QF80,80
F04885,fake_8497.jpg,Fake,Fake,0.997559,QF80,80
F01155,fake_24152.jpg,Fake,Fake,1.0,QF80,80
F00807,fake_20303.jpg,Fake,Fake,1.0,QF80,80
F00170,fake_1202.jpg,Fake,Fake,1.0,QF80,80
F04167,fake_62602.jpg,Fake,Fake,0.993164,QF80,80
F00756,fake_19816.jpg,Fake,Fake,0.98584,QF80,80
F03701,fake_56896.jpg,Fake,Fake,0.98877,QF80,80
F01378,fake_26724.jpg,Fake,Fake,1.0,QF80,80
F04404,fake_65528.jpg,Fake,Fake,0.859375,QF80,80
F00708,fake_19167.jpg,Fake,Fake,0.970215,QF80,80
F01871,fake_32629.jpg,Fake,Fake,1.0,QF80,80
F00695,fake_19025.jpg,Fake,Fake,0.999512,QF80,80
F02107,fake_35591.jpg,Fake,Fake,0.982422,QF80,80
F03232,fake_50969.jpg,Fake,Fake,1.0,QF80,80
F03674,fake_56525.jpg,Fake,Fake,0.997559,QF80,80
F01311,fake_25843.jpg,Fake,Fake,1.0,QF80,80
F01535,fake_285.jpg,Fake,Fake,0.994141,QF80,80
F02044,fake_34746.jpg,Fake,Fake,0.997559,QF80,80
F01270,fake_25341.jpg,Fake,Fake,1.0,QF80,80
F01229,fake_24895.jpg,Fake,Fake,0.686035,QF80,80
F03716,fake_57169.jpg,Fake,Fake,1.0,QF80,80
F00798,fake_20198.jpg,Fake,Fake,0.708984,QF80,80
F04837,fake_7800.jpg,Fake,Fake,0.969238,QF80,80
F04528,fake_6703.jpg,Fake,Fake,1.0,QF80,80
F02194,fake_3689.jpg,Fake,Fake,0.999512,QF80,80
F04203,fake_63095.jpg,Fake,Fake,0.99707,QF80,80
F01904,fake_32954.jpg,Fake,Fake,0.999512,QF80,80
F02313,fake_38739.jpg,Fake,Fake,1.0,QF80,80
F03587,fake_554.jpg,Fake,Fake,1.0,QF80,80
F01604,fake_29442.jpg,Fake,Fake,0.954102,QF80,80
F01555,fake_28876.jpg,Fake,Fake,0.999023,QF80,80
F00018,fake_10253.jpg,Fake,Fake,0.999512,QF80,80
F00141,fake_11608.jpg,Fake,Fake,1.0,QF80,80
F02270,fake_38115.jpg,Fake,Fake,1.0,QF80,80
F03764,fake_57782.jpg,Fake,Fake,0.9375,QF80,80
F03695,fake_56791.jpg,Fake,Fake,0.998047,QF80,80
F04042,fake_61126.jpg,Fake,Fake,0.983887,QF80,80
F02423,fake_40420.jpg,Fake,Fake,1.0,QF80,80
F04682,fake_68736.jpg,Fake,Fake,0.993164,QF80,80
F01176,fake_24395.jpg,Fake,Fake,0.998535,QF80,80
F01796,fake_3171.jpg,Fake,Fake,1.0,QF80,80
F00282,fake_13451.jpg,Fake,Fake,1.0,QF80,80
F03634,fake_5608.jpg,Fake,Fake,1.0,QF80,80
F01369,fake_26614.jpg,Fake,Fake,1.0,QF80,80
F01698,fake_30642.jpg,Fake,Fake,1.0,QF80,80
F00307,fake_13786.jpg,Fake,Fake,1.0,QF80,80
F04427,fake_65863.jpg,Fake,Fake,1.0,QF80,80
F01782,fake_31491.jpg,Fake,Fake,0.97998,QF80,80
F02654,fake_43512.jpg,Fake,Fake,0.993164,QF80,80
F02727,fake_44413.jpg,Fake,Fake,0.989258,QF80,80
F04308,fake_64349.jpg,Fake,Fake,0.998047,QF80,80
F01643,fake_30.jpg,Fake,Fake,1.0,QF80,80
F04896,fake_8653.jpg,Fake,Fake,1.0,QF80,80
F01581,fake_29178.jpg,Fake,Fake,0.651367,QF80,80
F03739,fake_57397.jpg,Fake,Fake,1.0,QF80,80
F04302,fake_64302.jpg,Fake,Fake,0.981445,QF80,80
F02300,fake_38520.jpg,Fake,Fake,1.0,QF80,80
F04796,fake_7280.jpg,Fake,Fake,1.0,QF80,80
F03671,fake_565.jpg,Fake,Fake,1.0,QF80,80
F00390,fake_14935.jpg,Fake,Fake,1.0,QF80,80
F01004,fake_22544.jpg,Fake,Fake,0.994141,QF80,80
F03824,fake_58697.jpg,Fake,Fake,0.995605,QF80,80
F03675,fake_5654.jpg,Fake,Fake,0.998047,QF80,80
F04664,fake_68555.jpg,Fake,Fake,0.999512,QF80,80
F02074,fake_35080.jpg,Fake,Fake,0.974609,QF80,80
F00960,fake_22036.jpg,Fake,Fake,0.998047,QF80,80
F01429,fake_27244.jpg,Fake,Fake,1.0,QF80,80
F00681,fake_18830.jpg,Fake,Fake,0.992188,QF80,80
F00118,fake_11388.jpg,Fake,Fake,1.0,QF80,80
F00199,fake_12441.jpg,Fake,Fake,1.0,QF80,80
F03019,fake_4810.jpg,Fake,Fake,0.999023,QF80,80
F00344,fake_14329.jpg,Fake,Fake,0.712891,QF80,80
F00531,fake_16605.jpg,Fake,Fake,1.0,QF80,80
F00101,fake_11208.jpg,Fake,Fake,0.999512,QF80,80
F04160,fake_62544.jpg,Fake,Fake,0.959473,QF80,80
F00419,fake_15290.jpg,Fake,Fake,0.972168,QF80,80
F02416,fake_40308.jpg,Fake,Fake,1.0,QF80,80
F00586,fake_17488.jpg,Fake,Fake,0.999512,QF80,80
F01028,fake_22819.jpg,Fake,Fake,1.0,QF80,80
F01464,fake_27541.jpg,Fake,Fake,1.0,QF80,80
F02785,fake_4529.jpg,Fake,Fake,0.974121,QF80,80
F04333,fake_64666.jpg,Fake,Fake,0.968262,QF80,80
F03094,fake_49081.jpg,Fake,Fake,0.901855,QF80,80
F02390,fake_39844.jpg,Fake,Fake,1.0,QF80,80
F03243,fake_51113.jpg,Fake,Real,0.256348,QF80,80
F00881,fake_21150.jpg,Fake,Fake,0.976074,QF80,80
F01480,fake_27751.jpg,Fake,Fake,0.994629,QF80,80
F00384,fake_14839.jpg,Fake,Fake,0.999512,QF80,80
F03942,fake_59987.jpg,Fake,Fake,0.992188,QF80,80
F01307,fake_25772.jpg,Fake,Fake,0.994141,QF80,80
F00008,fake_10114.jpg,Fake,Fake,0.999512,QF80,80
F00603,fake_17671.jpg,Fake,Fake,0.888672,QF80,80
F02740,fake_44663.jpg,Fake,Fake,1.0,QF80,80
F04438,fake_65962.jpg,Fake,Fake,0.963867,QF80,80
F04950,fake_9385.jpg,Fake,Fake,1.0,QF80,80
F03177,fake_50118.jpg,Fake,Fake,0.998535,QF80,80
F04836,fake_7795.jpg,Fake,Fake,1.0,QF80,80
F04178,fake_62692.jpg,Fake,Fake,1.0,QF80,80
F01916,fake_33116.jpg,Fake,Fake,0.75,QF80,80
F04694,fake_68876.jpg,Fake,Fake,0.89209,QF80,80
F03113,fake_49365.jpg,Fake,Fake,1.0,QF80,80
F01345,fake_26338.jpg,Fake,Fake,0.999023,QF80,80
F02942,fake_47005.jpg,Fake,Fake,0.999512,QF80,80
F00362,fake_14522.jpg,Fake,Fake,1.0,QF80,80
F00604,fake_17702.jpg,Fake,Fake,0.994629,QF80,80
F02693,fake_44024.jpg,Fake,Fake,0.999512,QF80,80
F02757,fake_44863.jpg,Fake,Fake,1.0,QF80,80
F01485,fake_27826.jpg,Fake,Fake,0.894043,QF80,80
F04582,fake_67670.jpg,Fake,Fake,1.0,QF80,80
F02020,fake_3444.jpg,Fake,Fake,0.998535,QF80,80
F04655,fake_68450.jpg,Fake,Fake,0.896973,QF80,80
F02414,fake_40248.jpg,Fake,Fake,0.999512,QF80,80
F02488,fake_41378.jpg,Fake,Fake,0.835938,QF80,80
F04689,fake_68821.jpg,Fake,Fake,0.942871,QF80,80
F04826,fake_7622.jpg,Fake,Fake,0.996582,QF80,80
F01220,fake_24770.jpg,Fake,Fake,1.0,QF80,80
F00314,fake_13851.jpg,Fake,Fake,0.987793,QF80,80
F00830,fake_20568.jpg,Fake,Fake,0.862305,QF80,80
F01042,fake_22978.jpg,Fake,Fake,0.999512,QF80,80
F03103,fake_49256.jpg,Fake,Fake,0.996094,QF80,80
F04498,fake_66596.jpg,Fake,Fake,1.0,QF80,80
F00969,fake_22134.jpg,Fake,Fake,0.836914,QF80,80
F01244,fake_25041.jpg,Fake,Fake,0.998535,QF80,80
F03782,fake_57996.jpg,Fake,Fake,1.0,QF80,80
F03093,fake_49077.jpg,Fake,Fake,0.807129,QF80,80
F01684,fake_30461.jpg,Fake,Fake,0.981445,QF80,80
F00900,fake_21426.jpg,Fake,Fake,0.987305,QF80,80
F01124,fake_2384.jpg,Fake,Fake,0.998047,QF80,80
F04202,fake_63092.jpg,Fake,Fake,0.52832,QF80,80
F01453,fake_27462.jpg,Fake,Fake,0.997559,QF80,80
F03664,fake_56397.jpg,Fake,Fake,0.997559,QF80,80
F03312,fake_51974.jpg,Fake,Fake,0.994629,QF80,80
F03173,fake_50083.jpg,Fake,Fake,1.0,QF80,80
F03274,fake_51534.jpg,Fake,Fake,1.0,QF80,80
F04076,fake_61437.jpg,Fake,Fake,0.988281,QF80,80
F00478,fake_16114.jpg,Fake,Fake,1.0,QF80,80
F03197,fake_50359.jpg,Fake,Fake,1.0,QF80,80
F04169,fake_62607.jpg,Fake,Fake,1.0,QF80,80
F01494,fake_27987.jpg,Fake,Fake,0.987793,QF80,80
F00406,fake_15165.jpg,Fake,Fake,0.986816,QF80,80
F01503,fake_28104.jpg,Fake,Fake,0.974609,QF80,80
F01550,fake_28760.jpg,Fake,Fake,1.0,QF80,80
F00558,fake_17069.jpg,Fake,Real,0.451172,QF80,80
F04327,fake_6458.jpg,Fake,Fake,1.0,QF80,80
F01344,fake_26324.jpg,Fake,Fake,1.0,QF80,80
F04409,fake_6557.jpg,Fake,Fake,0.997559,QF80,80
F02788,fake_45303.jpg,Fake,Fake,1.0,QF80,80
F01295,fake_25652.jpg,Fake,Fake,1.0,QF80,80
F02855,fake_45958.jpg,Fake,Fake,1.0,QF80,80
F03502,fake_54480.jpg,Fake,Fake,1.0,QF80,80
F02969,fake_47395.jpg,Fake,Fake,1.0,QF80,80
F03372,fake_52748.jpg,Fake,Fake,0.989258,QF80,80
F02185,fake_36737.jpg,Fake,Fake,0.92627,QF80,80
F00928,fake_2171.jpg,Fake,Fake,1.0,QF80,80
F04863,fake_8214.jpg,Fake,Fake,1.0,QF80,80
F04629,fake_68194.jpg,Fake,Fake,0.988281,QF80,80
F04667,fake_68595.jpg,Fake,Fake,0.969727,QF80,80
F04729,fake_69289.jpg,Fake,Fake,0.975098,QF80,80
F03371,fake_52727.jpg,Fake,Fake,1.0,QF80,80
F03626,fake_56032.jpg,Fake,Fake,1.0,QF80,80
F03342,fake_52415.jpg,Fake,Real,0.276367,QF80,80
F01668,fake_30210.jpg,Fake,Fake,1.0,QF80,80
F03849,fake_58940.jpg,Fake,Fake,0.998047,QF80,80
F03815,fake_58543.jpg,Fake,Fake,0.999512,QF80,80
F01799,fake_31733.jpg,Fake,Real,0.372803,QF80,80
F03640,fake_56129.jpg,Fake,Fake,0.504395,QF80,80
F02280,fake_38220.jpg,Fake,Fake,0.994629,QF80,80
F04002,fake_60593.jpg,Fake,Fake,0.99707,QF80,80
F00902,fake_21474.jpg,Fake,Fake,0.930664,QF80,80
F02681,fake_43934.jpg,Fake,Fake,1.0,QF80,80
F04110,fake_61950.jpg,Fake,Fake,0.998047,QF80,80
F02653,fake_43510.jpg,Fake,Fake,1.0,QF80,80
F02633,fake_43294.jpg,Fake,Fake,0.998047,QF80,80
F01724,fake_309.jpg,Fake,Fake,0.994629,QF80,80
F03411,fake_53344.jpg,Fake,Fake,0.993652,QF80,80
F00759,fake_19823.jpg,Fake,Fake,1.0,QF80,80
F00148,fake_11691.jpg,Fake,Fake,1.0,QF80,80
F01162,fake_24240.jpg,Fake,Fake,1.0,QF80,80
F02454,fake_40815.jpg,Fake,Fake,1.0,QF80,80
F03758,fake_57679.jpg,Fake,Fake,0.998535,QF80,80
F02712,fake_44275.jpg,Fake,Fake,1.0,QF80,80
F01509,fake_28167.jpg,Fake,Fake,1.0,QF80,80
F01143,fake_24006.jpg,Fake,Fake,0.994141,QF80,80
F02256,fake_37898.jpg,Fake,Fake,0.998535,QF80,80
F00242,fake_12939.jpg,Fake,Fake,0.980957,QF80,80
F01045,fake_22992.jpg,Fake,Fake,0.998047,QF80,80
F04301,fake_64289.jpg,Fake,Fake,0.996582,QF80,80
F01914,fake_33079.jpg,Fake,Fake,0.742188,QF80,80
F04387,fake_65351.jpg,Fake,Fake,1.0,QF80,80
F01473,fake_27611.jpg,Fake,Fake,0.97998,QF80,80
F04832,fake_7738.jpg,Fake,Fake,1.0,QF80,80
F02389,fake_39840.jpg,Fake,Fake,0.999023,QF80,80
F02386,fake_39815.jpg,Fake,Fake,0.97998,QF80,80
F01536,fake_28521.jpg,Fake,Fake,1.0,QF80,80
F04823,fake_7580.jpg,Fake,Fake,1.0,QF80,80
F01482,fake_27766.jpg,Fake,Fake,1.0,QF80,80
F02210,fake_37314.jpg,Fake,Fake,1.0,QF80,80
F00599,fake_17630.jpg,Fake,Fake,0.985352,QF80,80
F04869,fake_830.jpg,Fake,Fake,1.0,QF80,80
F02247,fake_37849.jpg,Fake,Fake,0.943359,QF80,80
F03425,fake_53506.jpg,Fake,Fake,0.927734,QF80,80
F00228,fake_12741.jpg,Fake,Fake,0.979492,QF80,80
F04328,fake_64588.jpg,Fake,Fake,1.0,QF80,80
F03333,fake_52320.jpg,Fake,Fake,1.0,QF80,80
F00896,fake_21392.jpg,Fake,Fake,1.0,QF80,80
F03081,fake_48850.jpg,Fake,Fake,1.0,QF80,80
F02921,fake_46832.jpg,Fake,Real,0.054993,QF80,80
F00429,fake_15375.jpg,Fake,Fake,0.998047,QF80,80
F01180,fake_24427.jpg,Fake,Fake,1.0,QF80,80
F01626,fake_29758.jpg,Fake,Fake,1.0,QF80,80
F01760,fake_31274.jpg,Fake,Fake,0.989746,QF80,80
F04469,fake_6620.jpg,Fake,Real,0.010948,QF80,80
F02881,fake_46308.jpg,Fake,Fake,1.0,QF80,80
F04969,fake_9644.jpg,Fake,Fake,1.0,QF80,80
F03922,fake_59835.jpg,Fake,Fake,0.994141,QF80,80
F00921,fake_21632.jpg,Fake,Fake,1.0,QF80,80
F04684,fake_68760.jpg,Fake,Fake,0.908691,QF80,80
F00956,fake_22006.jpg,Fake,Fake,0.945312,QF80,80
F00319,fake_13930.jpg,Fake,Fake,0.996582,QF80,80
F00071,fake_10875.jpg,Fake,Fake,1.0,QF80,80
F01582,fake_2918.jpg,Fake,Fake,0.979492,QF80,80
F00340,fake_14241.jpg,Fake,Fake,0.999512,QF80,80
F00736,fake_1952.jpg,Fake,Fake,1.0,QF80,80
F00923,fake_21645.jpg,Fake,Fake,1.0,QF80,80
F02543,fake_42199.jpg,Fake,Fake,1.0,QF80,80
F03154,fake_49839.jpg,Fake,Fake,0.819824,QF80,80
F03688,fake_5669.jpg,Fake,Fake,0.941406,QF80,80
F00545,fake_16817.jpg,Fake,Fake,0.993652,QF80,80
F03213,fake_50555.jpg,Fake,Fake,0.612305,QF80,80
F02514,fake_41759.jpg,Fake,Fake,1.0,QF80,80
F00576,fake_17357.jpg,Fake,Fake,1.0,QF80,80
F03879,fake_59289.jpg,Fake,Fake,1.0,QF80,80
F00002,fake_10018.jpg,Fake,Fake,0.892578,QF80,80
F00323,fake_13994.jpg,Fake,Fake,0.975098,QF80,80
F01029,fake_22825.jpg,Fake,Fake,0.999512,QF80,80
F00761,fake_19847.jpg,Fake,Fake,1.0,QF80,80
F01795,fake_31672.jpg,Fake,Fake,0.998047,QF80,80
F00836,fake_2063.jpg,Fake,Fake,1.0,QF80,80
F04092,fake_61636.jpg,Fake,Fake,1.0,QF80,80
F01526,fake_28358.jpg,Fake,Fake,0.986328,QF80,80
F04949,fake_9381.jpg,Fake,Fake,1.0,QF80,80
F01099,fake_23572.jpg,Fake,Fake,1.0,QF80,80
F00513,fake_16421.jpg,Fake,Fake,1.0,QF80,80
F04946,fake_9271.jpg,Fake,Fake,0.999512,QF80,80
F03293,fake_5174.jpg,Fake,Fake,0.960938,QF80,80
F03705,fake_56977.jpg,Fake,Fake,0.998535,QF80,80
F01334,fake_26223.jpg,Fake,Fake,1.0,QF80,80
F00667,fake_18567.jpg,Fake,Fake,0.999023,QF80,80
F04005,fake_60622.jpg,Fake,Fake,0.949707,QF80,80
F04378,fake_65256.jpg,Fake,Fake,1.0,QF80,80
F02069,fake_35030.jpg,Fake,Fake,1.0,QF80,80
F02325,fake_38904.jpg,Fake,Fake,0.997559,QF80,80
F03667,fake_56430.jpg,Fake,Fake,0.870605,QF80,80
F00683,fake_18845.jpg,Fake,Fake,1.0,QF80,80
F00293,fake_13567.jpg,Fake,Fake,0.887207,QF80,80
F01903,fake_32935.jpg,Fake,Fake,0.990723,QF80,80
F03353,fake_52540.jpg,Fake,Fake,1.0,QF80,80
F04138,fake_62331.jpg,Fake,Fake,0.999512,QF80,80
F00510,fake_16405.jpg,Fake,Fake,0.754883,QF80,80
F00312,fake_13843.jpg,Fake,Fake,0.999023,QF80,80
F04546,fake_67233.jpg,Fake,Fake,1.0,QF80,80
F02724,fake_44384.jpg,Fake,Fake,1.0,QF80,80
F03665,fake_56416.jpg,Fake,Fake,1.0,QF80,80
F03837,fake_5882.jpg,Fake,Fake,0.999023,QF80,80
F01073,fake_23257.jpg,Fake,Fake,1.0,QF80,80
F04843,fake_7902.jpg,Fake,Fake,1.0,QF80,80
F03635,fake_56084.jpg,Fake,Fake,1.0,QF80,80
F04313,fake_64376.jpg,Fake,Real,0.017303,QF80,80
F03259,fake_51324.jpg,Fake,Fake,0.999023,QF80,80
F03389,fake_52905.jpg,Fake,Fake,0.995117,QF80,80
F04067,fake_61392.jpg,Fake,Fake,0.767578,QF80,80
F01742,fake_31114.jpg,Fake,Fake,1.0,QF80,80
F01763,fake_31298.jpg,Fake,Fake,0.84668,QF80,80
F02807,fake_45495.jpg,Fake,Fake,1.0,QF80,80
F03817,fake_58563.jpg,Fake,Fake,0.99707,QF80,80
F01431,fake_27286.jpg,Fake,Fake,0.968262,QF80,80
F00748,fake_1972.jpg,Fake,Real,0.188477,QF80,80
F02420,fake_40354.jpg,Fake,Fake,1.0,QF80,80
F04250,fake_63631.jpg,Fake,Fake,0.987793,QF80,80
F02739,fake_44627.jpg,Fake,Fake,1.0,QF80,80
F02555,fake_42293.jpg,Fake,Fake,0.999512,QF80,80
F04556,fake_67384.jpg,Fake,Fake,0.998047,QF80,80
F03164,fake_49958.jpg,Fake,Fake,0.998047,QF80,80
F04282,fake_6403.jpg,Fake,Real,0.438477,QF80,80
F01006,fake_22556.jpg,Fake,Fake,0.999512,QF80,80
F02951,fake_47106.jpg,Fake,Fake,0.995117,QF80,80
F01417,fake_27106.jpg,Fake,Fake,0.946777,QF80,80
F00287,fake_13502.jpg,Fake,Fake,1.0,QF80,80
F04686,fake_68791.jpg,Fake,Fake,1.0,QF80,80
F02776,fake_45190.jpg,Fake,Fake,0.859863,QF80,80
F03066,fake_48713.jpg,Fake,Fake,0.674805,QF80,80
F04101,fake_61766.jpg,Fake,Fake,0.973633,QF80,80
F04735,fake_69377.jpg,Fake,Fake,1.0,QF80,80
F02120,fake_35788.jpg,Fake,Fake,0.98291,QF80,80
F01379,fake_26729.jpg,Fake,Fake,0.999512,QF80,80
F01438,fake_27353.jpg,Fake,Fake,0.99707,QF80,80
F03772,fake_57863.jpg,Fake,Fake,0.999023,QF80,80
F02692,fake_44019.jpg,Fake,Fake,1.0,QF80,80
F03623,fake_56002.jpg,Fake,Fake,0.994141,QF80,80
F03768,fake_57816.jpg,Fake,Fake,0.98877,QF80,80
F03658,fake_56337.jpg,Fake,Fake,0.977051,QF80,80
F03776,fake_57926.jpg,Fake,Fake,1.0,QF80,80
F01478,fake_27719.jpg,Fake,Fake,0.975098,QF80,80
F02080,fake_3514.jpg,Fake,Fake,0.979492,QF80,80
F02837,fake_45769.jpg,Fake,Fake,0.96875,QF80,80
F01059,fake_23084.jpg,Fake,Fake,0.967285,QF80,80
F00908,fake_21492.jpg,Fake,Fake,0.998535,QF80,80
F04310,fake_64369.jpg,Fake,Fake,1.0,QF80,80
F01288,fake_25559.jpg,Fake,Fake,0.996094,QF80,80
F00685,fake_1886.jpg,Fake,Fake,0.999512,QF80,80
F03403,fake_53220.jpg,Fake,Fake,0.994629,QF80,80
F03885,fake_59356.jpg,Fake,Fake,0.976074,QF80,80
F00931,fake_21743.jpg,Fake,Fake,1.0,QF80,80
F00470,fake_16007.jpg,Fake,Fake,1.0,QF80,80
F04700,fake_68915.jpg,Fake,Fake,0.998047,QF80,80
F01310,fake_25838.jpg,Fake,Fake,1.0,QF80,80
F00345,fake_1433.jpg,Fake,Fake,0.999512,QF80,80
F01022,fake_22738.jpg,Fake,Fake,0.995117,QF80,80
F00654,fake_18337.jpg,Fake,Fake,0.997559,QF80,80
F03198,fake_50364.jpg,Fake,Fake,0.957031,QF80,80
F03793,fake_5820.jpg,Fake,Fake,0.997559,QF80,80
F04680,fake_68724.jpg,Fake,Real,0.470703,QF80,80
F04339,fake_64727.jpg,Fake,Fake,0.811035,QF80,80
F03789,fake_58078.jpg,Fake,Fake,1.0,QF80,80
F02784,fake_45280.jpg,Fake,Fake,0.79248,QF80,80
F02985,fake_47568.jpg,Fake,Fake,0.999023,QF80,80
F04973,fake_9692.jpg,Fake,Fake,1.0,QF80,80
F02340,fake_3911.jpg,Fake,Fake,0.993164,QF80,80
F03571,fake_55295.jpg,Fake,Fake,1.0,QF80,80
F02397,fake_39982.jpg,Fake,Fake,1.0,QF80,80
F01706,fake_30715.jpg,Fake,Fake,0.875977,QF80,80
F02795,fake_45352.jpg,Fake,Fake,0.999512,QF80,80
F02014,fake_34354.jpg,Fake,Fake,0.936035,QF80,80
F03955,fake_60109.jpg,Fake,Fake,0.99707,QF80,80
F03627,fake_56039.jpg,Fake,Fake,1.0,QF80,80
F02465,fake_41.jpg,Fake,Fake,1.0,QF80,80
F02031,fake_34565.jpg,Fake,Fake,0.592773,QF80,80
F00982,fake_22311.jpg,Fake,Fake,0.984863,QF80,80
F04947,fake_9296.jpg,Fake,Fake,1.0,QF80,80
F00769,fake_19914.jpg,Fake,Real,0.006413,QF80,80
F04458,fake_66129.jpg,Fake,Fake,0.999512,QF80,80
F00064,fake_10811.jpg,Fake,Fake,0.996582,QF80,80
F02759,fake_44883.jpg,Fake,Fake,1.0,QF80,80
F00935,fake_2179.jpg,Fake,Fake,0.99707,QF80,80
F03718,fake_57190.jpg,Fake,Fake,1.0,QF80,80
F01894,fake_32855.jpg,Fake,Fake,0.957031,QF80,80
F01739,fake_31090.jpg,Fake,Fake,0.994141,QF80,80
F04099,fake_61744.jpg,Fake,Fake,1.0,QF80,80
F04029,fake_60933.jpg,Fake,Fake,0.99707,QF80,80
F00856,fake_20886.jpg,Fake,Fake,0.978027,QF80,80
F04933,fake_9153.jpg,Fake,Fake,0.996094,QF80,80
F04004,fake_60616.jpg,Fake,Fake,1.0,QF80,80
F03370,fake_5269.jpg,Fake,Fake,0.996094,QF80,80
F00458,fake_15781.jpg,Fake,Real,0.182983,QF80,80
F01753,fake_31206.jpg,Fake,Fake,0.980469,QF80,80
F03905,fake_59663.jpg,Fake,Fake,1.0,QF80,80
F01759,fake_31262.jpg,Fake,Fake,1.0,QF80,80
F02670,fake_43801.jpg,Fake,Fake,0.999512,QF80,80
F04078,fake_61444.jpg,Fake,Fake,1.0,QF80,80
F00897,fake_21407.jpg,Fake,Fake,0.99707,QF80,80
F00012,fake_10182.jpg,Fake,Fake,1.0,QF80,80
F04676,fake_68700.jpg,Fake,Fake,1.0,QF80,80
F04965,fake_9578.jpg,Fake,Fake,1.0,QF80,80
F03550,fake_55071.jpg,Fake,Fake,0.92627,QF80,80
F01520,fake_28287.jpg,Fake,Fake,1.0,QF80,80
F00418,fake_15274.jpg,Fake,Fake,1.0,QF80,80
F04465,fake_66177.jpg,Fake,Fake,0.987793,QF80,80
F03965,fake_60231.jpg,Fake,Real,0.047943,QF80,80
F00848,fake_20744.jpg,Fake,Fake,1.0,QF80,80
F03808,fake_58448.jpg,Fake,Fake,0.967285,QF80,80
F00110,fake_11279.jpg,Fake,Fake,1.0,QF80,80
F04102,fake_6178.jpg,Fake,Fake,1.0,QF80,80
F00277,fake_13425.jpg,Fake,Fake,0.996094,QF80,80
F03335,fake_52351.jpg,Fake,Fake,1.0,QF80,80
F02506,fake_41643.jpg,Fake,Fake,0.999512,QF80,80
F04048,fake_61160.jpg,Fake,Fake,0.884277,QF80,80
F02762,fake_44958.jpg,Fake,Fake,1.0,QF80,80
F04075,fake_61436.jpg,Fake,Real,0.493652,QF80,80
F02170,fake_36531.jpg,Fake,Fake,1.0,QF80,80
F02977,fake_47482.jpg,Fake,Fake,1.0,QF80,80
F00878,fake_21120.jpg,Fake,Fake,0.999512,QF80,80
F04570,fake_67545.jpg,Fake,Fake,0.924316,QF80,80
F02391,fake_39850.jpg,Fake,Fake,0.999512,QF80,80
F02923,fake_46857.jpg,Fake,Fake,1.0,QF80,80
F02180,fake_36644.jpg,Fake,Fake,0.999512,QF80,80
F01217,fake_24722.jpg,Fake,Fake,1.0,QF80,80
F04638,fake_68274.jpg,Fake,Fake,0.998047,QF80,80
F02806,fake_45492.jpg,Fake,Fake,1.0,QF80,80
F01927,fake_3334.jpg,Fake,Fake,0.998047,QF80,80
F00416,fake_15262.jpg,Fake,Real,0.000385,QF80,80
F02353,fake_39290.jpg,Fake,Fake,1.0,QF80,80
F04312,fake_64374.jpg,Fake,Fake,1.0,QF80,80
F03430,fake_53561.jpg,Fake,Real,0.160522,QF80,80
F03832,fake_58752.jpg,Fake,Fake,0.980957,QF80,80
F01713,fake_30771.jpg,Fake,Fake,0.999023,QF80,80
F01912,fake_33066.jpg,Fake,Fake,0.913086,QF80,80
F04335,fake_64678.jpg,Fake,Fake,1.0,QF80,80
F01123,fake_23838.jpg,Fake,Fake,1.0,QF80,80
F02922,fake_46855.jpg,Fake,Fake,1.0,QF80,80
F04516,fake_66872.jpg,Fake,Fake,0.945312,QF80,80
F01654,fake_30106.jpg,Fake,Fake,1.0,QF80,80
F03076,fake_48833.jpg,Fake,Fake,0.738281,QF80,80
F00662,fake_18460.jpg,Fake,Fake,1.0,QF80,80
F03339,fake_52375.jpg,Fake,Fake,0.989258,QF80,80
F02122,fake_35815.jpg,Fake,Fake,1.0,QF80,80
F02957,fake_47237.jpg,Fake,Fake,0.980469,QF80,80
F00144,fake_11646.jpg,Fake,Fake,1.0,QF80,80
F02026,fake_34508.jpg,Fake,Fake,1.0,QF80,80
F04521,fake_66935.jpg,Fake,Fake,0.994141,QF80,80
F03914,fake_59750.jpg,Fake,Fake,1.0,QF80,80
F01002,fake_22540.jpg,Fake,Fake,1.0,QF80,80
F01842,fake_32276.jpg,Fake,Fake,0.990723,QF80,80
F00633,fake_18012.jpg,Fake,Fake,0.972168,QF80,80
F00517,fake_16447.jpg,Fake,Fake,0.999512,QF80,80
F00779,fake_2000.jpg,Fake,Fake,0.999023,QF80,80
F00284,fake_13483.jpg,Fake,Fake,0.999023,QF80,80
F03297,fake_51807.jpg,Fake,Fake,0.98877,QF80,80
F03570,fake_55291.jpg,Fake,Fake,0.633789,QF80,80
F00454,fake_15738.jpg,Fake,Fake,1.0,QF80,80
F00487,fake_16185.jpg,Fake,Real,0.285156,QF80,80
F03727,fake_57261.jpg,Fake,Fake,1.0,QF80,80
F00673,fake_18671.jpg,Fake,Fake,0.979492,QF80,80
F04234,fake_63488.jpg,Fake,Fake,1.0,QF80,80
F01736,fake_31046.jpg,Fake,Fake,1.0,QF80,80
F03941,fake_59985.jpg,Fake,Fake,1.0,QF80,80
F00641,fake_18167.jpg,Fake,Fake,0.913574,QF80,80
F03572,fake_5530.jpg,Fake,Fake,0.999023,QF80,80
F00803,fake_2028.jpg,Fake,Fake,1.0,QF80,80
F01296,fake_25653.jpg,Fake,Fake,1.0,QF80,80
F00616,fake_17797.jpg,Fake,Fake,0.953125,QF80,80
F02929,fake_4693.jpg,Fake,Real,0.175537,QF80,80
F00078,fake_10950.jpg,Fake,Fake,1.0,QF80,80
F02105,fake_35575.jpg,Fake,Fake,0.984375,QF80,80
F04066,fake_61358.jpg,Fake,Fake,0.993164,QF80,80
F04867,fake_8294.jpg,Fake,Fake,0.986328,QF80,80
F03996,fake_60531.jpg,Fake,Fake,0.975098,QF80,80
F00389,fake_14927.jpg,Fake,Fake,1.0,QF80,80
F03299,fake_5182.jpg,Fake,Fake,0.865234,QF80,80
F00032,fake_10481.jpg,Fake,Fake,1.0,QF80,80
F02225,fake_37497.jpg,Fake,Fake,0.978516,QF80,80
F04786,fake_706.jpg,Fake,Fake,0.999023,QF80,80
F00396,fake_15030.jpg,Fake,Fake,0.991211,QF80,80
F01137,fake_23959.jpg,Fake,Fake,0.98291,QF80,80
F02401,fake_40018.jpg,Fake,Fake,0.999023,QF80,80
F03827,fake_58712.jpg,Fake,Fake,1.0,QF80,80
F01171,fake_24340.jpg,Fake,Fake,1.0,QF80,80
F03798,fake_58281.jpg,Fake,Fake,0.971191,QF80,80
F02531,fake_41972.jpg,Fake,Fake,1.0,QF80,80
F00937,fake_2180.jpg,Fake,Fake,0.998047,QF80,80
F03544,fake_55018.jpg,Fake,Fake,0.841309,QF80,80
F02450,fake_40748.jpg,Fake,Fake,0.849121,QF80,80
F04744,fake_69437.jpg,Fake,Fake,0.998535,QF80,80
F04349,fake_64830.jpg,Fake,Fake,0.999512,QF80,80
F04174,fake_6264.jpg,Fake,Fake,1.0,QF80,80
F01116,fake_23780.jpg,Fake,Fake,1.0,QF80,80
F02431,fake_4055.jpg,Fake,Fake,0.999023,QF80,80
F04490,fake_66503.jpg,Fake,Fake,0.98291,QF80,80
F04757,fake_6956.jpg,Fake,Fake,0.997559,QF80,80
F00527,fake_16588.jpg,Fake,Fake,1.0,QF80,80
F03858,fake_59041.jpg,Fake,Fake,1.0,QF80,80
F04727,fake_69260.jpg,Fake,Real,0.023026,QF80,80
F03345,fake_52489.jpg,Fake,Fake,0.921875,QF80,80
F04974,fake_9717.jpg,Fake,Fake,0.999512,QF80,80
F03593,fake_55482.jpg,Fake,Fake,0.997559,QF80,80
F03537,fake_54960.jpg,Fake,Fake,1.0,QF80,80
F01715,fake_3078.jpg,Fake,Fake,0.792969,QF80,80
F04470,fake_66210.jpg,Fake,Fake,0.81543,QF80,80
F01063,fake_23121.jpg,Fake,Fake,0.999023,QF80,80
F04013,fake_60735.jpg,Fake,Fake,1.0,QF80,80
F02378,fake_39658.jpg,Fake,Fake,1.0,QF80,80
F04416,fake_65740.jpg,Fake,Fake,1.0,QF80,80
F00432,fake_15395.jpg,Fake,Fake,0.998535,QF80,80
F04038,fake_61021.jpg,Fake,Fake,0.999512,QF80,80
F04918,fake_8960.jpg,Fake,Fake,1.0,QF80,80
F04261,fake_63727.jpg,Fake,Fake,1.0,QF80,80
F00425,fake_15358.jpg,Fake,Fake,0.984375,QF80,80
F03140,fake_4963.jpg,Fake,Fake,0.998047,QF80,80
F01044,fake_2299.jpg,Fake,Fake,1.0,QF80,80
F03752,fake_57551.jpg,Fake,Fake,1.0,QF80,80
F02330,fake_38937.jpg,Fake,Fake,1.0,QF80,80
F00518,fake_16460.jpg,Fake,Fake,1.0,QF80,80
F03874,fake_59223.jpg,Fake,Fake,0.616699,QF80,80
F03015,fake_48053.jpg,Fake,Fake,1.0,QF80,80
F00710,fake_19186.jpg,Fake,Fake,0.886719,QF80,80
F02663,fake_43620.jpg,Fake,Fake,0.995605,QF80,80
F03474,fake_54146.jpg,Fake,Fake,0.988281,QF80,80
F04909,fake_8858.jpg,Fake,Fake,1.0,QF80,80
F02729,fake_4443.jpg,Fake,Fake,0.888672,QF80,80
F00659,fake_1840.jpg,Fake,Fake,0.999512,QF80,80
F02408,fake_40140.jpg,Fake,Fake,0.991211,QF80,80
F04411,fake_65617.jpg,Fake,Fake,1.0,QF80,80
F02136,fake_35961.jpg,Fake,Fake,1.0,QF80,80
F03138,fake_4962.jpg,Fake,Real,0.371338,QF80,80
F01251,fake_25081.jpg,Fake,Fake,1.0,QF80,80
F03743,fake_57427.jpg,Fake,Fake,0.959961,QF80,80
F02012,fake_34324.jpg,Fake,Fake,1.0,QF80,80
F04996,fake_9939.jpg,Fake,Fake,0.996094,QF80,80
F04421,fake_65826.jpg,Fake,Fake,0.987305,QF80,80
F01773,fake_31370.jpg,Fake,Fake,0.990723,QF80,80
F02779,fake_45202.jpg,Fake,Fake,1.0,QF80,80
F02678,fake_43859.jpg,Fake,Fake,1.0,QF80,80
F03219,fake_50686.jpg,Fake,Fake,1.0,QF80,80
F01605,fake_2946.jpg,Fake,Fake,0.977051,QF80,80
F04487,fake_66461.jpg,Fake,Fake,0.890625,QF80,80
F03390,fake_52912.jpg,Fake,Fake,0.990234,QF80,80
F02595,fake_42806.jpg,Fake,Fake,1.0,QF80,80
F03288,fake_51676.jpg,Fake,Fake,0.952637,QF80,80
F04990,fake_9866.jpg,Fake,Fake,1.0,QF80,80
F02771,fake_45086.jpg,Fake,Fake,0.999512,QF80,80
F02349,fake_39207.jpg,Fake,Fake,1.0,QF80,80
F00938,fake_21814.jpg,Fake,Fake,0.995605,QF80,80
F02269,fake_38102.jpg,Fake,Fake,0.950684,QF80,80
F02057,fake_34897.jpg,Fake,Fake,1.0,QF80,80
F04009,fake_60668.jpg,Fake,Fake,1.0,QF80,80
F00528,fake_16589.jpg,Fake,Real,0.018265,QF80,80
F03402,fake_53173.jpg,Fake,Fake,0.994629,QF80,80
F04968,fake_9627.jpg,Fake,Fake,1.0,QF80,80
F02892,fake_4641.jpg,Fake,Fake,1.0,QF80,80
F02894,fake_46436.jpg,Fake,Fake,0.999023,QF80,80
F01933,fake_3342.jpg,Fake,Fake,1.0,QF80,80
F04972,fake_9671.jpg,Fake,Fake,0.995605,QF80,80
F04948,fake_9319.jpg,Fake,Fake,0.995605,QF80,80
F03358,fake_52607.jpg,Fake,Fake,1.0,QF80,80
F02445,fake_40701.jpg,Fake,Fake,1.0,QF80,80
F04575,fake_67607.jpg,Fake,Fake,0.999023,QF80,80
F01506,fake_2813.jpg,Fake,Fake,0.968262,QF80,80
F04342,fake_64758.jpg,Fake,Fake,0.773438,QF80,80
F01087,fake_23440.jpg,Fake,Fake,1.0,QF80,80
F03577,fake_55346.jpg,Fake,Fake,1.0,QF80,80
F00033,fake_10483.jpg,Fake,Fake,0.913574,QF80,80
F04922,fake_8986.jpg,Fake,Fake,1.0,QF80,80
F02860,fake_46.jpg,Fake,Fake,1.0,QF80,80
F03492,fake_54325.jpg,Fake,Fake,0.893555,QF80,80
F04344,fake_64762.jpg,Fake,Fake,0.982422,QF80,80
F02838,fake_45771.jpg,Fake,Fake,1.0,QF80,80
F01505,fake_28127.jpg,Fake,Real,0.000294,QF80,80
F03089,fake_49060.jpg,Fake,Fake,0.999512,QF80,80
F00990,fake_2241.jpg,Fake,Fake,1.0,QF80,80
F01956,fake_33656.jpg,Fake,Fake,0.999512,QF80,80
F03002,fake_47798.jpg,Fake,Fake,1.0,QF80,80
F01078,fake_23313.jpg,Fake,Fake,0.995117,QF80,80
F01258,fake_252.jpg,Fake,Fake,0.986328,QF80,80
F00506,fake_16370.jpg,Fake,Fake,0.998535,QF80,80
F04147,fake_62400.jpg,Fake,Fake,1.0,QF80,80
F02793,fake_45343.jpg,Fake,Fake,1.0,QF80,80
F02669,fake_43718.jpg,Fake,Fake,1.0,QF80,80
F03334,fake_52337.jpg,Fake,Fake,0.96875,QF80,80
F00816,fake_20380.jpg,Fake,Fake,0.981934,QF80,80
F03354,fake_52550.jpg,Fake,Fake,1.0,QF80,80
F03211,fake_50531.jpg,Fake,Fake,1.0,QF80,80
F02327,fake_38926.jpg,Fake,Fake,1.0,QF80,80
F03071,fake_48772.jpg,Fake,Fake,1.0,QF80,80
F02260,fake_3797.jpg,Fake,Fake,0.84668,QF80,80
F00213,fake_12570.jpg,Fake,Fake,1.0,QF80,80
F02002,fake_34227.jpg,Fake,Fake,0.990234,QF80,80
F03754,fake_57633.jpg,Fake,Fake,0.959961,QF80,80
F03660,fake_56352.jpg,Fake,Real,0.000646,QF80,80
F02518,fake_41777.jpg,Fake,Fake,1.0,QF80,80
F01935,fake_33432.jpg,Fake,Fake,0.994629,QF80,80
F04704,fake_68961.jpg,Fake,Fake,0.986816,QF80,80
F04493,fake_66534.jpg,Fake,Fake,0.933594,QF80,80
F01443,fake_27389.jpg,Fake,Fake,1.0,QF80,80
F01675,fake_30310.jpg,Fake,Fake,1.0,QF80,80
F04539,fake_67156.jpg,Fake,Fake,1.0,QF80,80
F01418,fake_2711.jpg,Fake,Real,0.092712,QF80,80
F02444,fake_40695.jpg,Fake,Fake,1.0,QF80,80
F04504,fake_66709.jpg,Fake,Fake,0.992188,QF80,80
F00449,fake_1564.jpg,Fake,Fake,0.994141,QF80,80
F01785,fake_31545.jpg,Fake,Fake,1.0,QF80,80
F04722,fake_69226.jpg,Fake,Fake,1.0,QF80,80
F04871,fake_8306.jpg,Fake,Fake,0.964355,QF80,80
F04399,fake_65505.jpg,Fake,Fake,0.951172,QF80,80
F00166,fake_11933.jpg,Fake,Fake,1.0,QF80,80
F00842,fake_20677.jpg,Fake,Fake,1.0,QF80,80
F00916,fake_21565.jpg,Fake,Fake,1.0,QF80,80
F04614,fake_68003.jpg,Fake,Fake,0.99707,QF80,80
F02745,fake_44717.jpg,Fake,Fake,1.0,QF80,80
F01771,fake_31330.jpg,Fake,Fake,0.976074,QF80,80
F02613,fake_43091.jpg,Fake,Fake,1.0,QF80,80
F04219,fake_63361.jpg,Fake,Fake,0.998535,QF80,80
F03784,fake_58018.jpg,Fake,Fake,1.0,QF80,80
F04289,fake_64116.jpg,Fake,Fake,1.0,QF80,80
F04159,fake_62522.jpg,Fake,Fake,0.834961,QF80,80
F02117,fake_3576.jpg,Fake,Fake,0.996582,QF80,80
F03518,fake_5464.jpg,Fake,Fake,0.996094,QF80,80
F01557,fake_2890.jpg,Fake,Fake,0.963867,QF80,80
F04604,fake_67923.jpg,Fake,Fake,0.88916,QF80,80
F00020,fake_10285.jpg,Fake,Fake,1.0,QF80,80
F04978,fake_9770.jpg,Fake,Fake,0.998047,QF80,80
F02914,fake_46752.jpg,Fake,Fake,1.0,QF80,80
F00238,fake_12912.jpg,Fake,Fake,0.978027,QF80,80
F03045,fake_48450.jpg,Fake,Fake,1.0,QF80,80
F04833,fake_7739.jpg,Fake,Fake,0.999512,QF80,80
F01974,fake_33851.jpg,Fake,Fake,0.999512,QF80,80
F04353,fake_64881.jpg,Fake,Fake,0.998535,QF80,80
F00498,fake_16264.jpg,Fake,Fake,1.0,QF80,80
F04241,fake_63558.jpg,Fake,Real,0.144165,QF80,80
F03127,fake_49511.jpg,Fake,Fake,1.0,QF80,80
F00038,fake_10507.jpg,Fake,Fake,1.0,QF80,80
F04260,fake_63723.jpg,Fake,Fake,1.0,QF80,80
F03296,fake_51793.jpg,Fake,Fake,0.758301,QF80,80
F01222,fake_24807.jpg,Fake,Fake,0.997559,QF80,80
F01877,fake_32670.jpg,Fake,Real,0.222168,QF80,80
F02229,fake_37569.jpg,Fake,Fake,1.0,QF80,80
F03145,fake_49756.jpg,Fake,Fake,0.999023,QF80,80
F00827,fake_2053.jpg,Fake,Fake,1.0,QF80,80
F01343,fake_26301.jpg,Fake,Fake,1.0,QF80,80
F00106,fake_11248.jpg,Fake,Fake,0.972656,QF80,80
F01590,fake_29262.jpg,Fake,Fake,0.999512,QF80,80
F01332,fake_26193.jpg,Fake,Fake,0.949219,QF80,80
F00053,fake_10682.jpg,Fake,Fake,1.0,QF80,80
F02168,fake_36486.jpg,Fake,Fake,0.999512,QF80,80
F00584,fake_17455.jpg,Fake,Fake,0.997559,QF80,80
F01484,fake_27822.jpg,Fake,Fake,0.998535,QF80,80
F04326,fake_64555.jpg,Fake,Fake,0.999023,QF80,80
F02028,fake_34547.jpg,Fake,Fake,0.70166,QF80,80
F00749,fake_19730.jpg,Fake,Fake,1.0,QF80,80
F02680,fake_43896.jpg,Fake,Fake,0.999023,QF80,80
F03501,fake_54471.jpg,Fake,Fake,0.984863,QF80,80
F02413,fake_40229.jpg,Fake,Fake,1.0,QF80,80
F03771,fake_57855.jpg,Fake,Fake,1.0,QF80,80
F01671,fake_3024.jpg,Fake,Fake,1.0,QF80,80
F02871,fake_4616.jpg,Fake,Fake,1.0,QF80,80
F00171,fake_12046.jpg,Fake,Fake,0.998535,QF80,80
F01613,fake_29592.jpg,Fake,Fake,0.823242,QF80,80
F00023,fake_10360.jpg,Fake,Fake,0.999023,QF80,80
F04090,fake_61606.jpg,Fake,Fake,1.0,QF80,80
F00486,fake_16180.jpg,Fake,Real,0.010567,QF80,80
F03753,fake_57581.jpg,Fake,Fake,1.0,QF80,80
F02271,fake_3813.jpg,Fake,Fake,1.0,QF80,80
F01945,fake_33531.jpg,Fake,Fake,1.0,QF80,80
F01635,fake_29850.jpg,Fake,Real,0.224854,QF80,80
F04218,fake_63327.jpg,Fake,Fake,0.996582,QF80,80
F03128,fake_49526.jpg,Fake,Fake,1.0,QF80,80
F01202,fake_24620.jpg,Fake,Fake,0.717285,QF80,80
F01702,fake_3068.jpg,Fake,Fake,1.0,QF80,80
F03462,fake_54014.jpg,Fake,Fake,0.999512,QF80,80
F00666,fake_18497.jpg,Fake,Fake,0.984375,QF80,80
F00149,fake_11692.jpg,Fake,Fake,0.996582,QF80,80
F03317,fake_52060.jpg,Fake,Fake,0.997559,QF80,80
F03429,fake_53552.jpg,Fake,Fake,0.996582,QF80,80
F03867,fake_59170.jpg,Fake,Fake,0.999512,QF80,80
F00028,fake_10420.jpg,Fake,Fake,0.998535,QF80,80
F00193,fake_1233.jpg,Fake,Fake,1.0,QF80,80
F00746,fake_19699.jpg,Fake,Fake,0.99707,QF80,80
F03657,fake_56332.jpg,Fake,Fake,0.758789,QF80,80
F04211,fake_63249.jpg,Fake,Fake,1.0,QF80,80
F03206,fake_50468.jpg,Fake,Fake,0.999512,QF80,80
F04824,fake_7594.jpg,Fake,Fake,1.0,QF80,80
F04176,fake_62663.jpg,Fake,Fake,0.998047,QF80,80
F00090,fake_11116.jpg,Fake,Fake,1.0,QF80,80
F04475,fake_66281.jpg,Fake,Fake,0.999512,QF80,80
F04336,fake_64692.jpg,Fake,Fake,0.998047,QF80,80
F04811,fake_7472.jpg,Fake,Fake,0.999023,QF80,80
F01920,fake_33203.jpg,Fake,Fake,0.999512,QF80,80
F00989,fake_22409.jpg,Fake,Fake,0.953125,QF80,80
F01665,fake_30192.jpg,Fake,Fake,1.0,QF80,80
F02677,fake_43854.jpg,Fake,Fake,1.0,QF80,80
F04324,fake_64547.jpg,Fake,Fake,0.603027,QF80,80
F03102,fake_49247.jpg,Fake,Fake,0.999512,QF80,80
F04403,fake_65525.jpg,Fake,Fake,0.999023,QF80,80
F02298,fake_38493.jpg,Fake,Fake,1.0,QF80,80
F03847,fake_5891.jpg,Fake,Fake,0.995117,QF80,80
F03850,fake_58946.jpg,Fake,Fake,1.0,QF80,80
F03694,fake_56789.jpg,Fake,Fake,1.0,QF80,80
F00872,fake_21035.jpg,Fake,Fake,1.0,QF80,80
F04553,fake_67355.jpg,Fake,Fake,1.0,QF80,80
F01855,fake_32394.jpg,Fake,Fake,0.998535,QF80,80
F02318,fake_38846.jpg,Fake,Fake,1.0,QF80,80
F04284,fake_64069.jpg,Fake,Fake,0.999512,QF80,80
F01303,fake_25747.jpg,Fake,Fake,1.0,QF80,80
F03870,fake_59184.jpg,Fake,Fake,0.999512,QF80,80
F00548,fake_1690.jpg,Fake,Fake,1.0,QF80,80
F04542,fake_67199.jpg,Fake,Fake,1.0,QF80,80
F03730,fake_57294.jpg,Fake,Fake,1.0,QF80,80
F01756,fake_31220.jpg,Fake,Fake,1.0,QF80,80
F03797,fake_58249.jpg,Fake,Real,0.001202,QF80,80
F01299,fake_25683.jpg,Fake,Fake,0.992188,QF80,80
F00081,fake_10992.jpg,Fake,Fake,0.996582,QF80,80
F03001,fake_47777.jpg,Fake,Fake,0.99707,QF80,80
F03471,fake_54110.jpg,Fake,Fake,0.981934,QF80,80
F00192,fake_12326.jpg,Fake,Fake,0.995605,QF80,80
F03040,fake_48370.jpg,Fake,Fake,1.0,QF80,80
F03729,fake_57284.jpg,Fake,Fake,0.975586,QF80,80
F01544,fake_28660.jpg,Fake,Fake,1.0,QF80,80
F03910,fake_5969.jpg,Fake,Fake,1.0,QF80,80
F01909,fake_33010.jpg,Fake,Fake,1.0,QF80,80
F02114,fake_357.jpg,Fake,Fake,1.0,QF80,80
F04892,fake_8570.jpg,Fake,Fake,1.0,QF80,80
F02874,fake_4623.jpg,Fake,Fake,1.0,QF80,80
F00305,fake_1378.jpg,Fake,Fake,0.998535,QF80,80
F04541,fake_67183.jpg,Fake,Fake,0.999512,QF80,80
F04060,fake_61280.jpg,Fake,Fake,1.0,QF80,80
F03441,fake_53694.jpg,Fake,Fake,1.0,QF80,80
F00763,fake_1986.jpg,Fake,Fake,0.995117,QF80,80
F02406,fake_40108.jpg,Fake,Fake,1.0,QF80,80
F03044,fake_48439.jpg,Fake,Fake,1.0,QF80,80
F01015,fake_22685.jpg,Fake,Fake,1.0,QF80,80
F00474,fake_16081.jpg,Fake,Fake,0.98291,QF80,80
F00678,fake_1877.jpg,Fake,Fake,0.999023,QF80,80
F00117,fake_11365.jpg,Fake,Fake,1.0,QF80,80
F02831,fake_45711.jpg,Fake,Fake,1.0,QF80,80
F01551,fake_28777.jpg,Fake,Fake,0.99707,QF80,80
F02222,fake_37468.jpg,Fake,Fake,0.998535,QF80,80
F04754,fake_69542.jpg,Fake,Fake,1.0,QF80,80
F00261,fake_13265.jpg,Fake,Fake,1.0,QF80,80
F00364,fake_14607.jpg,Fake,Fake,1.0,QF80,80
F03362,fake_5263.jpg,Fake,Fake,0.98584,QF80,80
F00767,fake_19903.jpg,Fake,Fake,0.975586,QF80,80
F04792,fake_7198.jpg,Fake,Fake,1.0,QF80,80
F00677,fake_18726.jpg,Fake,Real,0.466797,QF80,80
F03646,fake_56167.jpg,Fake,Fake,0.750977,QF80,80
F03082,fake_48859.jpg,Fake,Fake,0.999512,QF80,80
F02938,fake_46990.jpg,Fake,Fake,1.0,QF80,80
F02346,fake_39184.jpg,Fake,Fake,0.999023,QF80,80
F03542,fake_550.jpg,Fake,Fake,0.972168,QF80,80
F00111,fake_11282.jpg,Fake,Fake,0.99707,QF80,80
F03490,fake_54312.jpg,Fake,Fake,0.952148,QF80,80
F04806,fake_7426.jpg,Fake,Fake,0.997559,QF80,80
F01681,fake_30440.jpg,Fake,Fake,1.0,QF80,80
F00565,fake_17156.jpg,Fake,Fake,1.0,QF80,80
F02636,fake_43317.jpg,Fake,Fake,0.990234,QF80,80
F04506,fake_66752.jpg,Fake,Fake,1.0,QF80,80
F02035,fake_34662.jpg,Fake,Fake,0.996582,QF80,80
F02396,fake_39920.jpg,Fake,Fake,1.0,QF80,80
F03062,fake_48640.jpg,Fake,Fake,0.987305,QF80,80
F01814,fake_3194.jpg,Fake,Fake,0.994629,QF80,80
F00776,fake_19995.jpg,Fake,Fake,0.999512,QF80,80
F01691,fake_30556.jpg,Fake,Fake,0.998047,QF80,80
F01242,fake_25029.jpg,Fake,Fake,0.999023,QF80,80
F04802,fake_7342.jpg,Fake,Fake,0.999512,QF80,80
F02747,fake_44746.jpg,Fake,Fake,0.998535,QF80,80
F00490,fake_16193.jpg,Fake,Fake,1.0,QF80,80
F00082,fake_10997.jpg,Fake,Fake,1.0,QF80,80
F03507,fake_54524.jpg,Fake,Fake,0.991699,QF80,80
F03205,fake_50447.jpg,Fake,Fake,1.0,QF80,80
F03549,fake_55069.jpg,Fake,Fake,0.990723,QF80,80
F00086,fake_11074.jpg,Fake,Fake,1.0,QF80,80
F04561,fake_67410.jpg,Fake,Fake,1.0,QF80,80
F04143,fake_62370.jpg,Fake,Fake,0.98584,QF80,80
F03763,fake_57721.jpg,Fake,Fake,0.999512,QF80,80
F02798,fake_45406.jpg,Fake,Fake,1.0,QF80,80
F04966,fake_9593.jpg,Fake,Fake,0.979004,QF80,80
F04904,fake_8727.jpg,Fake,Fake,1.0,QF80,80
F03184,fake_5019.jpg,Fake,Fake,0.999512,QF80,80
F04592,fake_67812.jpg,Fake,Fake,1.0,QF80,80
F02475,fake_41144.jpg,Fake,Fake,0.989746,QF80,80
F04096,fake_6168.jpg,Fake,Fake,0.998535,QF80,80
F02611,fake_4307.jpg,Fake,Fake,1.0,QF80,80
F02948,fake_47094.jpg,Fake,Fake,1.0,QF80,80
F04014,fake_60760.jpg,Fake,Fake,0.99707,QF80,80
F01254,fake_25137.jpg,Fake,Fake,0.987305,QF80,80
F04876,fake_8345.jpg,Fake,Fake,0.989258,QF80,80
F04271,fake_63899.jpg,Fake,Fake,0.979492,QF80,80
F02932,fake_46952.jpg,Fake,Fake,1.0,QF80,80
F03220,fake_50701.jpg,Fake,Fake,1.0,QF80,80
F01597,fake_29362.jpg,Fake,Fake,0.994629,QF80,80
F00191,fake_12321.jpg,Fake,Fake,1.0,QF80,80
F00629,fake_17968.jpg,Fake,Fake,1.0,QF80,80
F02009,fake_34285.jpg,Fake,Fake,1.0,QF80,80
F03829,fake_58732.jpg,Fake,Real,1e-06,QF80,80
F02065,fake_34996.jpg,Fake,Fake,0.984375,QF80,80
F02638,fake_43376.jpg,Fake,Fake,1.0,QF80,80
F03318,fake_52069.jpg,Fake,Fake,0.995605,QF80,80
F04209,fake_63197.jpg,Fake,Fake,0.947754,QF80,80
F00918,fake_21588.jpg,Fake,Fake,0.993652,QF80,80
F04831,fake_7720.jpg,Fake,Fake,0.947266,QF80,80
F01624,fake_29743.jpg,Fake,Fake,1.0,QF80,80
F04204,fake_63130.jpg,Fake,Fake,0.992676,QF80,80
F02591,fake_42783.jpg,Fake,Fake,1.0,QF80,80
F02464,fake_40984.jpg,Fake,Fake,1.0,QF80,80
F04163,fake_62578.jpg,Fake,Fake,0.998535,QF80,80
F01788,fake_31597.jpg,Fake,Fake,0.650391,QF80,80
F04807,fake_7451.jpg,Fake,Fake,0.999512,QF80,80
F03078,fake_48837.jpg,Fake,Real,0.397461,QF80,80
F03469,fake_54101.jpg,Fake,Fake,0.98291,QF80,80
F01531,fake_28436.jpg,Fake,Fake,0.79834,QF80,80
F04583,fake_67680.jpg,Fake,Fake,0.935547,QF80,80
F03642,fake_56133.jpg,Fake,Fake,0.972656,QF80,80
F02201,fake_37094.jpg,Fake,Fake,0.973633,QF80,80
F00318,fake_13900.jpg,Fake,Fake,1.0,QF80,80
F01080,fake_23346.jpg,Fake,Fake,1.0,QF80,80
F00443,fake_1558.jpg,Fake,Fake,1.0,QF80,80
F00861,fake_20941.jpg,Fake,Fake,1.0,QF80,80
F04108,fake_61911.jpg,Fake,Fake,0.985352,QF80,80
F01082,fake_23371.jpg,Fake,Fake,0.999512,QF80,80
F02839,fake_4579.jpg,Fake,Fake,0.999512,QF80,80
F03788,fake_58068.jpg,Fake,Fake,0.999512,QF80,80
F01700,fake_30659.jpg,Fake,Fake,0.977051,QF80,80
F04430,fake_65893.jpg,Fake,Real,0.067932,QF80,80
F03058,fake_48607.jpg,Fake,Fake,1.0,QF80,80
F00984,fake_22328.jpg,Fake,Fake,1.0,QF80,80
F00413,fake_15206.jpg,Fake,Fake,1.0,QF80,80
F01831,fake_32169.jpg,Fake,Fake,1.0,QF80,80
F04659,fake_68487.jpg,Fake,Fake,1.0,QF80,80
F03227,fake_50888.jpg,Fake,Fake,1.0,QF80,80
F04064,fake_61336.jpg,Fake,Fake,1.0,QF80,80
F02849,fake_45923.jpg,Fake,Fake,1.0,QF80,80
F01186,fake_24501.jpg,Fake,Fake,0.998535,QF80,80
F01100,fake_23585.jpg,Fake,Fake,1.0,QF80,80
F00790,fake_2012.jpg,Fake,Fake,0.997559,QF80,80
F04359,fake_64955.jpg,Fake,Fake,1.0,QF80,80
F01081,fake_23354.jpg,Fake,Fake,1.0,QF80,80
F02610,fake_43046.jpg,Fake,Fake,0.624512,QF80,80
F01843,fake_32283.jpg,Fake,Fake,1.0,QF80,80
F00095,fake_11144.jpg,Fake,Fake,1.0,QF80,80
F01271,fake_25343.jpg,Fake,Fake,1.0,QF80,80
F03059,fake_48611.jpg,Fake,Real,0.006851,QF80,80
F04150,fake_62433.jpg,Fake,Fake,1.0,QF80,80
F04886,fake_8512.jpg,Fake,Fake,0.958984,QF80,80
F03435,fake_53605.jpg,Fake,Fake,0.957031,QF80,80
F01127,fake_23859.jpg,Fake,Fake,0.999512,QF80,80
F04035,fake_60982.jpg,Fake,Fake,1.0,QF80,80
F02019,fake_34433.jpg,Fake,Fake,1.0,QF80,80
F04930,fake_9102.jpg,Fake,Fake,1.0,QF80,80
F00660,fake_18400.jpg,Fake,Fake,0.998047,QF80,80
F02916,fake_46763.jpg,Fake,Fake,0.999512,QF80,80
F00050,fake_10629.jpg,Fake,Fake,1.0,QF80,80
F02635,fake_43310.jpg,Fake,Fake,1.0,QF80,80
F01511,fake_2818.jpg,Fake,Fake,0.994629,QF80,80
F01395,fake_26886.jpg,Fake,Fake,1.0,QF80,80
F00817,fake_2043.jpg,Fake,Fake,1.0,QF80,80
F04195,fake_63001.jpg,Fake,Fake,1.0,QF80,80
F00750,fake_19735.jpg,Fake,Fake,0.997559,QF80,80
F02840,fake_45817.jpg,Fake,Fake,1.0,QF80,80
F03863,fake_5910.jpg,Fake,Fake,1.0,QF80,80
F04645,fake_68343.jpg,Fake,Fake,0.991211,QF80,80
F01649,fake_30073.jpg,Fake,Fake,0.996094,QF80,80
F02632,fake_4329.jpg,Fake,Fake,1.0,QF80,80
F02603,fake_4296.jpg,Fake,Fake,0.999023,QF80,80
F02243,fake_37777.jpg,Fake,Fake,0.983887,QF80,80
F02516,fake_41764.jpg,Fake,Fake,1.0,QF80,80
F04154,fake_62482.jpg,Fake,Fake,0.990234,QF80,80
F01667,fake_30200.jpg,Fake,Fake,0.94043,QF80,80
F04256,fake_63675.jpg,Fake,Fake,1.0,QF80,80
F04894,fake_8614.jpg,Fake,Fake,0.999512,QF80,80
F03791,fake_58171.jpg,Fake,Fake,1.0,QF80,80
F02320,fake_3887.jpg,Fake,Fake,0.969238,QF80,80
F00725,fake_19364.jpg,Fake,Fake,0.999512,QF80,80
F03176,fake_50111.jpg,Fake,Fake,1.0,QF80,80
F00472,fake_16074.jpg,Fake,Fake,0.993652,QF80,80
F01554,fake_28872.jpg,Fake,Fake,0.994141,QF80,80
F02308,fake_38619.jpg,Fake,Fake,1.0,QF80,80
F01300,fake_25710.jpg,Fake,Fake,0.998535,QF80,80
F02937,fake_4697.jpg,Fake,Fake,1.0,QF80,80
F00858,fake_20906.jpg,Fake,Fake,1.0,QF80,80
F04468,fake_66184.jpg,Fake,Fake,0.830078,QF80,80
F04731,fake_69306.jpg,Fake,Fake,0.832031,QF80,80
F03327,fake_52214.jpg,Fake,Fake,1.0,QF80,80
F00404,fake_15148.jpg,Fake,Fake,0.999512,QF80,80
F00125,fake_11446.jpg,Fake,Fake,0.999512,QF80,80
F04652,fake_68410.jpg,Fake,Fake,0.703613,QF80,80
F03534,fake_54892.jpg,Fake,Real,0.498535,QF80,80
F02162,fake_36423.jpg,Fake,Fake,0.994141,QF80,80
F04319,fake_64470.jpg,Fake,Fake,0.955566,QF80,80
F03834,fake_5877.jpg,Fake,Fake,1.0,QF80,80
F02042,fake_34739.jpg,Fake,Fake,1.0,QF80,80
F02470,fake_41102.jpg,Fake,Fake,1.0,QF80,80
F00511,fake_16407.jpg,Fake,Real,0.39917,QF80,80
F03416,fake_53425.jpg,Fake,Fake,1.0,QF80,80
F04805,fake_7370.jpg,Fake,Fake,0.932129,QF80,80
F02359,fake_39367.jpg,Fake,Fake,0.997559,QF80,80
F03818,fake_58591.jpg,Fake,Fake,0.970703,QF80,80
F02392,fake_39856.jpg,Fake,Fake,1.0,QF80,80
F02030,fake_34562.jpg,Fake,Fake,0.999023,QF80,80
F01978,fake_33927.jpg,Fake,Fake,0.999023,QF80,80
F03208,fake_50491.jpg,Fake,Fake,1.0,QF80,80
F00005,fake_10072.jpg,Fake,Fake,1.0,QF80,80
F01758,fake_31230.jpg,Fake,Fake,1.0,QF80,80
F02402,fake_40021.jpg,Fake,Fake,0.956543,QF80,80
F04762,fake_69663.jpg,Fake,Fake,0.999512,QF80,80
F03975,fake_60352.jpg,Fake,Fake,1.0,QF80,80
F03092,fake_49076.jpg,Fake,Fake,0.998047,QF80,80
F01722,fake_30861.jpg,Fake,Fake,1.0,QF80,80
F02289,fake_38326.jpg,Fake,Fake,1.0,QF80,80
F02751,fake_44778.jpg,Fake,Fake,1.0,QF80,80
F01614,fake_29595.jpg,Fake,Fake,1.0,QF80,80
F01184,fake_24479.jpg,Fake,Fake,1.0,QF80,80
F01591,fake_29263.jpg,Fake,Fake,0.999512,QF80,80
F02006,fake_34275.jpg,Fake,Fake,0.597168,QF80,80
F01153,fake_24140.jpg,Fake,Fake,1.0,QF80,80
F02809,fake_45513.jpg,Fake,Fake,0.997559,QF80,80
F04835,fake_7793.jpg,Fake,Real,0.249023,QF80,80
F02659,fake_43562.jpg,Fake,Fake,1.0,QF80,80
F00096,fake_1116.jpg,Fake,Fake,1.0,QF80,80
F02089,fake_35254.jpg,Fake,Fake,0.975586,QF80,80
F00127,fake_11462.jpg,Fake,Fake,1.0,QF80,80
F03826,fake_58710.jpg,Fake,Fake,0.979492,QF80,80
F00888,fake_21282.jpg,Fake,Fake,1.0,QF80,80
F02292,fake_3837.jpg,Fake,Fake,1.0,QF80,80
F01039,fake_22938.jpg,Fake,Fake,1.0,QF80,80
F02329,fake_38933.jpg,Fake,Fake,0.997559,QF80,80
F03415,fake_534.jpg,Fake,Fake,0.984375,QF80,80
F03105,fake_49269.jpg,Fake,Fake,0.993164,QF80,80
F02814,fake_45560.jpg,Fake,Fake,0.998535,QF80,80
F00575,fake_17333.jpg,Fake,Fake,0.998535,QF80,80
F03433,fake_53600.jpg,Fake,Fake,1.0,QF80,80
F02306,fake_3859.jpg,Fake,Real,0.096863,QF80,80
F01711,fake_30757.jpg,Fake,Fake,1.0,QF80,80
F01350,fake_26385.jpg,Fake,Fake,1.0,QF80,80
F03249,fake_51155.jpg,Fake,Fake,0.996094,QF80,80
F03119,fake_49431.jpg,Fake,Fake,0.917969,QF80,80
F02992,fake_47676.jpg,Fake,Fake,1.0,QF80,80
F03540,fake_54992.jpg,Fake,Fake,1.0,QF80,80
F04144,fake_62372.jpg,Fake,Fake,1.0,QF80,80
F03983,fake_60414.jpg,Fake,Fake,0.998535,QF80,80
F02123,fake_35820.jpg,Fake,Real,0.080811,QF80,80
F02024,fake_34470.jpg,Fake,Fake,0.982422,QF80,80
F02282,fake_38261.jpg,Fake,Fake,1.0,QF80,80
F01441,fake_27382.jpg,Fake,Fake,1.0,QF80,80
F04264,fake_63781.jpg,Fake,Fake,0.999023,QF80,80
F00236,fake_12835.jpg,Fake,Fake,1.0,QF80,80
F04477,fake_66339.jpg,Fake,Fake,0.993652,QF80,80
F04594,fake_67843.jpg,Fake,Fake,1.0,QF80,80
F04895,fake_8615.jpg,Fake,Fake,1.0,QF80,80
F04670,fake_68639.jpg,Fake,Fake,0.994629,QF80,80
F00451,fake_1566.jpg,Fake,Fake,0.978516,QF80,80
F04808,fake_7454.jpg,Fake,Fake,1.0,QF80,80
F03011,fake_48003.jpg,Fake,Fake,0.996094,QF80,80
F00674,fake_18677.jpg,Fake,Fake,1.0,QF80,80
F04784,fake_701.jpg,Fake,Fake,0.998047,QF80,80
F04472,fake_66246.jpg,Fake,Fake,0.999023,QF80,80
F02174,fake_36613.jpg,Fake,Fake,0.869141,QF80,80
F04081,fake_61465.jpg,Fake,Fake,1.0,QF80,80
F04929,fake_9098.jpg,Fake,Fake,1.0,QF80,80
F00504,fake_16337.jpg,Fake,Fake,0.805664,QF80,80
F02485,fake_41330.jpg,Fake,Fake,0.999023,QF80,80
F01115,fake_23768.jpg,Fake,Fake,1.0,QF80,80
F03528,fake_54842.jpg,Fake,Fake,1.0,QF80,80
F00915,fake_21557.jpg,Fake,Fake,0.989258,QF80,80
F01397,fake_26900.jpg,Fake,Fake,1.0,QF80,80
F00997,fake_22493.jpg,Fake,Fake,1.0,QF80,80
F01253,fake_25125.jpg,Fake,Fake,0.953125,QF80,80
F03615,fake_55896.jpg,Fake,Fake,0.998047,QF80,80
F00988,fake_22403.jpg,Fake,Fake,1.0,QF80,80
F02999,fake_47769.jpg,Fake,Fake,0.994141,QF80,80
F04956,fake_9473.jpg,Fake,Fake,0.99707,QF80,80
F03670,fake_56496.jpg,Fake,Fake,0.999512,QF80,80
F00270,fake_13352.jpg,Fake,Fake,0.98584,QF80,80
F04135,fake_62205.jpg,Fake,Fake,0.998535,QF80,80
F01109,fake_23694.jpg,Fake,Fake,0.999023,QF80,80
F04515,fake_66865.jpg,Fake,Fake,1.0,QF80,80
F04225,fake_63401.jpg,Fake,Fake,0.942383,QF80,80
F00949,fake_21934.jpg,Fake,Fake,0.87207,QF80,80
F02988,fake_476.jpg,Fake,Fake,1.0,QF80,80
F00766,fake_19899.jpg,Fake,Fake,1.0,QF80,80
F01496,fake_28014.jpg,Fake,Fake,0.999512,QF80,80
F04065,fake_61353.jpg,Fake,Fake,0.996094,QF80,80
F02257,fake_37925.jpg,Fake,Fake,1.0,QF80,80
F02171,fake_36548.jpg,Fake,Real,0.401367,QF80,80
F01221,fake_24784.jpg,Fake,Fake,0.999512,QF80,80
F01347,fake_2635.jpg,Fake,Fake,0.999512,QF80,80
F01406,fake_2700.jpg,Fake,Fake,1.0,QF80,80
F01774,fake_31391.jpg,Fake,Fake,0.999512,QF80,80
F01401,fake_26951.jpg,Fake,Fake,0.999512,QF80,80
F03034,fake_48293.jpg,Fake,Fake,1.0,QF80,80
R04351,real_64598.jpg,Real,Real,0.003708,QF60,60
R04113,real_61817.jpg,Real,Real,0.000339,QF60,60
R04884,real_8487.jpg,Real,Real,0.000111,QF60,60
R01665,real_31107.jpg,Real,Real,2.8e-05,QF60,60
R01757,real_32395.jpg,Real,Real,0.0,QF60,60
R03639,real_55818.jpg,Real,Real,0.001965,QF60,60
R04421,real_6560.jpg,Real,Real,0.0,QF60,60
R03637,real_55812.jpg,Real,Real,2e-05,QF60,60
R03035,real_48352.jpg,Real,Real,2.9e-05,QF60,60
R03516,real_54490.jpg,Real,Real,0.017044,QF60,60
R04758,real_69855.jpg,Real,Real,0.0,QF60,60
R01918,real_34729.jpg,Real,Real,0.039856,QF60,60
R00902,real_21779.jpg,Real,Real,0.00452,QF60,60
R01123,real_24384.jpg,Real,Real,0.0,QF60,60
R02689,real_44260.jpg,Real,Real,0.13147,QF60,60
R01961,real_35264.jpg,Real,Real,2.1e-05,QF60,60
R00835,real_20971.jpg,Real,Real,0.005322,QF60,60
R02395,real_40645.jpg,Real,Real,0.013847,QF60,60
R01304,real_26565.jpg,Real,Real,0.0,QF60,60
R00919,real_21928.jpg,Real,Real,1.4e-05,QF60,60
R00164,real_1230.jpg,Real,Real,4.6e-05,QF60,60
R04093,real_61605.jpg,Real,Real,0.0,QF60,60
R03317,real_52172.jpg,Real,Real,4.1e-05,QF60,60
R00931,real_22078.jpg,Real,Real,0.007259,QF60,60
R00840,real_20985.jpg,Real,Real,0.00404,QF60,60
R04919,real_8856.jpg,Real,Real,0.0,QF60,60
R00294,real_1436.jpg,Real,Real,0.0,QF60,60
R02424,real_41019.jpg,Real,Real,0.1427,QF60,60
R02575,real_4281.jpg,Real,Real,5.1e-05,QF60,60
R00800,real_20633.jpg,Real,Real,0.07251,QF60,60
R04751,real_69799.jpg,Real,Real,0.001755,QF60,60
R01175,real_25208.jpg,Real,Real,0.002958,QF60,60
R01451,real_28339.jpg,Real,Real,5.9e-05,QF60,60
R02067,real_36503.jpg,Real,Real,1.4e-05,QF60,60
R00717,real_19507.jpg,Real,Real,0.006168,QF60,60
R02851,real_46222.jpg,Real,Real,0.005554,QF60,60
R01423,real_28098.jpg,Real,Real,0.000124,QF60,60
R04965,real_9578.jpg,Real,Real,0.032288,QF60,60
R04963,real_9561.jpg,Real,Real,0.0,QF60,60
R02688,real_4425.jpg,Real,Real,0.000823,QF60,60
R00544,real_17460.jpg,Real,Real,0.166992,QF60,60
R04902,real_8716.jpg,Real,Real,0.00073,QF60,60
R03812,real_58016.jpg,Real,Real,0.000981,QF60,60
R03686,real_56543.jpg,Real,Real,0.010986,QF60,60
R03910,real_59109.jpg,Real,Real,0.001235,QF60,60
R01878,real_34025.jpg,Real,Real,8.9e-05,QF60,60
R00731,real_19711.jpg,Real,Real,0.0,QF60,60
R04137,real_62142.jpg,Real,Real,0.002747,QF60,60
R01850,real_33672.jpg,Real,Real,0.000178,QF60,60
R01490,real_28800.jpg,Real,Real,7e-06,QF60,60
R04465,real_66131.jpg,Real,Real,7e-06,QF60,60
R03833,real_58270.jpg,Real,Real,1e-06,QF60,60
R01688,real_31397.jpg,Real,Real,0.0,QF60,60
R00226,real_13252.jpg,Real,Real,4e-06,QF60,60
R04781,real_7210.jpg,Real,Real,0.147949,QF60,60
R00377,real_15334.jpg,Real,Real,0.0,QF60,60
R01494,real_28839.jpg,Real,Real,8.9e-05,QF60,60
R04111,real_61792.jpg,Real,Real,0.014282,QF60,60
R03324,real_52254.jpg,Real,Real,0.000118,QF60,60
R02664,real_43899.jpg,Real,Real,0.0,QF60,60
R02342,real_39772.jpg,Real,Real,0.00012,QF60,60
R00970,real_22539.jpg,Real,Real,1e-06,QF60,60
R02253,real_38765.jpg,Real,Real,0.01178,QF60,60
R03227,real_50831.jpg,Real,Real,0.003593,QF60,60
R04662,real_68670.jpg,Real,Real,0.003593,QF60,60
R03066,real_48872.jpg,Real,Real,0.0,QF60,60
R04247,real_63388.jpg,Real,Real,0.001681,QF60,60
R00222,real_13178.jpg,Real,Real,3.3e-05,QF60,60
R03065,real_48842.jpg,Real,Real,0.056122,QF60,60
R01449,real_2833.jpg,Real,Real,0.046997,QF60,60
R03241,real_5104.jpg,Real,Real,3.1e-05,QF60,60
R03339,real_52376.jpg,Real,Real,0.000115,QF60,60
R03380,real_52781.jpg,Real,Real,0.0,QF60,60
R00033,real_10545.jpg,Real,Real,0.0,QF60,60
R01189,real_25417.jpg,Real,Real,0.00215,QF60,60
R01200,real_25541.jpg,Real,Real,0.191528,QF60,60
R01421,real_28068.jpg,Real,Real,2.5e-05,QF60,60
R02097,real_36889.jpg,Real,Real,0.0,QF60,60
R04892,real_8641.jpg,Real,Real,2.9e-05,QF60,60
R01240,real_25952.jpg,Real,Real,0.000767,QF60,60
R03488,real_54143.jpg,Real,Real,0.00198,QF60,60
R00048,real_10749.jpg,Real,Fake,0.562988,QF60,60
R01611,real_30492.jpg,Real,Real,1.6e-05,QF60,60
R01527,real_29318.jpg,Real,Real,0.0,QF60,60
R03773,real_5748.jpg,Real,Real,0.061432,QF60,60
R02822,real_4584.jpg,Real,Real,0.132812,QF60,60
R04732,real_69538.jpg,Real,Real,0.003052,QF60,60
R00203,real_12979.jpg,Real,Real,0.0,QF60,60
R01435,real_28206.jpg,Real,Real,8e-06,QF60,60
R02473,real_41534.jpg,Real,Real,2.7e-05,QF60,60
R02906,real_46946.jpg,Real,Real,0.000267,QF60,60
R01383,real_27640.jpg,Real,Real,0.008377,QF60,60
R04763,real_69894.jpg,Real,Real,0.000285,QF60,60
R00895,real_21697.jpg,Real,Real,0.000573,QF60,60
R00701,real_1932.jpg,Real,Real,0.039856,QF60,60
R01031,real_23333.jpg,Real,Real,0.0,QF60,60
R00147,real_12030.jpg,Real,Real,0.001221,QF60,60
R02392,real_4060.jpg,Real,Real,0.000612,QF60,60
R02293,real_39275.jpg,Real,Real,0.0,QF60,60
R01337,real_27055.jpg,Real,Real,0.000227,QF60,60
R01455,real_28412.jpg,Real,Real,1e-05,QF60,60
R01141,real_24704.jpg,Real,Real,0.0,QF60,60
R02058,real_3642.jpg,Real,Real,0.046631,QF60,60
R01799,real_32944.jpg,Real,Real,0.056763,QF60,60
R01124,real_24405.jpg,Real,Real,0.013168,QF60,60
R04222,real_63140.jpg,Real,Real,0.051453,QF60,60
R01747,real_32230.jpg,Real,Real,0.000143,QF60,60
R04991,real_9928.jpg,Real,Real,0.013741,QF60,60
R03626,real_55698.jpg,Real,Real,0.009338,QF60,60
R00295,real_14364.jpg,Real,Real,0.0,QF60,60
R01107,real_24186.jpg,Real,Real,1e-05,QF60,60
R04895,real_8659.jpg,Real,Real,0.000187,QF60,60
R02994,real_4796.jpg,Real,Real,0.0,QF60,60
R03377,real_52732.jpg,Real,Real,5e-06,QF60,60
R01411,real_28002.jpg,Real,Real,0.0,QF60,60
R04022,real_60638.jpg,Real,Real,0.001206,QF60,60
R04070,real_61273.jpg,Real,Real,0.0,QF60,60
R03850,real_58510.jpg,Real,Real,0.0,QF60,60
R01759,real_3240.jpg,Real,Real,0.003679,QF60,60
R00419,real_15854.jpg,Real,Real,0.039642,QF60,60
R01409,real_27975.jpg,Real,Real,0.000451,QF60,60
R00185,real_12607.jpg,Real,Real,0.000424,QF60,60
R00964,real_22460.jpg,Real,Real,0.0,QF60,60
R04158,real_62362.jpg,Real,Real,0.082703,QF60,60
R01756,real_32393.jpg,Real,Real,0.494629,QF60,60
R03421,real_53354.jpg,Real,Real,0.001012,QF60,60
R04646,real_68387.jpg,Real,Real,0.0,QF60,60
R01125,real_24407.jpg,Real,Fake,0.594727,QF60,60
R02314,real_39466.jpg,Real,Real,0.017242,QF60,60
R01777,real_32627.jpg,Real,Real,0.0,QF60,60
R01657,real_31051.jpg,Real,Real,0.017517,QF60,60
R00031,real_10508.jpg,Real,Real,0.128662,QF60,60
R00777,real_20333.jpg,Real,Real,0.000148,QF60,60
R03105,real_49184.jpg,Real,Real,0.001818,QF60,60
R03948,real_59586.jpg,Real,Real,1.2e-05,QF60,60
R02469,real_41493.jpg,Real,Fake,0.54834,QF60,60
R02196,real_38140.jpg,Real,Real,0.048218,QF60,60
R01793,real_32823.jpg,Real,Real,1e-06,QF60,60
R00118,real_11617.jpg,Real,Real,0.001796,QF60,60
R00432,real_15971.jpg,Real,Real,0.0,QF60,60
R00297,real_14397.jpg,Real,Real,0.006027,QF60,60
R04110,real_61780.jpg,Real,Real,4.1e-05,QF60,60
R01249,real_26053.jpg,Real,Real,0.000298,QF60,60
R03141,real_49810.jpg,Real,Real,1e-06,QF60,60
R02075,real_36608.jpg,Real,Real,9.8e-05,QF60,60
R03537,real_54757.jpg,Real,Real,4.1e-05,QF60,60
R04153,real_62300.jpg,Real,Real,0.001761,QF60,60
R00072,real_10990.jpg,Real,Real,0.015961,QF60,60
R02747,real_44918.jpg,Real,Real,0.0,QF60,60
R04837,real_7941.jpg,Real,Real,0.000346,QF60,60
R04882,real_8470.jpg,Real,Real,5e-06,QF60,60
R03454,real_53771.jpg,Real,Real,0.016586,QF60,60
R01707,real_3170.jpg,Real,Real,1e-05,QF60,60
R00795,real_20566.jpg,Real,Real,0.0,QF60,60
R01208,real_25594.jpg,Real,Real,0.008255,QF60,60
R04690,real_69035.jpg,Real,Real,0.002323,QF60,60
R02157,real_3766.jpg,Real,Real,0.044861,QF60,60
R02781,real_45373.jpg,Real,Real,0.215332,QF60,60
R02539,real_42385.jpg,Real,Real,0.00019,QF60,60
R03933,real_5944.jpg,Real,Real,0.021484,QF60,60
R03542,real_54810.jpg,Real,Real,0.0,QF60,60
R03189,real_50467.jpg,Real,Real,0.0,QF60,60
R02211,real_38293.jpg,Real,Real,4.1e-05,QF60,60
R01140,real_24699.jpg,Real,Real,0.0,QF60,60
R00089,real_11143.jpg,Real,Real,3.1e-05,QF60,60
R01021,real_23194.jpg,Real,Real,0.000194,QF60,60
R04322,real_6421.jpg,Real,Real,0.053589,QF60,60
R04453,real_65993.jpg,Real,Real,0.000894,QF60,60
R04058,real_61094.jpg,Real,Real,1.3e-05,QF60,60
R04399,real_65313.jpg,Real,Real,0.0,QF60,60
R02596,real_4305.jpg,Real,Real,3.6e-05,QF60,60
R03556,real_54910.jpg,Real,Real,0.000397,QF60,60
R01591,real_30149.jpg,Real,Real,0.001211,QF60,60
R04521,real_66870.jpg,Real,Real,0.00033,QF60,60
R01059,real_23584.jpg,Real,Real,0.018616,QF60,60
R00640,real_18693.jpg,Real,Real,0.000677,QF60,60
R03974,real_59927.jpg,Real,Real,4.3e-05,QF60,60
R04101,real_61685.jpg,Real,Real,3.3e-05,QF60,60
R02685,real_44181.jpg,Real,Real,0.026917,QF60,60
R03960,real_59765.jpg,Real,Real,0.026917,QF60,60
R03247,real_51116.jpg,Real,Real,0.000659,QF60,60
R00252,real_13671.jpg,Real,Real,0.0,QF60,60
R04152,real_62274.jpg,Real,Real,0.038391,QF60,60
R02462,real_41435.jpg,Real,Real,0.0,QF60,60
R01202,real_25559.jpg,Real,Real,0.026413,QF60,60
R03162,real_50047.jpg,Real,Real,0.004944,QF60,60
R04588,real_67647.jpg,Real,Real,0.004944,QF60,60
R01535,real_29408.jpg,Real,Real,8.4e-05,QF60,60
R01359,real_27403.jpg,Real,Real,0.000488,QF60,60
R00474,real_16489.jpg,Real,Real,0.003885,QF60,60
R03824,real_58189.jpg,Real,Real,0.339844,QF60,60
R04761,real_69887.jpg,Real,Real,0.0,QF60,60
R00559,real_177.jpg,Real,Real,0.009415,QF60,60
R00888,real_21606.jpg,Real,Real,0.013794,QF60,60
R04823,real_7794.jpg,Real,Real,3.7e-05,QF60,60
R03078,real_48993.jpg,Real,Real,0.141479,QF60,60
R02736,real_44824.jpg,Real,Real,2e-06,QF60,60
R01745,real_32216.jpg,Real,Real,0.034943,QF60,60
R02341,real_39771.jpg,Real,Real,0.0001,QF60,60
R04279,real_63711.jpg,Real,Real,0.000181,QF60,60
R01234,real_25890.jpg,Real,Real,0.001484,QF60,60
R04286,real_63850.jpg,Real,Real,0.030151,QF60,60
R01043,real_23446.jpg,Real,Real,8.7e-05,QF60,60
R01464,real_28566.jpg,Real,Real,0.002611,QF60,60
R00696,real_1930.jpg,Real,Real,0.000222,QF60,60
R02484,real_41678.jpg,Real,Real,0.0,QF60,60
R04216,real_63072.jpg,Real,Real,0.004116,QF60,60
R03115,real_4934.jpg,Real,Real,0.014503,QF60,60
R00041,real_10620.jpg,Real,Real,0.117554,QF60,60
R00016,real_10196.jpg,Real,Real,0.001741,QF60,60
R01579,real_29964.jpg,Real,Real,0.02887,QF60,60
R00917,real_21911.jpg,Real,Real,0.000582,QF60,60
R01655,real_30994.jpg,Real,Real,0.054901,QF60,60
R03651,real_55945.jpg,Real,Real,0.032471,QF60,60
R00043,real_10650.jpg,Real,Real,1e-06,QF60,60
R02172,real_37837.jpg,Real,Real,0.000213,QF60,60
R02961,real_47573.jpg,Real,Real,7e-06,QF60,60
R00893,real_21678.jpg,Real,Real,0.001455,QF60,60
R00876,real_21438.jpg,Real,Real,8e-06,QF60,60
R04878,real_8448.jpg,Real,Real,0.000283,QF60,60
R00365,real_15164.jpg,Real,Real,0.001315,QF60,60
R02203,real_3822.jpg,Real,Real,0.0,QF60,60
R02938,real_47290.jpg,Real,Real,0.007668,QF60,60
R00856,real_21202.jpg,Real,Real,0.000113,QF60,60
R00338,real_14842.jpg,Real,Real,0.000131,QF60,60
R03968,real_59890.jpg,Real,Real,3e-06,QF60,60
R03946,real_59560.jpg,Real,Real,0.000467,QF60,60
R01098,real_24082.jpg,Real,Real,0.0,QF60,60
R04068,real_61251.jpg,Real,Real,0.00885,QF60,60
R04752,real_69814.jpg,Real,Real,0.151489,QF60,60
R01504,real_28982.jpg,Real,Real,1e-06,QF60,60
R00811,real_20719.jpg,Real,Real,0.001472,QF60,60
R01638,real_30733.jpg,Real,Real,0.0,QF60,60
R04501,real_6655.jpg,Real,Real,2e-06,QF60,60
R01041,real_23431.jpg,Real,Real,5e-06,QF60,60
R03501,real_54289.jpg,Real,Real,0.000242,QF60,60
R03994,real_6025.jpg,Real,Real,0.0,QF60,60
R04179,real_62621.jpg,Real,Real,0.000376,QF60,60
R04017,real_606.jpg,Real,Real,1e-06,QF60,60
R01109,real_24216.jpg,Real,Real,0.0,QF60,60
R04505,real_66615.jpg,Real,Real,0.066711,QF60,60
R03972,real_59913.jpg,Real,Real,1e-06,QF60,60
R00166,real_12325.jpg,Real,Real,0.0,QF60,60
R03531,real_54710.jpg,Real,Real,0.001053,QF60,60
R00712,real_19461.jpg,Real,Real,0.065491,QF60,60
R01999,real_358.jpg,Real,Real,0.0,QF60,60
R04855,real_8127.jpg,Real,Real,0.111816,QF60,60
R03560,real_54945.jpg,Real,Fake,0.729492,QF60,60
R04584,real_67627.jpg,Real,Real,0.0,QF60,60
R04575,real_67522.jpg,Real,Real,0.0,QF60,60
R04982,real_9780.jpg,Real,Real,0.0,QF60,60
R04342,real_64461.jpg,Real,Real,0.011467,QF60,60
R03921,real_59294.jpg,Real,Real,0.00316,QF60,60
R04978,real_9702.jpg,Real,Real,0.002947,QF60,60
R02101,real_36943.jpg,Real,Real,0.000591,QF60,60
R03011,real_48132.jpg,Real,Real,4e-06,QF60,60
R03697,real_56666.jpg,Real,Real,0.19397,QF60,60
R01732,real_32053.jpg,Real,Real,0.021011,QF60,60
R04087,real_61513.jpg,Real,Real,3e-06,QF60,60
R04910,real_8804.jpg,Real,Real,0.091248,QF60,60
R04731,real_69534.jpg,Real,Real,1e-06,QF60,60
R03003,real_48027.jpg,Real,Real,0.19519,QF60,60
R02788,real_45422.jpg,Real,Real,0.081055,QF60,60
R02248,real_3870.jpg,Real,Real,4.9e-05,QF60,60
R03500,real_54284.jpg,Real,Real,2.3e-05,QF60,60
R02366,real_40183.jpg,Real,Real,0.046631,QF60,60
R01951,real_3513.jpg,Real,Real,0.032837,QF60,60
R00965,real_22485.jpg,Real,Real,1.3e-05,QF60,60
R04714,real_69284.jpg,Real,Real,0.042389,QF60,60
R04283,real_63814.jpg,Real,Real,0.0,QF60,60
R03811,real_58.jpg,Real,Real,0.0,QF60,60
R00727,real_19663.jpg,Real,Real,0.000342,QF60,60
R01469,real_28590.jpg,Real,Real,0.009712,QF60,60
R04909,real_8794.jpg,Real,Real,0.077209,QF60,60
R01583,real_30000.jpg,Real,Real,0.000318,QF60,60
R04109,real_6178.jpg,Real,Real,0.000285,QF60,60
R04128,real_62.jpg,Real,Real,0.006512,QF60,60
R00832,real_20938.jpg,Real,Real,0.0,QF60,60
R03009,real_48107.jpg,Real,Real,0.000124,QF60,60
R01894,real_34248.jpg,Real,Real,0.000365,QF60,60
R04754,real_69827.jpg,Real,Real,2e-06,QF60,60
R04935,real_907.jpg,Real,Real,0.0,QF60,60
R01935,real_34915.jpg,Real,Real,1e-05,QF60,60
R02838,real_46.jpg,Real,Real,0.0,QF60,60
R03590,real_55242.jpg,Real,Real,0.0,QF60,60
R00312,real_14572.jpg,Real,Real,0.01519,QF60,60
R01991,real_35701.jpg,Real,Real,0.151123,QF60,60
R03729,real_56952.jpg,Real,Real,0.000509,QF60,60
R02122,real_37237.jpg,Real,Real,0.0,QF60,60
R01729,real_32034.jpg,Real,Real,0.013901,QF60,60
R01610,real_30489.jpg,Real,Real,0.011963,QF60,60
R00760,real_20105.jpg,Real,Real,0.001536,QF60,60
R03632,real_55715.jpg,Real,Real,0.000513,QF60,60
R02070,real_36523.jpg,Real,Real,0.070068,QF60,60
R04241,real_63322.jpg,Real,Fake,0.914062,QF60,60
R00102,real_11391.jpg,Real,Real,0.000173,QF60,60
R02099,real_36919.jpg,Real,Real,0.068542,QF60,60
R02980,real_47821.jpg,Real,Real,0.068542,QF60,60
R03818,real_58132.jpg,Real,Real,9.8e-05,QF60,60
R01743,real_32193.jpg,Real,Real,0.000342,QF60,60
R02658,real_43839.jpg,Real,Fake,0.989746,QF60,60
R02234,real_38582.jpg,Real,Real,0.0,QF60,60
R02734,real_44813.jpg,Real,Real,0.000127,QF60,60
R04268,real_63634.jpg,Real,Real,0.000283,QF60,60
R00801,real_20635.jpg,Real,Real,0.002216,QF60,60
R04141,real_62182.jpg,Real,Real,2.3e-05,QF60,60
R01151,real_24888.jpg,Real,Real,1.3e-05,QF60,60
R03879,real_58812.jpg,Real,Real,0.0,QF60,60
R03117,real_49347.jpg,Real,Real,0.0,QF60,60
R04711,real_69263.jpg,Real,Real,1.5e-05,QF60,60
R04416,real_65533.jpg,Real,Real,0.0,QF60,60
R04850,real_8073.jpg,Real,Real,0.064087,QF60,60
R03646,real_55873.jpg,Real,Real,0.058899,QF60,60
R00079,real_11075.jpg,Real,Real,0.000178,QF60,60
R01496,real_28870.jpg,Real,Real,0.079346,QF60,60
R02145,real_37464.jpg,Real,Real,0.435547,QF60,60
R03510,real_5443.jpg,Real,Real,0.001416,QF60,60
R04180,real_62636.jpg,Real,Real,0.000517,QF60,60
R01377,real_27580.jpg,Real,Real,0.091064,QF60,60
R02338,real_39714.jpg,Real,Real,0.0,QF60,60
R03095,real_4911.jpg,Real,Real,0.14563,QF60,60
R02771,real_45259.jpg,Real,Real,0.003124,QF60,60
R03226,real_50815.jpg,Real,Real,0.000141,QF60,60
R01997,real_35780.jpg,Real,Real,0.0,QF60,60
R00775,real_20295.jpg,Real,Real,1e-06,QF60,60
R02595,real_4301.jpg,Real,Real,0.431885,QF60,60
R03727,real_56933.jpg,Real,Real,1.6e-05,QF60,60
R04461,real_6609.jpg,Real,Real,1.6e-05,QF60,60
R04030,real_60711.jpg,Real,Real,0.014336,QF60,60
R02357,real_40044.jpg,Real,Real,0.0,QF60,60
R00588,real_18067.jpg,Real,Real,0.001687,QF60,60
R01460,real_28524.jpg,Real,Real,0.001687,QF60,60
R04454,real_6601.jpg,Real,Real,0.000283,QF60,60
R01839,real_33550.jpg,Real,Real,0.0,QF60,60
R02407,real_40803.jpg,Real,Real,4e-06,QF60,60
R03408,real_53150.jpg,Real,Real,0.222046,QF60,60
R00730,real_19675.jpg,Real,Real,0.029587,QF60,60
R02041,real_36197.jpg,Real,Real,0.050812,QF60,60
R03713,real_56823.jpg,Real,Real,8e-06,QF60,60
R00676,real_19089.jpg,Real,Real,0.013428,QF60,60
R03546,real_54832.jpg,Real,Real,0.00639,QF60,60
R03211,real_50639.jpg,Real,Real,0.00037,QF60,60
R00833,real_20962.jpg,Real,Real,0.081787,QF60,60
R03229,real_50863.jpg,Real,Real,0.038239,QF60,60
R03217,real_50710.jpg,Real,Real,0.003679,QF60,60
R03628,real_557.jpg,Real,Real,0.000795,QF60,60
R03820,real_58158.jpg,Real,Real,0.0121,QF60,60
R00085,real_11110.jpg,Real,Real,7e-06,QF60,60
R00097,real_11335.jpg,Real,Real,0.003593,QF60,60
R00484,real_16628.jpg,Real,Real,0.039703,QF60,60
R00394,real_15475.jpg,Real,Real,1.2e-05,QF60,60
R00650,real_18768.jpg,Real,Real,0.0,QF60,60
R03831,real_58262.jpg,Real,Real,1e-05,QF60,60
R00389,real_15416.jpg,Real,Real,2e-06,QF60,60
R01090,real_23956.jpg,Real,Real,0.0,QF60,60
R00269,real_13857.jpg,Real,Real,0.0,QF60,60
R03714,real_56829.jpg,Real,Real,0.0,QF60,60
R00267,real_13848.jpg,Real,Real,0.00036,QF60,60
R00620,real_18420.jpg,Real,Real,0.0,QF60,60
R02445,real_41243.jpg,Real,Real,0.0,QF60,60
R03456,real_53788.jpg,Real,Real,0.022034,QF60,60
R01277,real_26315.jpg,Real,Real,0.13147,QF60,60
R03303,real_51907.jpg,Real,Real,0.000915,QF60,60
R01581,real_29991.jpg,Real,Real,0.0,QF60,60
R03055,real_48682.jpg,Real,Real,0.065002,QF60,60
R03358,real_52562.jpg,Real,Real,6e-05,QF60,60
R03023,real_48251.jpg,Real,Real,0.014229,QF60,60
R02467,real_41478.jpg,Real,Real,0.0,QF60,60
R00053,real_10777.jpg,Real,Real,0.000161,QF60,60
R03844,real_58457.jpg,Real,Real,0.007607,QF60,60
R04484,real_66352.jpg,Real,Real,0.005241,QF60,60
R01406,real_27940.jpg,Real,Real,0.000269,QF60,60
R02649,real_43746.jpg,Real,Real,0.00404,QF60,60
R02888,real_4676.jpg,Real,Real,0.00214,QF60,60
R02700,real_44378.jpg,Real,Real,1.8e-05,QF60,60
R00321,real_14655.jpg,Real,Real,0.000107,QF60,60
R04548,real_67163.jpg,Real,Real,0.294922,QF60,60
R01261,real_26183.jpg,Real,Real,1e-06,QF60,60
R00552,real_17528.jpg,Real,Real,0.095703,QF60,60
R01614,real_30504.jpg,Real,Real,0.003635,QF60,60
R00428,real_15961.jpg,Real,Real,8.9e-05,QF60,60
R00815,real_20748.jpg,Real,Real,0.0,QF60,60
R02799,real_45522.jpg,Real,Real,0.000202,QF60,60
R04228,real_63176.jpg,Real,Real,0.003351,QF60,60
R01656,real_3105.jpg,Real,Real,2e-06,QF60,60
R01769,real_32479.jpg,Real,Real,1e-06,QF60,60
R01292,real_26487.jpg,Real,Real,1.1e-05,QF60,60
R03293,real_51750.jpg,Real,Real,0.003248,QF60,60
R00450,real_16202.jpg,Real,Real,0.207397,QF60,60
R00197,real_12895.jpg,Real,Real,0.000125,QF60,60
R01671,real_31164.jpg,Real,Real,0.0006,QF60,60
R02209,real_38244.jpg,Real,Real,0.000154,QF60,60
R00724,real_19624.jpg,Real,Real,0.0,QF60,60
R04559,real_67287.jpg,Real,Real,1e-06,QF60,60
R04115,real_6185.jpg,Real,Real,0.0,QF60,60
R04419,real_65560.jpg,Real,Real,0.006744,QF60,60
R02613,real_43348.jpg,Real,Real,2e-06,QF60,60
R04318,real_64142.jpg,Real,Real,0.005512,QF60,60
R00862,real_21249.jpg,Real,Real,0.0,QF60,60
R00828,real_20843.jpg,Real,Real,0.0,QF60,60
R01080,real_23854.jpg,Real,Real,0.006565,QF60,60
R03737,real_57001.jpg,Real,Real,0.062561,QF60,60
R00392,real_15422.jpg,Real,Real,0.000144,QF60,60
R04223,real_63141.jpg,Real,Real,1e-06,QF60,60
R00087,real_11128.jpg,Real,Real,9e-06,QF60,60
R00716,real_19502.jpg,Real,Real,0.012054,QF60,60
R04536,real_67.jpg,Real,Real,5.1e-05,QF60,60
R00826,real_20820.jpg,Real,Real,0.024384,QF60,60
R01397,real_27794.jpg,Real,Real,0.0,QF60,60
R01029,real_23318.jpg,Real,Real,0.071838,QF60,60
R03367,real_52653.jpg,Real,Real,0.000229,QF60,60
R04693,real_69057.jpg,Real,Real,0.003551,QF60,60
R02110,real_37069.jpg,Real,Real,0.0,QF60,60
R04335,real_64379.jpg,Real,Real,0.000804,QF60,60
R02049,real_36291.jpg,Real,Real,5.5e-05,QF60,60
R01461,real_2853.jpg,Real,Real,0.000448,QF60,60
R01528,real_29323.jpg,Real,Real,0.00227,QF60,60
R02241,real_38646.jpg,Real,Fake,0.974121,QF60,60
R00042,real_10641.jpg,Real,Real,0.001926,QF60,60
R03739,real_57031.jpg,Real,Real,0.00088,QF60,60
R00473,real_1646.jpg,Real,Real,0.017441,QF60,60
R01231,real_25850.jpg,Real,Real,0.0,QF60,60
R03789,real_57702.jpg,Real,Real,0.366699,QF60,60
R00074,real_10997.jpg,Real,Real,0.0,QF60,60
R03570,real_5501.jpg,Real,Real,4.4e-05,QF60,60
R03439,real_53574.jpg,Real,Real,0.000169,QF60,60
R03238,real_50988.jpg,Real,Real,5e-06,QF60,60
R04379,real_6495.jpg,Real,Real,2.9e-05,QF60,60
R01904,real_34409.jpg,Real,Real,0.021362,QF60,60
R02801,real_45554.jpg,Real,Real,0.035614,QF60,60
R02548,real_42455.jpg,Real,Real,0.004925,QF60,60
R01067,real_2367.jpg,Real,Real,0.0,QF60,60
R02931,real_4721.jpg,Real,Real,1e-06,QF60,60
R04324,real_64221.jpg,Real,Real,0.001028,QF60,60
R04537,real_670.jpg,Real,Real,0.0,QF60,60
R03243,real_5106.jpg,Real,Real,1e-06,QF60,60
R01601,real_30378.jpg,Real,Real,0.0,QF60,60
R00062,real_10903.jpg,Real,Real,0.000405,QF60,60
R00257,real_13734.jpg,Real,Real,0.000657,QF60,60
R04871,real_8373.jpg,Real,Real,0.000575,QF60,60
R01785,real_32731.jpg,Real,Real,0.0,QF60,60
R00037,real_10590.jpg,Real,Real,0.000685,QF60,60
R04602,real_67811.jpg,Real,Real,0.0,QF60,60
R00298,real_14404.jpg,Real,Real,0.0,QF60,60
R02812,real_45645.jpg,Real,Real,1e-06,QF60,60
R04636,real_68262.jpg,Real,Real,1.7e-05,QF60,60
R03088,real_49061.jpg,Real,Real,0.000922,QF60,60
R01992,real_3571.jpg,Real,Real,0.003914,QF60,60
R04518,real_66839.jpg,Real,Real,8e-06,QF60,60
R00436,real_16031.jpg,Real,Real,0.005001,QF60,60
R03418,real_53303.jpg,Real,Real,0.009712,QF60,60
R04315,real_6411.jpg,Real,Real,0.0,QF60,60
R02692,real_44284.jpg,Real,Real,0.091064,QF60,60
R04046,real_60879.jpg,Real,Real,1e-06,QF60,60
R01168,real_25125.jpg,Real,Real,0.004055,QF60,60
R01762,real_3242.jpg,Real,Real,0.0,QF60,60
R01691,real_31434.jpg,Real,Real,0.05014,QF60,60
R04550,real_67170.jpg,Real,Real,0.291992,QF60,60
R00776,real_20320.jpg,Real,Real,0.041534,QF60,60
R03930,real_59404.jpg,Real,Real,0.001579,QF60,60
R01063,real_23613.jpg,Real,Real,0.020645,QF60,60
R00115,real_11526.jpg,Real,Real,0.002823,QF60,60
R04095,real_61627.jpg,Real,Real,1e-06,QF60,60
R03025,real_48263.jpg,Real,Real,0.0,QF60,60
R04303,real_63953.jpg,Real,Real,0.01133,QF60,60
R03160,real_49999.jpg,Real,Real,0.0,QF60,60
R00693,real_19288.jpg,Real,Real,7e-06,QF60,60
R00957,real_2233.jpg,Real,Real,0.0,QF60,60
R02883,real_46679.jpg,Real,Real,0.167114,QF60,60
R00742,real_19911.jpg,Real,Real,0.000101,QF60,60
R01130,real_24526.jpg,Real,Real,0.000108,QF60,60
R02787,real_45418.jpg,Real,Real,0.000638,QF60,60
R00493,real_16795.jpg,Real,Real,0.000762,QF60,60
R01934,real_34910.jpg,Real,Real,0.18103,QF60,60
R00743,real_19936.jpg,Real,Real,0.011871,QF60,60
R04813,real_7647.jpg,Real,Real,0.000577,QF60,60
R00709,real_19439.jpg,Real,Real,0.035492,QF60,60
R04555,real_67254.jpg,Real,Real,0.000308,QF60,60
R03937,real_59469.jpg,Real,Real,0.00032,QF60,60
R02348,real_39880.jpg,Real,Real,0.062439,QF60,60
R02304,real_3935.jpg,Real,Fake,0.71875,QF60,60
R01164,real_25072.jpg,Real,Real,0.000207,QF60,60
R01136,real_24644.jpg,Real,Real,0.028656,QF60,60
R00431,real_15967.jpg,Real,Real,8e-06,QF60,60
R00916,real_21910.jpg,Real,Real,3.7e-05,QF60,60
R00433,real_15986.jpg,Real,Real,0.0,QF60,60
R03588,real_55186.jpg,Real,Real,2.3e-05,QF60,60
R02018,real_36012.jpg,Real,Real,0.068298,QF60,60
R03806,real_57916.jpg,Real,Real,8.5e-05,QF60,60
R04713,real_69278.jpg,Real,Real,0.000353,QF60,60
R04117,real_61871.jpg,Real,Real,7.6e-05,QF60,60
R03674,real_56364.jpg,Real,Real,4e-06,QF60,60
R02752,real_4508.jpg,Real,Real,1.2e-05,QF60,60
R00402,real_15636.jpg,Real,Real,0.032776,QF60,60
R01703,real_31688.jpg,Real,Real,0.0,QF60,60
R01158,real_24966.jpg,Real,Real,0.060089,QF60,60
R00352,real_15016.jpg,Real,Real,0.0,QF60,60
R02431,real_41067.jpg,Real,Real,0.0,QF60,60
R02520,real_42145.jpg,Real,Real,0.0,QF60,60
R00372,real_15227.jpg,Real,Real,0.0,QF60,60
R02506,real_41997.jpg,Real,Real,0.014503,QF60,60
R00098,real_11340.jpg,Real,Fake,0.621094,QF60,60
R00418,real_15852.jpg,Real,Fake,0.856445,QF60,60
R02668,real_43947.jpg,Real,Real,1e-06,QF60,60
R00363,real_15150.jpg,Real,Real,0.020889,QF60,60
R00759,real_2010.jpg,Real,Real,0.010452,QF60,60
R00019,real_10255.jpg,Real,Real,0.0,QF60,60
R00596,real_18121.jpg,Real,Real,0.006241,QF60,60
R02136,real_37388.jpg,Real,Real,0.018234,QF60,60
R02475,real_4155.jpg,Real,Real,0.003708,QF60,60
R00859,real_2123.jpg,Real,Real,1e-06,QF60,60
R02849,real_4619.jpg,Real,Real,9e-06,QF60,60
R02727,real_44763.jpg,Real,Real,0.0,QF60,60
R04460,real_66064.jpg,Real,Real,0.001616,QF60,60
R01462,real_28554.jpg,Real,Real,0.000129,QF60,60
R01276,real_26298.jpg,Real,Real,0.000701,QF60,60
R02716,real_44629.jpg,Real,Real,0.0,QF60,60
R01149,real_24883.jpg,Real,Real,0.0,QF60,60
R00144,real_11970.jpg,Real,Real,0.000325,QF60,60
R01081,real_23860.jpg,Real,Real,0.309082,QF60,60
R03347,real_52455.jpg,Real,Real,0.000156,QF60,60
R04807,real_7546.jpg,Real,Real,0.001216,QF60,60
R03152,real_49913.jpg,Real,Real,9.2e-05,QF60,60
R01478,real_28657.jpg,Real,Real,0.0,QF60,60
R02230,real_38538.jpg,Real,Real,0.011597,QF60,60
R02119,real_37143.jpg,Real,Real,0.0,QF60,60
R02834,real_45951.jpg,Real,Real,3e-06,QF60,60
R01816,real_33274.jpg,Real,Real,0.000101,QF60,60
R02731,real_4480.jpg,Real,Real,6.7e-05,QF60,60
R00284,real_14169.jpg,Real,Real,0.0,QF60,60
R04903,real_8724.jpg,Real,Fake,0.65625,QF60,60
R00066,real_10948.jpg,Real,Fake,0.914062,QF60,60
R04717,real_69318.jpg,Real,Real,0.178711,QF60,60
R01314,real_2671.jpg,Real,Real,1e-06,QF60,60
R00306,real_14466.jpg,Real,Real,0.001017,QF60,60
R01653,real_30960.jpg,Real,Real,1.6e-05,QF60,60
R03176,real_5025.jpg,Real,Real,3e-06,QF60,60
R04951,real_9382.jpg,Real,Real,0.023331,QF60,60
R00008,real_10077.jpg,Real,Real,0.005707,QF60,60
R04553,real_67246.jpg,Real,Real,0.005707,QF60,60
R00105,real_1142.jpg,Real,Fake,0.685547,QF60,60
R02672,real_44041.jpg,Real,Real,0.0,QF60,60
R00534,real_17314.jpg,Real,Real,0.0,QF60,60
R01104,real_24139.jpg,Real,Real,0.075867,QF60,60
R04829,real_7845.jpg,Real,Real,0.0,QF60,60
R01139,real_24681.jpg,Real,Real,0.0,QF60,60
R00546,real_17469.jpg,Real,Real,1e-06,QF60,60
R04827,real_7821.jpg,Real,Real,0.001616,QF60,60
R01733,real_32068.jpg,Real,Real,0.000657,QF60,60
R04887,real_851.jpg,Real,Real,0.00133,QF60,60
R04418,real_65552.jpg,Real,Real,0.0,QF60,60
R04316,real_64125.jpg,Real,Real,0.082825,QF60,60
R02432,real_41069.jpg,Real,Fake,0.60791,QF60,60
R02958,real_47517.jpg,Real,Real,0.037811,QF60,60
R02086,real_36721.jpg,Real,Real,0.0042,QF60,60
R00009,real_10081.jpg,Real,Real,2e-06,QF60,60
R00594,real_18111.jpg,Real,Real,0.026917,QF60,60
R01295,real_26503.jpg,Real,Real,7.7e-05,QF60,60
R00572,real_17917.jpg,Real,Real,0.295166,QF60,60
R02879,real_46614.jpg,Real,Real,0.000194,QF60,60
R01986,real_35636.jpg,Real,Real,0.00057,QF60,60
R02779,real_45358.jpg,Real,Real,1e-06,QF60,60
R03964,real_59816.jpg,Real,Real,4e-06,QF60,60
R04933,real_9053.jpg,Real,Real,1.7e-05,QF60,60
R00762,real_20111.jpg,Real,Real,1e-06,QF60,60
R04631,real_68169.jpg,Real,Real,0.006413,QF60,60
R01597,real_3031.jpg,Real,Real,0.000843,QF60,60
R03049,real_48606.jpg,Real,Real,7e-06,QF60,60
R02485,real_41680.jpg,Real,Real,0.238159,QF60,60
R04114,real_61833.jpg,Real,Real,0.024994,QF60,60
R00848,real_21020.jpg,Real,Real,0.0,QF60,60
R03389,real_52934.jpg,Real,Real,0.0,QF60,60
R02687,real_44231.jpg,Real,Real,9e-06,QF60,60
R01170,real_25141.jpg,Real,Real,0.000111,QF60,60
R04103,real_61687.jpg,Real,Real,4.3e-05,QF60,60
R01921,real_34756.jpg,Real,Fake,0.628906,QF60,60
R00168,real_12348.jpg,Real,Real,0.000131,QF60,60
R04002,real_6034.jpg,Real,Real,0.0,QF60,60
R00855,real_21170.jpg,Real,Real,6e-06,QF60,60
R04359,real_64705.jpg,Real,Real,0.001636,QF60,60
R01606,real_30428.jpg,Real,Real,0.117981,QF60,60
R00898,real_21743.jpg,Real,Real,0.0,QF60,60
R03475,real_54012.jpg,Real,Real,0.0,QF60,60
R02895,real_46856.jpg,Real,Real,9.7e-05,QF60,60
R02270,real_39037.jpg,Real,Real,0.0,QF60,60
R04160,real_62396.jpg,Real,Real,0.001378,QF60,60
R02277,real_39109.jpg,Real,Real,8.7e-05,QF60,60
R01679,real_31261.jpg,Real,Real,0.027328,QF60,60
R03165,real_50090.jpg,Real,Real,0.0,QF60,60
R04831,real_7867.jpg,Real,Real,0.000997,QF60,60
R02623,real_43451.jpg,Real,Real,0.0,QF60,60
R02846,real_46153.jpg,Real,Real,0.30249,QF60,60
R03027,real_48279.jpg,Real,Real,0.00428,QF60,60
R04929,real_9015.jpg,Real,Real,0.0,QF60,60
R04862,real_8232.jpg,Real,Real,0.0,QF60,60
R03119,real_49475.jpg,Real,Real,0.027008,QF60,60
R00052,real_10775.jpg,Real,Real,0.358643,QF60,60
R03701,real_56687.jpg,Real,Real,0.0,QF60,60
R04121,real_61913.jpg,Real,Real,1e-06,QF60,60
R03116,real_49345.jpg,Real,Real,0.0,QF60,60
R01716,real_31838.jpg,Real,Real,0.017044,QF60,60
R01779,real_32647.jpg,Real,Real,0.002531,QF60,60
R02743,real_44875.jpg,Real,Real,0.002901,QF60,60
R04765,real_69953.jpg,Real,Real,0.161377,QF60,60
R04645,real_68378.jpg,Real,Real,3e-06,QF60,60
R00583,real_17998.jpg,Real,Real,0.002768,QF60,60
R01639,real_30745.jpg,Real,Real,0.008812,QF60,60
R01351,real_27243.jpg,Real,Real,0.006462,QF60,60
R02800,real_45546.jpg,Real,Real,0.001734,QF60,60
R00519,real_17104.jpg,Real,Real,0.0,QF60,60
R01781,real_32678.jpg,Real,Real,0.0,QF60,60
R03018,real_48180.jpg,Real,Real,0.000121,QF60,60
R00163,real_12294.jpg,Real,Real,8.1e-05,QF60,60
R02617,real_43381.jpg,Real,Real,0.001432,QF60,60
R03940,real_59501.jpg,Real,Real,0.00015,QF60,60
R00935,real_22099.jpg,Real,Real,0.047089,QF60,60
R02773,real_45297.jpg,Real,Real,0.00123,QF60,60
R01196,real_25475.jpg,Real,Real,0.0,QF60,60
R01301,real_26533.jpg,Real,Real,1e-06,QF60,60
R03474,real_5401.jpg,Real,Real,0.000527,QF60,60
R04851,real_809.jpg,Real,Real,9.2e-05,QF60,60
R04206,real_62989.jpg,Real,Real,2e-06,QF60,60
R02902,real_46909.jpg,Real,Real,0.048676,QF60,60
R04398,real_65295.jpg,Real,Real,3.4e-05,QF60,60
R04776,real_7102.jpg,Real,Real,0.001444,QF60,60
R02302,real_39338.jpg,Real,Real,0.0,QF60,60
R00454,real_1628.jpg,Real,Real,0.0,QF60,60
R02193,real_38093.jpg,Real,Real,0.188354,QF60,60
R01750,real_32251.jpg,Real,Real,0.001432,QF60,60
R04245,real_63370.jpg,Real,Real,8.3e-05,QF60,60
R01110,real_24222.jpg,Real,Real,3.5e-05,QF60,60
R01060,real_23602.jpg,Real,Real,1e-06,QF60,60
R01700,real_31590.jpg,Real,Real,0.303467,QF60,60
R02016,real_3601.jpg,Real,Real,0.013222,QF60,60
R01516,real_29137.jpg,Real,Real,0.000109,QF60,60
R03236,real_50969.jpg,Real,Real,0.0,QF60,60
R02451,real_41281.jpg,Real,Real,0.0,QF60,60
R01721,real_31931.jpg,Real,Real,0.000947,QF60,60
R02297,real_39283.jpg,Real,Real,0.0,QF60,60
R03340,real_52377.jpg,Real,Real,0.022079,QF60,60
R02460,real_41353.jpg,Real,Real,2.3e-05,QF60,60
R03761,real_57279.jpg,Real,Real,0.07782,QF60,60
R02878,real_466.jpg,Real,Real,0.0,QF60,60
R00932,real_2208.jpg,Real,Real,0.001004,QF60,60
R03132,real_49654.jpg,Real,Real,0.0,QF60,60
R04983,real_9789.jpg,Real,Real,0.000501,QF60,60
R01373,real_27533.jpg,Real,Real,0.041687,QF60,60
R02028,real_361.jpg,Real,Real,7.9e-05,QF60,60
R04748,real_69716.jpg,Real,Real,0.023651,QF60,60
R00413,real_15783.jpg,Real,Real,0.000291,QF60,60
R01117,real_24312.jpg,Real,Real,3e-05,QF60,60
R01856,real_33726.jpg,Real,Real,3e-05,QF60,60
R02912,real_4700.jpg,Real,Real,0.0,QF60,60
R02149,real_3755.jpg,Real,Real,0.005981,QF60,60
R00997,real_22804.jpg,Real,Real,1.3e-05,QF60,60
R01331,real_26968.jpg,Real,Real,0.00014,QF60,60
R00700,real_19319.jpg,Real,Real,0.000937,QF60,60
R01958,real_35232.jpg,Real,Real,0.001585,QF60,60
R02759,real_45193.jpg,Real,Real,0.001585,QF60,60
R00393,real_15449.jpg,Real,Real,0.000351,QF60,60
R01336,real_27025.jpg,Real,Real,0.0,QF60,60
R03755,real_57252.jpg,Real,Real,0.000555,QF60,60
R00723,real_19621.jpg,Real,Real,0.0,QF60,60
R04702,real_69197.jpg,Real,Real,2.4e-05,QF60,60
R01874,real_33968.jpg,Real,Real,0.0,QF60,60
R03676,real_56387.jpg,Real,Real,0.039185,QF60,60
R04116,real_61855.jpg,Real,Real,7.7e-05,QF60,60
R00109,real_11455.jpg,Real,Real,0.005936,QF60,60
R03869,real_58706.jpg,Real,Real,0.0,QF60,60
R01864,real_33835.jpg,Real,Real,3e-06,QF60,60
R00603,real_18201.jpg,Real,Real,0.005322,QF60,60
R01477,real_28655.jpg,Real,Real,0.017517,QF60,60
R02901,real_46888.jpg,Real,Real,0.00259,QF60,60
R01396,real_27790.jpg,Real,Real,3.5e-05,QF60,60
R04010,real_60505.jpg,Real,Real,0.115356,QF60,60
R03063,real_48757.jpg,Real,Real,0.00297,QF60,60
R02636,real_43609.jpg,Real,Real,0.0,QF60,60
R02212,real_38344.jpg,Real,Real,0.044678,QF60,60
R00602,real_18187.jpg,Real,Real,0.046631,QF60,60
R03874,real_58744.jpg,Real,Real,0.0,QF60,60
R02324,real_39555.jpg,Real,Real,0.043854,QF60,60
R00470,real_16430.jpg,Real,Real,7e-06,QF60,60
R01108,real_24196.jpg,Real,Real,4.6e-05,QF60,60
R03601,real_55352.jpg,Real,Real,0.000993,QF60,60
R03196,real_50532.jpg,Real,Real,0.011467,QF60,60
R04039,real_60795.jpg,Real,Real,0.029984,QF60,60
R03572,real_55020.jpg,Real,Real,0.039062,QF60,60
R02611,real_43343.jpg,Real,Real,0.0,QF60,60
R01010,real_23014.jpg,Real,Real,0.084778,QF60,60
R00771,real_20240.jpg,Real,Real,0.0,QF60,60
R02410,real_40851.jpg,Real,Real,0.000278,QF60,60
R01873,real_3396.jpg,Real,Real,6.3e-05,QF60,60
R00265,real_13817.jpg,Real,Real,0.0,QF60,60
R02306,real_39389.jpg,Real,Real,2e-06,QF60,60
R04595,real_6774.jpg,Real,Real,2e-05,QF60,60
R00643,real_18722.jpg,Real,Real,0.002157,QF60,60
R03118,real_49444.jpg,Real,Real,0.001112,QF60,60
R00446,real_16152.jpg,Real,Real,0.01738,QF60,60
R03580,real_55145.jpg,Real,Real,0.0,QF60,60
R02411,real_40852.jpg,Real,Real,9.8e-05,QF60,60
R00044,real_10662.jpg,Real,Real,0.0,QF60,60
R02870,real_46492.jpg,Real,Real,1e-05,QF60,60
R00198,real_12911.jpg,Real,Real,0.000247,QF60,60
R01976,real_35437.jpg,Real,Real,0.065979,QF60,60
R00871,real_21401.jpg,Real,Real,2.4e-05,QF60,60
R01003,real_22893.jpg,Real,Real,1.8e-05,QF60,60
R04879,real_845.jpg,Real,Real,9e-06,QF60,60
R04053,real_60984.jpg,Real,Real,1e-06,QF60,60
R02013,real_35976.jpg,Real,Real,2e-06,QF60,60
R02949,real_47396.jpg,Real,Real,0.00226,QF60,60
R04703,real_69217.jpg,Real,Real,0.007011,QF60,60
R04849,real_8072.jpg,Real,Real,0.001255,QF60,60
R02877,real_46594.jpg,Real,Real,0.012337,QF60,60
R04170,real_62549.jpg,Real,Real,0.055725,QF60,60
R00515,real_1708.jpg,Real,Real,2e-06,QF60,60
R00036,real_10567.jpg,Real,Real,0.0,QF60,60
R03094,real_49108.jpg,Real,Real,0.016724,QF60,60
R00081,real_11092.jpg,Real,Real,0.000467,QF60,60
R04472,real_6618.jpg,Real,Real,0.000182,QF60,60
R03069,real_48890.jpg,Real,Real,0.0,QF60,60
R02384,real_40473.jpg,Real,Real,0.001081,QF60,60
R02323,real_39535.jpg,Real,Fake,0.863281,QF60,60
R02618,real_43389.jpg,Real,Real,0.0,QF60,60
R01557,real_29684.jpg,Real,Real,9.2e-05,QF60,60
R02928,real_47157.jpg,Real,Real,0.0,QF60,60
R00429,real_15964.jpg,Real,Real,0.026962,QF60,60
R02693,real_44304.jpg,Real,Real,0.0,QF60,60
R04888,real_8545.jpg,Real,Real,4e-06,QF60,60
R02191,real_38072.jpg,Real,Real,0.000353,QF60,60
R03097,real_49128.jpg,Real,Real,0.0,QF60,60
R00233,real_13401.jpg,Real,Real,1e-06,QF60,60
R02591,real_42995.jpg,Real,Real,0.0,QF60,60
R04389,real_65109.jpg,Real,Real,0.000575,QF60,60
R03759,real_57275.jpg,Real,Real,0.204346,QF60,60
R00353,real_15030.jpg,Real,Real,0.0,QF60,60
R00685,real_19191.jpg,Real,Real,1e-06,QF60,60
R01079,real_23848.jpg,Real,Real,0.026611,QF60,60
R01091,real_23963.jpg,Real,Real,0.000345,QF60,60
R00684,real_19185.jpg,Real,Real,0.000308,QF60,60
R03178,real_50309.jpg,Real,Real,0.0,QF60,60
R01505,real_28983.jpg,Real,Real,0.001438,QF60,60
R01106,real_24150.jpg,Real,Real,0.0,QF60,60
R02060,real_3645.jpg,Real,Real,6.5e-05,QF60,60
R04059,real_61137.jpg,Real,Real,0.0,QF60,60
R03219,real_5073.jpg,Real,Real,0.0,QF60,60
R02828,real_45885.jpg,Real,Real,0.000657,QF60,60
R01400,real_27825.jpg,Real,Real,0.025909,QF60,60
R02557,real_42550.jpg,Real,Real,0.0,QF60,60
R03215,real_507.jpg,Real,Real,0.0,QF60,60
R04498,real_66506.jpg,Real,Real,0.103577,QF60,60
R00457,real_16329.jpg,Real,Real,0.182251,QF60,60
R01448,real_28326.jpg,Real,Real,0.00297,QF60,60
R04467,real_66149.jpg,Real,Real,0.092834,QF60,60
R02079,real_36640.jpg,Real,Real,1e-06,QF60,60
R00380,real_15346.jpg,Real,Real,0.000605,QF60,60
R00190,real_12721.jpg,Real,Real,0.061646,QF60,60
R02987,real_47871.jpg,Real,Real,0.00885,QF60,60
R02737,real_44839.jpg,Real,Real,1.1e-05,QF60,60
R00658,real_1885.jpg,Real,Real,0.0,QF60,60
R03480,real_54068.jpg,Real,Real,0.020248,QF60,60
R01646,real_30886.jpg,Real,Real,0.278076,QF60,60
R02488,real_41709.jpg,Real,Real,0.0,QF60,60
R01903,real_3440.jpg,Real,Real,0.104492,QF60,60
R02842,real_46036.jpg,Real,Real,0.088684,QF60,60
R00408,real_15727.jpg,Real,Real,0.024658,QF60,60
R04586,real_67636.jpg,Real,Real,3e-06,QF60,60
R04621,real_68006.jpg,Real,Real,0.000377,QF60,60
R03690,real_56607.jpg,Real,Real,2.1e-05,QF60,60
R02991,real_47936.jpg,Real,Real,1e-06,QF60,60
R01946,real_35018.jpg,Real,Real,0.001048,QF60,60
R03417,real_5330.jpg,Real,Real,0.000667,QF60,60
R02474,real_41546.jpg,Real,Real,2.7e-05,QF60,60
R01407,real_27946.jpg,Real,Real,0.002174,QF60,60
R02135,real_37387.jpg,Real,Real,0.007965,QF60,60
R01468,real_28578.jpg,Real,Real,0.006313,QF60,60
R04999,real_999.jpg,Real,Real,8.3e-05,QF60,60
R03388,real_52924.jpg,Real,Real,0.001372,QF60,60
R04173,real_62570.jpg,Real,Real,0.104309,QF60,60
R00641,real_18698.jpg,Real,Real,0.0,QF60,60
R01730,real_32045.jpg,Real,Real,0.000627,QF60,60
R03821,real_58162.jpg,Real,Real,0.002443,QF60,60
R02434,real_41154.jpg,Real,Real,4e-06,QF60,60
R04526,real_66912.jpg,Real,Real,2e-06,QF60,60
R04535,real_66985.jpg,Real,Real,0.0,QF60,60
R03261,real_51346.jpg,Real,Real,0.091736,QF60,60
R04944,real_9219.jpg,Real,Real,0.014954,QF60,60
R04934,real_9057.jpg,Real,Real,0.001755,QF60,60
R04405,real_65381.jpg,Real,Real,0.000208,QF60,60
R04073,real_61309.jpg,Real,Real,1e-06,QF60,60
R00586,real_1804.jpg,Real,Real,0.00109,QF60,60
R00403,real_15655.jpg,Real,Real,0.0,QF60,60
R01776,real_32600.jpg,Real,Real,0.00316,QF60,60
R00099,real_11345.jpg,Real,Real,0.267334,QF60,60
R00874,real_21417.jpg,Real,Real,2e-06,QF60,60
R01357,real_2738.jpg,Real,Real,2.8e-05,QF60,60
R00289,real_14284.jpg,Real,Real,0.037689,QF60,60
R00677,real_19091.jpg,Real,Real,0.000193,QF60,60
R03148,real_49862.jpg,Real,Real,0.083008,QF60,60
R04273,real_63646.jpg,Real,Real,4.4e-05,QF60,60
R03607,real_55437.jpg,Real,Real,0.000752,QF60,60
R01338,real_2706.jpg,Real,Real,0.0,QF60,60
R01370,real_27496.jpg,Real,Real,0.006538,QF60,60
R04601,real_67794.jpg,Real,Real,0.00573,QF60,60
R00420,real_15868.jpg,Real,Real,2e-06,QF60,60
R03163,real_50065.jpg,Real,Real,0.221802,QF60,60
R01245,real_26.jpg,Real,Real,0.147217,QF60,60
R00877,real_21453.jpg,Real,Real,0.301025,QF60,60
R04719,real_69354.jpg,Real,Real,0.024475,QF60,60
R02935,real_47242.jpg,Real,Real,0.000217,QF60,60
R03232,real_50909.jpg,Real,Real,0.146851,QF60,60
R03903,real_59062.jpg,Real,Real,0.063049,QF60,60
R00622,real_1850.jpg,Real,Real,0.002182,QF60,60
R03873,real_5873.jpg,Real,Real,0.042969,QF60,60
R04578,real_67559.jpg,Real,Real,0.009857,QF60,60
R01369,real_27495.jpg,Real,Real,0.0,QF60,60
R04031,real_6073.jpg,Real,Real,0.0,QF60,60
R01285,real_2638.jpg,Real,Real,0.069946,QF60,60
R00495,real_16808.jpg,Real,Real,0.090759,QF60,60
R02337,real_3969.jpg,Real,Real,0.063721,QF60,60
R04065,real_61217.jpg,Real,Real,0.007725,QF60,60
R00347,real_14974.jpg,Real,Real,0.002157,QF60,60
R00096,real_11311.jpg,Real,Real,0.004467,QF60,60
R03843,real_58455.jpg,Real,Real,0.000278,QF60,60
R03366,real_52640.jpg,Real,Real,3e-06,QF60,60
R03179,real_50315.jpg,Real,Real,1e-05,QF60,60
R04704,real_69220.jpg,Real,Real,4e-06,QF60,60
R00838,real_2098.jpg,Real,Real,0.374268,QF60,60
R03959,real_59758.jpg,Real,Real,0.217041,QF60,60
R04558,real_67286.jpg,Real,Real,2.4e-05,QF60,60
R02032,real_36131.jpg,Real,Real,2.4e-05,QF60,60
R01216,real_25686.jpg,Real,Real,1.7e-05,QF60,60
R02920,real_47066.jpg,Real,Real,1e-05,QF60,60
R01027,real_23297.jpg,Real,Real,2.5e-05,QF60,60
R03871,real_58722.jpg,Real,Real,0.007488,QF60,60
R04886,real_8500.jpg,Real,Real,0.017914,QF60,60
R02891,real_46798.jpg,Real,Real,2e-05,QF60,60
R01806,real_33108.jpg,Real,Real,0.0,QF60,60
R01829,real_33479.jpg,Real,Real,1.2e-05,QF60,60
R03768,real_57374.jpg,Real,Real,0.120972,QF60,60
R04722,real_69433.jpg,Real,Real,0.131226,QF60,60
R01346,real_27201.jpg,Real,Real,0.006851,QF60,60
R04790,real_7298.jpg,Real,Real,0.043762,QF60,60
R00778,real_20344.jpg,Real,Real,0.069946,QF60,60
R00667,real_18963.jpg,Real,Real,0.0,QF60,60
R01599,real_30352.jpg,Real,Real,0.000519,QF60,60
R01157,real_24950.jpg,Real,Real,0.017303,QF60,60
R01349,real_27225.jpg,Real,Real,0.005535,QF60,60
R02545,real_42435.jpg,Real,Real,0.028702,QF60,60
R00385,real_15398.jpg,Real,Real,0.000157,QF60,60
R02443,real_41215.jpg,Real,Real,0.004982,QF60,60
R04210,real_6303.jpg,Real,Real,0.212036,QF60,60
R00979,real_22614.jpg,Real,Real,5e-05,QF60,60
R04539,real_67033.jpg,Real,Real,0.000839,QF60,60
R04503,real_66584.jpg,Real,Real,0.007488,QF60,60
R00171,real_12383.jpg,Real,Fake,0.533691,QF60,60
R03852,real_58520.jpg,Real,Real,0.017242,QF60,60
R00752,real_20020.jpg,Real,Real,0.0,QF60,60
R03202,real_50563.jpg,Real,Real,8e-06,QF60,60
R03534,real_54723.jpg,Real,Real,1e-05,QF60,60
R00050,real_10763.jpg,Real,Real,0.085693,QF60,60
R02789,real_45424.jpg,Real,Real,2e-06,QF60,60
R01860,real_33792.jpg,Real,Real,0.0,QF60,60
R00111,real_1149.jpg,Real,Real,5.7e-05,QF60,60
R01883,real_34092.jpg,Real,Real,0.001455,QF60,60
R04917,real_8845.jpg,Real,Real,3e-06,QF60,60
R00359,real_15122.jpg,Real,Real,2e-05,QF60,60
R00070,real_10979.jpg,Real,Real,0.0,QF60,60
R01183,real_25371.jpg,Real,Real,0.001249,QF60,60
R02587,real_42922.jpg,Real,Real,0.000985,QF60,60
R01774,real_32592.jpg,Real,Real,0.000661,QF60,60
R03923,real_59335.jpg,Real,Real,0.142578,QF60,60
R03658,real_5609.jpg,Real,Real,0.0,QF60,60
R01711,real_31745.jpg,Real,Real,0.0,QF60,60
R03813,real_58024.jpg,Real,Real,0.009232,QF60,60
R01293,real_26488.jpg,Real,Real,6e-06,QF60,60
R03562,real_54960.jpg,Real,Real,2.1e-05,QF60,60
R04809,real_7555.jpg,Real,Real,0.0,QF60,60
R03301,real_51888.jpg,Real,Real,0.000997,QF60,60
R02343,real_39774.jpg,Real,Real,2e-06,QF60,60
R03846,real_58465.jpg,Real,Real,0.00481,QF60,60
R01146,real_24832.jpg,Real,Real,0.037903,QF60,60
R04041,real_60802.jpg,Real,Real,0.013374,QF60,60
R04232,real_63214.jpg,Real,Real,0.01976,QF60,60
R03584,real_55175.jpg,Real,Real,0.0,QF60,60
R00244,real_13601.jpg,Real,Real,9e-06,QF60,60
R04637,real_68275.jpg,Real,Real,0.027802,QF60,60
R02702,real_44404.jpg,Real,Real,0.000586,QF60,60
R03738,real_57009.jpg,Real,Real,0.332031,QF60,60
R00145,real_1199.jpg,Real,Real,0.013794,QF60,60
R03734,real_56977.jpg,Real,Real,0.003708,QF60,60
R03465,real_53917.jpg,Real,Real,0.251953,QF60,60
R03662,real_5621.jpg,Real,Real,0.0,QF60,60
R03624,real_55662.jpg,Real,Real,1e-05,QF60,60
R04177,real_6260.jpg,Real,Real,1e-05,QF60,60
R03775,real_5752.jpg,Real,Real,2.7e-05,QF60,60
R02767,real_45244.jpg,Real,Real,0.013535,QF60,60
R01540,real_29467.jpg,Real,Real,0.0,QF60,60
R03678,real_56442.jpg,Real,Real,0.007317,QF60,60
R03254,real_51244.jpg,Real,Real,0.00106,QF60,60
R04038,real_60794.jpg,Real,Real,9.2e-05,QF60,60
R04007,real_60449.jpg,Real,Real,0.009415,QF60,60
R04127,real_61983.jpg,Real,Real,0.002621,QF60,60
R02425,real_41020.jpg,Real,Real,0.0,QF60,60
R03506,real_54391.jpg,Real,Real,0.086609,QF60,60
R01192,real_25436.jpg,Real,Real,0.0,QF60,60
R04480,real_66283.jpg,Real,Fake,0.878418,QF60,60
R03089,real_49063.jpg,Real,Real,0.0,QF60,60
R01555,real_29676.jpg,Real,Real,0.00018,QF60,60
R02960,real_47536.jpg,Real,Real,0.0,QF60,60
R02472,real_41531.jpg,Real,Real,0.000582,QF60,60
R04767,real_69965.jpg,Real,Real,0.012009,QF60,60
R02626,real_43504.jpg,Real,Real,0.0,QF60,60
R00706,real_19373.jpg,Real,Real,0.140137,QF60,60
R01783,real_32706.jpg,Real,Real,0.0,QF60,60
R02859,real_46367.jpg,Real,Real,0.0,QF60,60
R04428,real_65686.jpg,Real,Real,0.27124,QF60,60
R03032,real_48338.jpg,Real,Real,0.0,QF60,60
R04366,real_64799.jpg,Real,Real,2e-06,QF60,60
R03080,real_49006.jpg,Real,Real,0.0,QF60,60
R03958,real_59749.jpg,Real,Real,0.0,QF60,60
R00229,real_13343.jpg,Real,Real,0.050232,QF60,60
R00366,real_1517.jpg,Real,Real,5.9e-05,QF60,60
R00807,real_2066.jpg,Real,Real,0.001285,QF60,60
R02252,real_38760.jpg,Real,Real,0.0,QF60,60
R03476,real_54020.jpg,Real,Real,3.2e-05,QF60,60
R04130,real_62053.jpg,Real,Real,0.0,QF60,60
R04834,real_7926.jpg,Real,Real,0.001585,QF60,60
R03346,real_52433.jpg,Real,Real,0.000974,QF60,60
R02235,real_38596.jpg,Real,Real,0.000462,QF60,60
R04706,real_69236.jpg,Real,Real,6.6e-05,QF60,60
R01971,real_35377.jpg,Real,Real,1e-06,QF60,60
R00499,real_16875.jpg,Real,Real,0.37793,QF60,60
R02382,real_40418.jpg,Real,Real,0.210083,QF60,60
R01019,real_23156.jpg,Real,Real,0.004848,QF60,60
R02677,real_4412.jpg,Real,Real,0.11676,QF60,60
R02258,real_38838.jpg,Real,Real,0.006565,QF60,60
R01668,real_31153.jpg,Real,Real,0.014229,QF60,60
R00140,real_11936.jpg,Real,Real,1e-06,QF60,60
R03951,real_59623.jpg,Real,Real,0.004593,QF60,60
R00310,real_1454.jpg,Real,Real,6e-06,QF60,60
R01076,real_2380.jpg,Real,Real,0.01799,QF60,60
R01077,real_23836.jpg,Real,Real,0.016586,QF60,60
R01078,real_23845.jpg,Real,Real,0.005775,QF60,60
R01093,real_23992.jpg,Real,Real,0.000346,QF60,60
R03305,real_5192.jpg,Real,Real,0.004791,QF60,60
R00945,real_22181.jpg,Real,Real,0.007694,QF60,60
R02722,real_44707.jpg,Real,Real,0.004665,QF60,60
R03769,real_57387.jpg,Real,Real,0.008987,QF60,60
R03539,real_54789.jpg,Real,Real,6e-05,QF60,60
R01802,real_32970.jpg,Real,Real,6e-06,QF60,60
R02447,real_41258.jpg,Real,Real,0.000171,QF60,60
R04237,real_63281.jpg,Real,Real,4e-06,QF60,60
R01252,real_26085.jpg,Real,Real,0.007175,QF60,60
R02964,real_47595.jpg,Real,Real,0.0,QF60,60
R00985,real_22666.jpg,Real,Real,0.0,QF60,60
R00962,real_22447.jpg,Real,Real,0.0,QF60,60
R04723,real_6944.jpg,Real,Real,0.00605,QF60,60
R04687,real_68971.jpg,Real,Real,0.000276,QF60,60
R03037,real_4836.jpg,Real,Real,0.0,QF60,60
R00023,real_10319.jpg,Real,Real,0.000704,QF60,60
R01033,real_23351.jpg,Real,Fake,0.939453,QF60,60
R00332,real_14746.jpg,Real,Real,0.0,QF60,60
R04437,real_65800.jpg,Real,Real,0.006985,QF60,60
R02496,real_4182.jpg,Real,Real,0.155762,QF60,60
R02158,real_37661.jpg,Real,Real,0.000579,QF60,60
R02282,real_3919.jpg,Real,Real,0.067444,QF60,60
R04669,real_68776.jpg,Real,Real,0.0,QF60,60
R03583,real_55174.jpg,Real,Real,0.0,QF60,60
R00349,real_14988.jpg,Real,Real,3.1e-05,QF60,60
R00134,real_11852.jpg,Real,Real,1.2e-05,QF60,60
R02634,real_4358.jpg,Real,Real,0.158203,QF60,60
R00207,real_13038.jpg,Real,Real,0.18335,QF60,60
R02865,real_46447.jpg,Real,Real,0.000283,QF60,60
R04724,real_69465.jpg,Real,Real,0.001897,QF60,60
R01551,real_29622.jpg,Real,Real,0.008446,QF60,60
R00001,real_10007.jpg,Real,Real,0.002296,QF60,60
R00490,real_16740.jpg,Real,Real,0.0,QF60,60
R03645,real_5587.jpg,Real,Real,0.013481,QF60,60
R00021,real_103.jpg,Real,Real,0.00235,QF60,60
R01013,real_23074.jpg,Real,Real,0.0,QF60,60
R01949,real_35093.jpg,Real,Real,0.00102,QF60,60
R00239,real_13473.jpg,Real,Real,0.000158,QF60,60
R01592,real_30155.jpg,Real,Real,0.103027,QF60,60
R00093,real_11241.jpg,Real,Real,0.195923,QF60,60
R04118,real_61874.jpg,Real,Real,1.6e-05,QF60,60
R03343,real_52409.jpg,Real,Real,3.5e-05,QF60,60
R03809,real_57942.jpg,Real,Real,0.031433,QF60,60
R03153,real_4992.jpg,Real,Real,0.001346,QF60,60
R04207,real_63000.jpg,Real,Real,0.00639,QF60,60
R02147,real_37533.jpg,Real,Real,1e-05,QF60,60
R00904,real_218.jpg,Real,Fake,0.803711,QF60,60
R02308,real_39429.jpg,Real,Real,0.024567,QF60,60
R04998,real_998.jpg,Real,Real,0.163086,QF60,60
R02237,real_38613.jpg,Real,Real,0.001824,QF60,60
R03889,real_58908.jpg,Real,Real,0.0,QF60,60
R04956,real_9451.jpg,Real,Real,0.0,QF60,60
R01341,real_2712.jpg,Real,Real,5.9e-05,QF60,60
R03188,real_50445.jpg,Real,Real,0.0,QF60,60
R04071,real_61284.jpg,Real,Real,2.1e-05,QF60,60
R01014,real_23078.jpg,Real,Real,0.00082,QF60,60
F01608,fake_29522.jpg,Fake,Fake,1.0,QF60,60
F02925,fake_46861.jpg,Fake,Fake,1.0,QF60,60
F01955,fake_33634.jpg,Fake,Fake,0.999512,QF60,60
F04107,fake_61900.jpg,Fake,Fake,0.999512,QF60,60
F01353,fake_26402.jpg,Fake,Fake,1.0,QF60,60
F02277,fake_38193.jpg,Fake,Fake,0.999512,QF60,60
F04268,fake_63811.jpg,Fake,Fake,1.0,QF60,60
F04058,fake_61273.jpg,Fake,Fake,0.971191,QF60,60
F00013,fake_10183.jpg,Fake,Fake,1.0,QF60,60
F01938,fake_33472.jpg,Fake,Fake,0.999512,QF60,60
F03010,fake_47972.jpg,Fake,Fake,1.0,QF60,60
F02857,fake_45969.jpg,Fake,Fake,0.999512,QF60,60
F04554,fake_67363.jpg,Fake,Fake,0.999023,QF60,60
F01138,fake_23961.jpg,Fake,Fake,0.97998,QF60,60
F04334,fake_64669.jpg,Fake,Fake,0.999512,QF60,60
F04025,fake_60870.jpg,Fake,Fake,0.999512,QF60,60
F01720,fake_30835.jpg,Fake,Fake,0.723145,QF60,60
F03971,fake_60279.jpg,Fake,Fake,0.924805,QF60,60
F03997,fake_60545.jpg,Fake,Fake,1.0,QF60,60
F01538,fake_28577.jpg,Fake,Fake,1.0,QF60,60
F01881,fake_32710.jpg,Fake,Fake,1.0,QF60,60
F00810,fake_20334.jpg,Fake,Fake,0.996582,QF60,60
F03495,fake_54347.jpg,Fake,Fake,0.989746,QF60,60
F01821,fake_3204.jpg,Fake,Fake,0.998535,QF60,60
F03714,fake_57105.jpg,Fake,Fake,1.0,QF60,60
F02104,fake_35557.jpg,Fake,Fake,1.0,QF60,60
F03755,fake_57645.jpg,Fake,Fake,1.0,QF60,60
F02571,fake_42492.jpg,Fake,Fake,1.0,QF60,60
F00920,fake_21605.jpg,Fake,Fake,1.0,QF60,60
F00164,fake_11907.jpg,Fake,Fake,0.991211,QF60,60
F02511,fake_41732.jpg,Fake,Fake,1.0,QF60,60
F02492,fake_41427.jpg,Fake,Fake,0.994141,QF60,60
F03970,fake_60275.jpg,Fake,Fake,0.884277,QF60,60
F00412,fake_15196.jpg,Fake,Fake,1.0,QF60,60
F03148,fake_49793.jpg,Fake,Fake,0.999023,QF60,60
F02909,fake_46661.jpg,Fake,Fake,1.0,QF60,60
F03423,fake_53485.jpg,Fake,Fake,0.997559,QF60,60
F00365,fake_14608.jpg,Fake,Fake,1.0,QF60,60
F03270,fake_51477.jpg,Fake,Fake,0.92041,QF60,60
F04847,fake_7982.jpg,Fake,Fake,0.811035,QF60,60
F01682,fake_30453.jpg,Fake,Fake,0.996582,QF60,60
F04027,fake_60897.jpg,Fake,Fake,1.0,QF60,60
F02620,fake_43160.jpg,Fake,Fake,1.0,QF60,60
F03928,fake_59868.jpg,Fake,Fake,0.983398,QF60,60
F04885,fake_8497.jpg,Fake,Fake,0.999023,QF60,60
F01155,fake_24152.jpg,Fake,Fake,1.0,QF60,60
F00807,fake_20303.jpg,Fake,Fake,1.0,QF60,60
F00170,fake_1202.jpg,Fake,Fake,1.0,QF60,60
F04167,fake_62602.jpg,Fake,Fake,0.998047,QF60,60
F00756,fake_19816.jpg,Fake,Fake,0.998047,QF60,60
F03701,fake_56896.jpg,Fake,Fake,0.992676,QF60,60
F01378,fake_26724.jpg,Fake,Fake,1.0,QF60,60
F04404,fake_65528.jpg,Fake,Fake,0.950195,QF60,60
F00708,fake_19167.jpg,Fake,Fake,0.974121,QF60,60
F01871,fake_32629.jpg,Fake,Fake,1.0,QF60,60
F00695,fake_19025.jpg,Fake,Fake,0.998535,QF60,60
F02107,fake_35591.jpg,Fake,Fake,0.997559,QF60,60
F03232,fake_50969.jpg,Fake,Fake,1.0,QF60,60
F03674,fake_56525.jpg,Fake,Fake,1.0,QF60,60
F01311,fake_25843.jpg,Fake,Fake,1.0,QF60,60
F01535,fake_285.jpg,Fake,Fake,0.999023,QF60,60
F02044,fake_34746.jpg,Fake,Fake,1.0,QF60,60
F01270,fake_25341.jpg,Fake,Fake,1.0,QF60,60
F01229,fake_24895.jpg,Fake,Fake,0.932129,QF60,60
F03716,fake_57169.jpg,Fake,Fake,1.0,QF60,60
F00798,fake_20198.jpg,Fake,Fake,0.78418,QF60,60
F04837,fake_7800.jpg,Fake,Fake,0.984863,QF60,60
F04528,fake_6703.jpg,Fake,Fake,1.0,QF60,60
F02194,fake_3689.jpg,Fake,Fake,0.999512,QF60,60
F04203,fake_63095.jpg,Fake,Fake,0.997559,QF60,60
F01904,fake_32954.jpg,Fake,Fake,0.996582,QF60,60
F02313,fake_38739.jpg,Fake,Fake,1.0,QF60,60
F03587,fake_554.jpg,Fake,Fake,1.0,QF60,60
F01604,fake_29442.jpg,Fake,Fake,0.990234,QF60,60
F01555,fake_28876.jpg,Fake,Fake,0.999023,QF60,60
F00018,fake_10253.jpg,Fake,Fake,0.999512,QF60,60
F00141,fake_11608.jpg,Fake,Fake,1.0,QF60,60
F02270,fake_38115.jpg,Fake,Fake,1.0,QF60,60
F03764,fake_57782.jpg,Fake,Fake,0.890137,QF60,60
F03695,fake_56791.jpg,Fake,Fake,0.999512,QF60,60
F04042,fake_61126.jpg,Fake,Fake,0.996582,QF60,60
F02423,fake_40420.jpg,Fake,Fake,1.0,QF60,60
F04682,fake_68736.jpg,Fake,Fake,0.996582,QF60,60
F01176,fake_24395.jpg,Fake,Fake,0.999512,QF60,60
F01796,fake_3171.jpg,Fake,Fake,0.99707,QF60,60
F00282,fake_13451.jpg,Fake,Fake,1.0,QF60,60
F03634,fake_5608.jpg,Fake,Fake,1.0,QF60,60
F01369,fake_26614.jpg,Fake,Fake,1.0,QF60,60
F01698,fake_30642.jpg,Fake,Fake,1.0,QF60,60
F00307,fake_13786.jpg,Fake,Fake,0.999023,QF60,60
F04427,fake_65863.jpg,Fake,Fake,1.0,QF60,60
F01782,fake_31491.jpg,Fake,Fake,0.897461,QF60,60
F02654,fake_43512.jpg,Fake,Fake,0.995117,QF60,60
F02727,fake_44413.jpg,Fake,Fake,0.993652,QF60,60
F04308,fake_64349.jpg,Fake,Fake,0.991211,QF60,60
F01643,fake_30.jpg,Fake,Fake,1.0,QF60,60
F04896,fake_8653.jpg,Fake,Fake,1.0,QF60,60
F01581,fake_29178.jpg,Fake,Fake,0.770508,QF60,60
F03739,fake_57397.jpg,Fake,Fake,1.0,QF60,60
F04302,fake_64302.jpg,Fake,Fake,0.97168,QF60,60
F02300,fake_38520.jpg,Fake,Fake,0.999512,QF60,60
F04796,fake_7280.jpg,Fake,Fake,1.0,QF60,60
F03671,fake_565.jpg,Fake,Fake,1.0,QF60,60
F00390,fake_14935.jpg,Fake,Fake,1.0,QF60,60
F01004,fake_22544.jpg,Fake,Fake,0.993652,QF60,60
F03824,fake_58697.jpg,Fake,Fake,0.996094,QF60,60
F03675,fake_5654.jpg,Fake,Fake,0.998047,QF60,60
F04664,fake_68555.jpg,Fake,Fake,0.997559,QF60,60
F02074,fake_35080.jpg,Fake,Fake,0.988281,QF60,60
F00960,fake_22036.jpg,Fake,Fake,0.994629,QF60,60
F01429,fake_27244.jpg,Fake,Fake,1.0,QF60,60
F00681,fake_18830.jpg,Fake,Fake,0.99707,QF60,60
F00118,fake_11388.jpg,Fake,Fake,1.0,QF60,60
F00199,fake_12441.jpg,Fake,Fake,1.0,QF60,60
F03019,fake_4810.jpg,Fake,Fake,0.999512,QF60,60
F00344,fake_14329.jpg,Fake,Fake,0.685547,QF60,60
F00531,fake_16605.jpg,Fake,Fake,1.0,QF60,60
F00101,fake_11208.jpg,Fake,Fake,1.0,QF60,60
F04160,fake_62544.jpg,Fake,Fake,0.908691,QF60,60
F00419,fake_15290.jpg,Fake,Fake,0.996582,QF60,60
F02416,fake_40308.jpg,Fake,Fake,1.0,QF60,60
F00586,fake_17488.jpg,Fake,Fake,1.0,QF60,60
F01028,fake_22819.jpg,Fake,Fake,1.0,QF60,60
F01464,fake_27541.jpg,Fake,Fake,1.0,QF60,60
F02785,fake_4529.jpg,Fake,Fake,0.993652,QF60,60
F04333,fake_64666.jpg,Fake,Fake,0.956543,QF60,60
F03094,fake_49081.jpg,Fake,Fake,0.921387,QF60,60
F02390,fake_39844.jpg,Fake,Fake,1.0,QF60,60
F03243,fake_51113.jpg,Fake,Real,0.486328,QF60,60
F00881,fake_21150.jpg,Fake,Fake,0.993652,QF60,60
F01480,fake_27751.jpg,Fake,Fake,0.984375,QF60,60
F00384,fake_14839.jpg,Fake,Fake,1.0,QF60,60
F03942,fake_59987.jpg,Fake,Fake,0.999023,QF60,60
F01307,fake_25772.jpg,Fake,Fake,0.994141,QF60,60
F00008,fake_10114.jpg,Fake,Fake,1.0,QF60,60
F00603,fake_17671.jpg,Fake,Fake,0.908203,QF60,60
F02740,fake_44663.jpg,Fake,Fake,1.0,QF60,60
F04438,fake_65962.jpg,Fake,Fake,0.981934,QF60,60
F04950,fake_9385.jpg,Fake,Fake,1.0,QF60,60
F03177,fake_50118.jpg,Fake,Fake,1.0,QF60,60
F04836,fake_7795.jpg,Fake,Fake,1.0,QF60,60
F04178,fake_62692.jpg,Fake,Fake,1.0,QF60,60
F01916,fake_33116.jpg,Fake,Fake,0.898926,QF60,60
F04694,fake_68876.jpg,Fake,Fake,0.895508,QF60,60
F03113,fake_49365.jpg,Fake,Fake,1.0,QF60,60
F01345,fake_26338.jpg,Fake,Fake,0.999023,QF60,60
F02942,fake_47005.jpg,Fake,Fake,0.99707,QF60,60
F00362,fake_14522.jpg,Fake,Fake,1.0,QF60,60
F00604,fake_17702.jpg,Fake,Fake,0.995605,QF60,60
F02693,fake_44024.jpg,Fake,Fake,1.0,QF60,60
F02757,fake_44863.jpg,Fake,Fake,1.0,QF60,60
F01485,fake_27826.jpg,Fake,Fake,0.950195,QF60,60
F04582,fake_67670.jpg,Fake,Fake,1.0,QF60,60
F02020,fake_3444.jpg,Fake,Fake,1.0,QF60,60
F04655,fake_68450.jpg,Fake,Fake,0.954102,QF60,60
F02414,fake_40248.jpg,Fake,Fake,1.0,QF60,60
F02488,fake_41378.jpg,Fake,Fake,0.85498,QF60,60
F04689,fake_68821.jpg,Fake,Fake,0.885254,QF60,60
F04826,fake_7622.jpg,Fake,Fake,0.998535,QF60,60
F01220,fake_24770.jpg,Fake,Fake,1.0,QF60,60
F00314,fake_13851.jpg,Fake,Fake,0.987305,QF60,60
F00830,fake_20568.jpg,Fake,Fake,0.998047,QF60,60
F01042,fake_22978.jpg,Fake,Fake,1.0,QF60,60
F03103,fake_49256.jpg,Fake,Fake,0.996094,QF60,60
F04498,fake_66596.jpg,Fake,Fake,1.0,QF60,60
F00969,fake_22134.jpg,Fake,Fake,0.910156,QF60,60
F01244,fake_25041.jpg,Fake,Fake,1.0,QF60,60
F03782,fake_57996.jpg,Fake,Fake,1.0,QF60,60
F03093,fake_49077.jpg,Fake,Real,0.472656,QF60,60
F01684,fake_30461.jpg,Fake,Fake,0.962891,QF60,60
F00900,fake_21426.jpg,Fake,Fake,0.998535,QF60,60
F01124,fake_2384.jpg,Fake,Fake,0.999512,QF60,60
F04202,fake_63092.jpg,Fake,Fake,0.600586,QF60,60
F01453,fake_27462.jpg,Fake,Fake,0.996582,QF60,60
F03664,fake_56397.jpg,Fake,Fake,0.999512,QF60,60
F03312,fake_51974.jpg,Fake,Fake,0.98291,QF60,60
F03173,fake_50083.jpg,Fake,Fake,1.0,QF60,60
F03274,fake_51534.jpg,Fake,Fake,1.0,QF60,60
F04076,fake_61437.jpg,Fake,Fake,0.99707,QF60,60
F00478,fake_16114.jpg,Fake,Fake,1.0,QF60,60
F03197,fake_50359.jpg,Fake,Fake,1.0,QF60,60
F04169,fake_62607.jpg,Fake,Fake,1.0,QF60,60
F01494,fake_27987.jpg,Fake,Fake,0.982422,QF60,60
F00406,fake_15165.jpg,Fake,Fake,0.989746,QF60,60
F01503,fake_28104.jpg,Fake,Fake,0.977539,QF60,60
F01550,fake_28760.jpg,Fake,Fake,1.0,QF60,60
F00558,fake_17069.jpg,Fake,Fake,0.668457,QF60,60
F04327,fake_6458.jpg,Fake,Fake,1.0,QF60,60
F01344,fake_26324.jpg,Fake,Fake,1.0,QF60,60
F04409,fake_6557.jpg,Fake,Fake,1.0,QF60,60
F02788,fake_45303.jpg,Fake,Fake,1.0,QF60,60
F01295,fake_25652.jpg,Fake,Fake,1.0,QF60,60
F02855,fake_45958.jpg,Fake,Fake,1.0,QF60,60
F03502,fake_54480.jpg,Fake,Fake,1.0,QF60,60
F02969,fake_47395.jpg,Fake,Fake,1.0,QF60,60
F03372,fake_52748.jpg,Fake,Fake,0.992188,QF60,60
F02185,fake_36737.jpg,Fake,Fake,0.969727,QF60,60
F00928,fake_2171.jpg,Fake,Fake,1.0,QF60,60
F04863,fake_8214.jpg,Fake,Fake,1.0,QF60,60
F04629,fake_68194.jpg,Fake,Fake,0.996094,QF60,60
F04667,fake_68595.jpg,Fake,Fake,0.986816,QF60,60
F04729,fake_69289.jpg,Fake,Fake,0.976074,QF60,60
F03371,fake_52727.jpg,Fake,Fake,0.999512,QF60,60
F03626,fake_56032.jpg,Fake,Fake,1.0,QF60,60
F03342,fake_52415.jpg,Fake,Real,0.240601,QF60,60
F01668,fake_30210.jpg,Fake,Fake,1.0,QF60,60
F03849,fake_58940.jpg,Fake,Fake,0.999023,QF60,60
F03815,fake_58543.jpg,Fake,Fake,1.0,QF60,60
F01799,fake_31733.jpg,Fake,Real,0.35791,QF60,60
F03640,fake_56129.jpg,Fake,Fake,0.958984,QF60,60
F02280,fake_38220.jpg,Fake,Fake,0.997559,QF60,60
F04002,fake_60593.jpg,Fake,Fake,0.984863,QF60,60
F00902,fake_21474.jpg,Fake,Fake,0.974121,QF60,60
F02681,fake_43934.jpg,Fake,Fake,1.0,QF60,60
F04110,fake_61950.jpg,Fake,Fake,0.999023,QF60,60
F02653,fake_43510.jpg,Fake,Fake,1.0,QF60,60
F02633,fake_43294.jpg,Fake,Fake,0.999023,QF60,60
F01724,fake_309.jpg,Fake,Fake,0.999512,QF60,60
F03411,fake_53344.jpg,Fake,Fake,1.0,QF60,60
F00759,fake_19823.jpg,Fake,Fake,1.0,QF60,60
F00148,fake_11691.jpg,Fake,Fake,1.0,QF60,60
F01162,fake_24240.jpg,Fake,Fake,1.0,QF60,60
F02454,fake_40815.jpg,Fake,Fake,1.0,QF60,60
F03758,fake_57679.jpg,Fake,Fake,0.998047,QF60,60
F02712,fake_44275.jpg,Fake,Fake,1.0,QF60,60
F01509,fake_28167.jpg,Fake,Fake,1.0,QF60,60
F01143,fake_24006.jpg,Fake,Fake,0.998535,QF60,60
F02256,fake_37898.jpg,Fake,Fake,0.998535,QF60,60
F00242,fake_12939.jpg,Fake,Fake,0.99707,QF60,60
F01045,fake_22992.jpg,Fake,Fake,0.996582,QF60,60
F04301,fake_64289.jpg,Fake,Fake,0.992188,QF60,60
F01914,fake_33079.jpg,Fake,Fake,0.800781,QF60,60
F04387,fake_65351.jpg,Fake,Fake,1.0,QF60,60
F01473,fake_27611.jpg,Fake,Fake,0.980957,QF60,60
F04832,fake_7738.jpg,Fake,Fake,1.0,QF60,60
F02389,fake_39840.jpg,Fake,Fake,1.0,QF60,60
F02386,fake_39815.jpg,Fake,Fake,0.977051,QF60,60
F01536,fake_28521.jpg,Fake,Fake,0.999512,QF60,60
F04823,fake_7580.jpg,Fake,Fake,1.0,QF60,60
F01482,fake_27766.jpg,Fake,Fake,1.0,QF60,60
F02210,fake_37314.jpg,Fake,Fake,0.999512,QF60,60
F00599,fake_17630.jpg,Fake,Fake,0.989746,QF60,60
F04869,fake_830.jpg,Fake,Fake,1.0,QF60,60
F02247,fake_37849.jpg,Fake,Fake,0.731934,QF60,60
F03425,fake_53506.jpg,Fake,Fake,0.95166,QF60,60
F00228,fake_12741.jpg,Fake,Fake,0.977051,QF60,60
F04328,fake_64588.jpg,Fake,Fake,0.999023,QF60,60
F03333,fake_52320.jpg,Fake,Fake,1.0,QF60,60
F00896,fake_21392.jpg,Fake,Fake,1.0,QF60,60
F03081,fake_48850.jpg,Fake,Fake,1.0,QF60,60
F02921,fake_46832.jpg,Fake,Fake,0.76123,QF60,60
F00429,fake_15375.jpg,Fake,Fake,0.998535,QF60,60
F01180,fake_24427.jpg,Fake,Fake,1.0,QF60,60
F01626,fake_29758.jpg,Fake,Fake,1.0,QF60,60
F01760,fake_31274.jpg,Fake,Fake,0.989746,QF60,60
F04469,fake_6620.jpg,Fake,Real,0.019608,QF60,60
F02881,fake_46308.jpg,Fake,Fake,1.0,QF60,60
F04969,fake_9644.jpg,Fake,Fake,1.0,QF60,60
F03922,fake_59835.jpg,Fake,Fake,0.996094,QF60,60
F00921,fake_21632.jpg,Fake,Fake,1.0,QF60,60
F04684,fake_68760.jpg,Fake,Fake,0.704102,QF60,60
F00956,fake_22006.jpg,Fake,Fake,0.916504,QF60,60
F00319,fake_13930.jpg,Fake,Fake,0.996582,QF60,60
F00071,fake_10875.jpg,Fake,Fake,1.0,QF60,60
F01582,fake_2918.jpg,Fake,Fake,0.995117,QF60,60
F00340,fake_14241.jpg,Fake,Fake,1.0,QF60,60
F00736,fake_1952.jpg,Fake,Fake,1.0,QF60,60
F00923,fake_21645.jpg,Fake,Fake,1.0,QF60,60
F02543,fake_42199.jpg,Fake,Fake,1.0,QF60,60
F03154,fake_49839.jpg,Fake,Fake,0.851562,QF60,60
F03688,fake_5669.jpg,Fake,Fake,0.979492,QF60,60
F00545,fake_16817.jpg,Fake,Fake,0.999023,QF60,60
F03213,fake_50555.jpg,Fake,Fake,0.74707,QF60,60
F02514,fake_41759.jpg,Fake,Fake,1.0,QF60,60
F00576,fake_17357.jpg,Fake,Fake,0.998535,QF60,60
F03879,fake_59289.jpg,Fake,Fake,1.0,QF60,60
F00002,fake_10018.jpg,Fake,Fake,0.850098,QF60,60
F00323,fake_13994.jpg,Fake,Fake,0.992676,QF60,60
F01029,fake_22825.jpg,Fake,Fake,0.998535,QF60,60
F00761,fake_19847.jpg,Fake,Fake,0.999512,QF60,60
F01795,fake_31672.jpg,Fake,Fake,0.998535,QF60,60
F00836,fake_2063.jpg,Fake,Fake,1.0,QF60,60
F04092,fake_61636.jpg,Fake,Fake,0.999512,QF60,60
F01526,fake_28358.jpg,Fake,Fake,0.993652,QF60,60
F04949,fake_9381.jpg,Fake,Fake,1.0,QF60,60
F01099,fake_23572.jpg,Fake,Fake,1.0,QF60,60
F00513,fake_16421.jpg,Fake,Fake,1.0,QF60,60
F04946,fake_9271.jpg,Fake,Fake,0.999023,QF60,60
F03293,fake_5174.jpg,Fake,Fake,0.939941,QF60,60
F03705,fake_56977.jpg,Fake,Fake,0.999512,QF60,60
F01334,fake_26223.jpg,Fake,Fake,1.0,QF60,60
F00667,fake_18567.jpg,Fake,Fake,0.999512,QF60,60
F04005,fake_60622.jpg,Fake,Fake,0.95752,QF60,60
F04378,fake_65256.jpg,Fake,Fake,1.0,QF60,60
F02069,fake_35030.jpg,Fake,Fake,1.0,QF60,60
F02325,fake_38904.jpg,Fake,Fake,0.998047,QF60,60
F03667,fake_56430.jpg,Fake,Fake,0.971191,QF60,60
F00683,fake_18845.jpg,Fake,Fake,1.0,QF60,60
F00293,fake_13567.jpg,Fake,Fake,0.981445,QF60,60
F01903,fake_32935.jpg,Fake,Fake,0.998535,QF60,60
F03353,fake_52540.jpg,Fake,Fake,1.0,QF60,60
F04138,fake_62331.jpg,Fake,Fake,1.0,QF60,60
F00510,fake_16405.jpg,Fake,Fake,0.59668,QF60,60
F00312,fake_13843.jpg,Fake,Fake,0.999023,QF60,60
F04546,fake_67233.jpg,Fake,Fake,0.999023,QF60,60
F02724,fake_44384.jpg,Fake,Fake,1.0,QF60,60
F03665,fake_56416.jpg,Fake,Fake,1.0,QF60,60
F03837,fake_5882.jpg,Fake,Fake,0.999512,QF60,60
F01073,fake_23257.jpg,Fake,Fake,1.0,QF60,60
F04843,fake_7902.jpg,Fake,Fake,1.0,QF60,60
F03635,fake_56084.jpg,Fake,Fake,1.0,QF60,60
F04313,fake_64376.jpg,Fake,Real,0.026657,QF60,60
F03259,fake_51324.jpg,Fake,Fake,0.996582,QF60,60
F03389,fake_52905.jpg,Fake,Fake,0.99707,QF60,60
F04067,fake_61392.jpg,Fake,Fake,0.822754,QF60,60
F01742,fake_31114.jpg,Fake,Fake,0.999512,QF60,60
F01763,fake_31298.jpg,Fake,Fake,0.928711,QF60,60
F02807,fake_45495.jpg,Fake,Fake,1.0,QF60,60
F03817,fake_58563.jpg,Fake,Fake,0.998535,QF60,60
F01431,fake_27286.jpg,Fake,Fake,0.96875,QF60,60
F00748,fake_1972.jpg,Fake,Real,0.144287,QF60,60
F02420,fake_40354.jpg,Fake,Fake,1.0,QF60,60
F04250,fake_63631.jpg,Fake,Fake,0.998535,QF60,60
F02739,fake_44627.jpg,Fake,Fake,1.0,QF60,60
F02555,fake_42293.jpg,Fake,Fake,1.0,QF60,60
F04556,fake_67384.jpg,Fake,Fake,0.999512,QF60,60
F03164,fake_49958.jpg,Fake,Fake,0.999512,QF60,60
F04282,fake_6403.jpg,Fake,Fake,0.632812,QF60,60
F01006,fake_22556.jpg,Fake,Fake,1.0,QF60,60
F02951,fake_47106.jpg,Fake,Fake,0.999512,QF60,60
F01417,fake_27106.jpg,Fake,Fake,0.99707,QF60,60
F00287,fake_13502.jpg,Fake,Fake,0.999023,QF60,60
F04686,fake_68791.jpg,Fake,Fake,1.0,QF60,60
F02776,fake_45190.jpg,Fake,Fake,0.697754,QF60,60
F03066,fake_48713.jpg,Fake,Fake,0.684082,QF60,60
F04101,fake_61766.jpg,Fake,Fake,0.679688,QF60,60
F04735,fake_69377.jpg,Fake,Fake,0.994629,QF60,60
F02120,fake_35788.jpg,Fake,Fake,0.993164,QF60,60
F01379,fake_26729.jpg,Fake,Fake,0.999512,QF60,60
F01438,fake_27353.jpg,Fake,Fake,0.996582,QF60,60
F03772,fake_57863.jpg,Fake,Fake,0.99707,QF60,60
F02692,fake_44019.jpg,Fake,Fake,1.0,QF60,60
F03623,fake_56002.jpg,Fake,Fake,0.98877,QF60,60
F03768,fake_57816.jpg,Fake,Fake,0.999023,QF60,60
F03658,fake_56337.jpg,Fake,Fake,0.987305,QF60,60
F03776,fake_57926.jpg,Fake,Fake,0.991211,QF60,60
F01478,fake_27719.jpg,Fake,Fake,0.992676,QF60,60
F02080,fake_3514.jpg,Fake,Fake,0.902344,QF60,60
F02837,fake_45769.jpg,Fake,Fake,0.98877,QF60,60
F01059,fake_23084.jpg,Fake,Fake,0.984375,QF60,60
F00908,fake_21492.jpg,Fake,Fake,0.999512,QF60,60
F04310,fake_64369.jpg,Fake,Fake,0.999512,QF60,60
F01288,fake_25559.jpg,Fake,Fake,0.999023,QF60,60
F00685,fake_1886.jpg,Fake,Fake,0.995605,QF60,60
F03403,fake_53220.jpg,Fake,Fake,0.997559,QF60,60
F03885,fake_59356.jpg,Fake,Fake,0.967773,QF60,60
F00931,fake_21743.jpg,Fake,Fake,1.0,QF60,60
F00470,fake_16007.jpg,Fake,Fake,0.999023,QF60,60
F04700,fake_68915.jpg,Fake,Fake,0.989258,QF60,60
F01310,fake_25838.jpg,Fake,Fake,1.0,QF60,60
F00345,fake_1433.jpg,Fake,Fake,1.0,QF60,60
F01022,fake_22738.jpg,Fake,Fake,1.0,QF60,60
F00654,fake_18337.jpg,Fake,Fake,0.999512,QF60,60
F03198,fake_50364.jpg,Fake,Fake,0.989258,QF60,60
F03793,fake_5820.jpg,Fake,Fake,0.995605,QF60,60
F04680,fake_68724.jpg,Fake,Fake,0.710938,QF60,60
F04339,fake_64727.jpg,Fake,Fake,0.868164,QF60,60
F03789,fake_58078.jpg,Fake,Fake,1.0,QF60,60
F02784,fake_45280.jpg,Fake,Fake,0.826172,QF60,60
F02985,fake_47568.jpg,Fake,Fake,0.999512,QF60,60
F04973,fake_9692.jpg,Fake,Fake,1.0,QF60,60
F02340,fake_3911.jpg,Fake,Fake,0.999512,QF60,60
F03571,fake_55295.jpg,Fake,Fake,0.999512,QF60,60
F02397,fake_39982.jpg,Fake,Fake,1.0,QF60,60
F01706,fake_30715.jpg,Fake,Fake,0.955566,QF60,60
F02795,fake_45352.jpg,Fake,Fake,0.999512,QF60,60
F02014,fake_34354.jpg,Fake,Fake,0.935547,QF60,60
F03955,fake_60109.jpg,Fake,Fake,1.0,QF60,60
F03627,fake_56039.jpg,Fake,Fake,1.0,QF60,60
F02465,fake_41.jpg,Fake,Fake,1.0,QF60,60
F02031,fake_34565.jpg,Fake,Fake,0.916016,QF60,60
F00982,fake_22311.jpg,Fake,Fake,0.995605,QF60,60
F04947,fake_9296.jpg,Fake,Fake,1.0,QF60,60
F00769,fake_19914.jpg,Fake,Real,0.001616,QF60,60
F04458,fake_66129.jpg,Fake,Fake,0.999023,QF60,60
F00064,fake_10811.jpg,Fake,Fake,0.997559,QF60,60
F02759,fake_44883.jpg,Fake,Fake,0.995605,QF60,60
F00935,fake_2179.jpg,Fake,Fake,0.999512,QF60,60
F03718,fake_57190.jpg,Fake,Fake,1.0,QF60,60
F01894,fake_32855.jpg,Fake,Fake,0.985352,QF60,60
F01739,fake_31090.jpg,Fake,Fake,0.999512,QF60,60
F04099,fake_61744.jpg,Fake,Fake,1.0,QF60,60
F04029,fake_60933.jpg,Fake,Fake,0.994141,QF60,60
F00856,fake_20886.jpg,Fake,Fake,0.998047,QF60,60
F04933,fake_9153.jpg,Fake,Fake,0.996094,QF60,60
F04004,fake_60616.jpg,Fake,Fake,1.0,QF60,60
F03370,fake_5269.jpg,Fake,Fake,1.0,QF60,60
F00458,fake_15781.jpg,Fake,Real,0.360352,QF60,60
F01753,fake_31206.jpg,Fake,Fake,0.998535,QF60,60
F03905,fake_59663.jpg,Fake,Fake,0.999023,QF60,60
F01759,fake_31262.jpg,Fake,Fake,1.0,QF60,60
F02670,fake_43801.jpg,Fake,Fake,0.999512,QF60,60
F04078,fake_61444.jpg,Fake,Fake,1.0,QF60,60
F00897,fake_21407.jpg,Fake,Fake,0.998047,QF60,60
F00012,fake_10182.jpg,Fake,Fake,1.0,QF60,60
F04676,fake_68700.jpg,Fake,Fake,0.999512,QF60,60
F04965,fake_9578.jpg,Fake,Fake,1.0,QF60,60
F03550,fake_55071.jpg,Fake,Fake,0.96875,QF60,60
F01520,fake_28287.jpg,Fake,Fake,1.0,QF60,60
F00418,fake_15274.jpg,Fake,Fake,1.0,QF60,60
F04465,fake_66177.jpg,Fake,Fake,0.98291,QF60,60
F03965,fake_60231.jpg,Fake,Real,0.151733,QF60,60
F00848,fake_20744.jpg,Fake,Fake,1.0,QF60,60
F03808,fake_58448.jpg,Fake,Fake,0.931641,QF60,60
F00110,fake_11279.jpg,Fake,Fake,1.0,QF60,60
F04102,fake_6178.jpg,Fake,Fake,1.0,QF60,60
F00277,fake_13425.jpg,Fake,Fake,0.988281,QF60,60
F03335,fake_52351.jpg,Fake,Fake,1.0,QF60,60
F02506,fake_41643.jpg,Fake,Fake,1.0,QF60,60
F04048,fake_61160.jpg,Fake,Fake,0.914062,QF60,60
F02762,fake_44958.jpg,Fake,Fake,1.0,QF60,60
F04075,fake_61436.jpg,Fake,Fake,0.724121,QF60,60
F02170,fake_36531.jpg,Fake,Fake,1.0,QF60,60
F02977,fake_47482.jpg,Fake,Fake,1.0,QF60,60
F00878,fake_21120.jpg,Fake,Fake,0.997559,QF60,60
F04570,fake_67545.jpg,Fake,Fake,0.926758,QF60,60
F02391,fake_39850.jpg,Fake,Fake,0.998047,QF60,60
F02923,fake_46857.jpg,Fake,Fake,1.0,QF60,60
F02180,fake_36644.jpg,Fake,Fake,0.999023,QF60,60
F01217,fake_24722.jpg,Fake,Fake,1.0,QF60,60
F04638,fake_68274.jpg,Fake,Fake,1.0,QF60,60
F02806,fake_45492.jpg,Fake,Fake,1.0,QF60,60
F01927,fake_3334.jpg,Fake,Fake,1.0,QF60,60
F00416,fake_15262.jpg,Fake,Real,0.000457,QF60,60
F02353,fake_39290.jpg,Fake,Fake,0.999023,QF60,60
F04312,fake_64374.jpg,Fake,Fake,1.0,QF60,60
F03430,fake_53561.jpg,Fake,Fake,0.743164,QF60,60
F03832,fake_58752.jpg,Fake,Fake,0.991211,QF60,60
F01713,fake_30771.jpg,Fake,Fake,0.999512,QF60,60
F01912,fake_33066.jpg,Fake,Fake,0.941895,QF60,60
F04335,fake_64678.jpg,Fake,Fake,1.0,QF60,60
F01123,fake_23838.jpg,Fake,Fake,1.0,QF60,60
F02922,fake_46855.jpg,Fake,Fake,1.0,QF60,60
F04516,fake_66872.jpg,Fake,Fake,0.984375,QF60,60
F01654,fake_30106.jpg,Fake,Fake,1.0,QF60,60
F03076,fake_48833.jpg,Fake,Fake,0.880371,QF60,60
F00662,fake_18460.jpg,Fake,Fake,0.999512,QF60,60
F03339,fake_52375.jpg,Fake,Fake,0.993652,QF60,60
F02122,fake_35815.jpg,Fake,Fake,1.0,QF60,60
F02957,fake_47237.jpg,Fake,Fake,0.989746,QF60,60
F00144,fake_11646.jpg,Fake,Fake,1.0,QF60,60
F02026,fake_34508.jpg,Fake,Fake,1.0,QF60,60
F04521,fake_66935.jpg,Fake,Fake,0.997559,QF60,60
F03914,fake_59750.jpg,Fake,Fake,1.0,QF60,60
F01002,fake_22540.jpg,Fake,Fake,1.0,QF60,60
F01842,fake_32276.jpg,Fake,Fake,0.996582,QF60,60
F00633,fake_18012.jpg,Fake,Fake,0.983887,QF60,60
F00517,fake_16447.jpg,Fake,Fake,1.0,QF60,60
F00779,fake_2000.jpg,Fake,Fake,0.993652,QF60,60
F00284,fake_13483.jpg,Fake,Fake,0.999512,QF60,60
F03297,fake_51807.jpg,Fake,Fake,0.996094,QF60,60
F03570,fake_55291.jpg,Fake,Fake,0.970703,QF60,60
F00454,fake_15738.jpg,Fake,Fake,1.0,QF60,60
F00487,fake_16185.jpg,Fake,Real,0.397949,QF60,60
F03727,fake_57261.jpg,Fake,Fake,1.0,QF60,60
F00673,fake_18671.jpg,Fake,Fake,0.968262,QF60,60
F04234,fake_63488.jpg,Fake,Fake,1.0,QF60,60
F01736,fake_31046.jpg,Fake,Fake,1.0,QF60,60
F03941,fake_59985.jpg,Fake,Fake,1.0,QF60,60
F00641,fake_18167.jpg,Fake,Fake,0.873535,QF60,60
F03572,fake_5530.jpg,Fake,Fake,0.999023,QF60,60
F00803,fake_2028.jpg,Fake,Fake,1.0,QF60,60
F01296,fake_25653.jpg,Fake,Fake,1.0,QF60,60
F00616,fake_17797.jpg,Fake,Fake,0.998535,QF60,60
F02929,fake_4693.jpg,Fake,Real,0.254883,QF60,60
F00078,fake_10950.jpg,Fake,Fake,1.0,QF60,60
F02105,fake_35575.jpg,Fake,Fake,0.996094,QF60,60
F04066,fake_61358.jpg,Fake,Fake,0.999512,QF60,60
F04867,fake_8294.jpg,Fake,Fake,0.96582,QF60,60
F03996,fake_60531.jpg,Fake,Fake,0.997559,QF60,60
F00389,fake_14927.jpg,Fake,Fake,1.0,QF60,60
F03299,fake_5182.jpg,Fake,Fake,0.607422,QF60,60
F00032,fake_10481.jpg,Fake,Fake,1.0,QF60,60
F02225,fake_37497.jpg,Fake,Fake,0.991699,QF60,60
F04786,fake_706.jpg,Fake,Fake,1.0,QF60,60
F00396,fake_15030.jpg,Fake,Fake,0.984375,QF60,60
F01137,fake_23959.jpg,Fake,Fake,0.996582,QF60,60
F02401,fake_40018.jpg,Fake,Fake,0.999512,QF60,60
F03827,fake_58712.jpg,Fake,Fake,1.0,QF60,60
F01171,fake_24340.jpg,Fake,Fake,0.999512,QF60,60
F03798,fake_58281.jpg,Fake,Fake,0.969238,QF60,60
F02531,fake_41972.jpg,Fake,Fake,1.0,QF60,60
F00937,fake_2180.jpg,Fake,Fake,0.999023,QF60,60
F03544,fake_55018.jpg,Fake,Fake,0.915039,QF60,60
F02450,fake_40748.jpg,Fake,Fake,0.790039,QF60,60
F04744,fake_69437.jpg,Fake,Fake,0.999512,QF60,60
F04349,fake_64830.jpg,Fake,Fake,1.0,QF60,60
F04174,fake_6264.jpg,Fake,Fake,1.0,QF60,60
F01116,fake_23780.jpg,Fake,Fake,1.0,QF60,60
F02431,fake_4055.jpg,Fake,Fake,0.999023,QF60,60
F04490,fake_66503.jpg,Fake,Fake,0.992676,QF60,60
F04757,fake_6956.jpg,Fake,Fake,0.998535,QF60,60
F00527,fake_16588.jpg,Fake,Fake,1.0,QF60,60
F03858,fake_59041.jpg,Fake,Fake,1.0,QF60,60
F04727,fake_69260.jpg,Fake,Real,0.021774,QF60,60
F03345,fake_52489.jpg,Fake,Fake,0.917969,QF60,60
F04974,fake_9717.jpg,Fake,Fake,0.999512,QF60,60
F03593,fake_55482.jpg,Fake,Fake,0.999023,QF60,60
F03537,fake_54960.jpg,Fake,Fake,1.0,QF60,60
F01715,fake_3078.jpg,Fake,Fake,0.898438,QF60,60
F04470,fake_66210.jpg,Fake,Fake,0.71875,QF60,60
F01063,fake_23121.jpg,Fake,Fake,0.999512,QF60,60
F04013,fake_60735.jpg,Fake,Fake,1.0,QF60,60
F02378,fake_39658.jpg,Fake,Fake,1.0,QF60,60
F04416,fake_65740.jpg,Fake,Fake,1.0,QF60,60
F00432,fake_15395.jpg,Fake,Fake,0.999023,QF60,60
F04038,fake_61021.jpg,Fake,Fake,0.999512,QF60,60
F04918,fake_8960.jpg,Fake,Fake,1.0,QF60,60
F04261,fake_63727.jpg,Fake,Fake,1.0,QF60,60
F00425,fake_15358.jpg,Fake,Fake,0.92334,QF60,60
F03140,fake_4963.jpg,Fake,Fake,0.999512,QF60,60
F01044,fake_2299.jpg,Fake,Fake,1.0,QF60,60
F03752,fake_57551.jpg,Fake,Fake,1.0,QF60,60
F02330,fake_38937.jpg,Fake,Fake,1.0,QF60,60
F00518,fake_16460.jpg,Fake,Fake,1.0,QF60,60
F03874,fake_59223.jpg,Fake,Fake,0.503906,QF60,60
F03015,fake_48053.jpg,Fake,Fake,1.0,QF60,60
F00710,fake_19186.jpg,Fake,Fake,0.949707,QF60,60
F02663,fake_43620.jpg,Fake,Fake,0.992188,QF60,60
F03474,fake_54146.jpg,Fake,Fake,0.973145,QF60,60
F04909,fake_8858.jpg,Fake,Fake,1.0,QF60,60
F02729,fake_4443.jpg,Fake,Fake,0.623047,QF60,60
F00659,fake_1840.jpg,Fake,Fake,0.998047,QF60,60
F02408,fake_40140.jpg,Fake,Fake,0.993652,QF60,60
F04411,fake_65617.jpg,Fake,Fake,1.0,QF60,60
F02136,fake_35961.jpg,Fake,Fake,1.0,QF60,60
F03138,fake_4962.jpg,Fake,Real,0.496582,QF60,60
F01251,fake_25081.jpg,Fake,Fake,1.0,QF60,60
F03743,fake_57427.jpg,Fake,Fake,0.901855,QF60,60
F02012,fake_34324.jpg,Fake,Fake,1.0,QF60,60
F04996,fake_9939.jpg,Fake,Fake,0.995117,QF60,60
F04421,fake_65826.jpg,Fake,Fake,0.995605,QF60,60
F01773,fake_31370.jpg,Fake,Fake,0.95752,QF60,60
F02779,fake_45202.jpg,Fake,Fake,1.0,QF60,60
F02678,fake_43859.jpg,Fake,Fake,1.0,QF60,60
F03219,fake_50686.jpg,Fake,Fake,1.0,QF60,60
F01605,fake_2946.jpg,Fake,Fake,0.990234,QF60,60
F04487,fake_66461.jpg,Fake,Fake,0.9375,QF60,60
F03390,fake_52912.jpg,Fake,Fake,0.996094,QF60,60
F02595,fake_42806.jpg,Fake,Fake,1.0,QF60,60
F03288,fake_51676.jpg,Fake,Fake,0.737305,QF60,60
F04990,fake_9866.jpg,Fake,Fake,1.0,QF60,60
F02771,fake_45086.jpg,Fake,Fake,1.0,QF60,60
F02349,fake_39207.jpg,Fake,Fake,1.0,QF60,60
F00938,fake_21814.jpg,Fake,Fake,0.99707,QF60,60
F02269,fake_38102.jpg,Fake,Fake,0.9375,QF60,60
F02057,fake_34897.jpg,Fake,Fake,1.0,QF60,60
F04009,fake_60668.jpg,Fake,Fake,1.0,QF60,60
F00528,fake_16589.jpg,Fake,Real,0.079651,QF60,60
F03402,fake_53173.jpg,Fake,Fake,0.969238,QF60,60
F04968,fake_9627.jpg,Fake,Fake,1.0,QF60,60
F02892,fake_4641.jpg,Fake,Fake,1.0,QF60,60
F02894,fake_46436.jpg,Fake,Fake,0.999023,QF60,60
F01933,fake_3342.jpg,Fake,Fake,0.999023,QF60,60
F04972,fake_9671.jpg,Fake,Fake,1.0,QF60,60
F04948,fake_9319.jpg,Fake,Fake,0.994629,QF60,60
F03358,fake_52607.jpg,Fake,Fake,0.999512,QF60,60
F02445,fake_40701.jpg,Fake,Fake,1.0,QF60,60
F04575,fake_67607.jpg,Fake,Fake,0.999512,QF60,60
F01506,fake_2813.jpg,Fake,Fake,0.97998,QF60,60
F04342,fake_64758.jpg,Fake,Fake,0.857422,QF60,60
F01087,fake_23440.jpg,Fake,Fake,1.0,QF60,60
F03577,fake_55346.jpg,Fake,Fake,1.0,QF60,60
F00033,fake_10483.jpg,Fake,Fake,0.880859,QF60,60
F04922,fake_8986.jpg,Fake,Fake,1.0,QF60,60
F02860,fake_46.jpg,Fake,Fake,1.0,QF60,60
F03492,fake_54325.jpg,Fake,Fake,0.952148,QF60,60
F04344,fake_64762.jpg,Fake,Fake,0.96582,QF60,60
F02838,fake_45771.jpg,Fake,Fake,1.0,QF60,60
F01505,fake_28127.jpg,Fake,Real,0.000328,QF60,60
F03089,fake_49060.jpg,Fake,Fake,0.997559,QF60,60
F00990,fake_2241.jpg,Fake,Fake,1.0,QF60,60
F01956,fake_33656.jpg,Fake,Fake,1.0,QF60,60
F03002,fake_47798.jpg,Fake,Fake,1.0,QF60,60
F01078,fake_23313.jpg,Fake,Fake,0.987305,QF60,60
F01258,fake_252.jpg,Fake,Fake,0.993164,QF60,60
F00506,fake_16370.jpg,Fake,Fake,0.999512,QF60,60
F04147,fake_62400.jpg,Fake,Fake,1.0,QF60,60
F02793,fake_45343.jpg,Fake,Fake,1.0,QF60,60
F02669,fake_43718.jpg,Fake,Fake,1.0,QF60,60
F03334,fake_52337.jpg,Fake,Fake,0.94873,QF60,60
F00816,fake_20380.jpg,Fake,Fake,0.999023,QF60,60
F03354,fake_52550.jpg,Fake,Fake,1.0,QF60,60
F03211,fake_50531.jpg,Fake,Fake,1.0,QF60,60
F02327,fake_38926.jpg,Fake,Fake,1.0,QF60,60
F03071,fake_48772.jpg,Fake,Fake,1.0,QF60,60
F02260,fake_3797.jpg,Fake,Fake,0.729492,QF60,60
F00213,fake_12570.jpg,Fake,Fake,1.0,QF60,60
F02002,fake_34227.jpg,Fake,Fake,0.990234,QF60,60
F03754,fake_57633.jpg,Fake,Fake,0.950684,QF60,60
F03660,fake_56352.jpg,Fake,Real,0.000475,QF60,60
F02518,fake_41777.jpg,Fake,Fake,1.0,QF60,60
F01935,fake_33432.jpg,Fake,Fake,0.998535,QF60,60
F04704,fake_68961.jpg,Fake,Fake,0.996582,QF60,60
F04493,fake_66534.jpg,Fake,Fake,0.94873,QF60,60
F01443,fake_27389.jpg,Fake,Fake,1.0,QF60,60
F01675,fake_30310.jpg,Fake,Fake,1.0,QF60,60
F04539,fake_67156.jpg,Fake,Fake,1.0,QF60,60
F01418,fake_2711.jpg,Fake,Real,0.038025,QF60,60
F02444,fake_40695.jpg,Fake,Fake,1.0,QF60,60
F04504,fake_66709.jpg,Fake,Fake,0.994141,QF60,60
F00449,fake_1564.jpg,Fake,Fake,0.999512,QF60,60
F01785,fake_31545.jpg,Fake,Fake,1.0,QF60,60
F04722,fake_69226.jpg,Fake,Fake,1.0,QF60,60
F04871,fake_8306.jpg,Fake,Fake,0.981445,QF60,60
F04399,fake_65505.jpg,Fake,Fake,0.975098,QF60,60
F00166,fake_11933.jpg,Fake,Fake,1.0,QF60,60
F00842,fake_20677.jpg,Fake,Fake,1.0,QF60,60
F00916,fake_21565.jpg,Fake,Fake,1.0,QF60,60
F04614,fake_68003.jpg,Fake,Fake,0.977539,QF60,60
F02745,fake_44717.jpg,Fake,Fake,1.0,QF60,60
F01771,fake_31330.jpg,Fake,Fake,0.947266,QF60,60
F02613,fake_43091.jpg,Fake,Fake,1.0,QF60,60
F04219,fake_63361.jpg,Fake,Fake,1.0,QF60,60
F03784,fake_58018.jpg,Fake,Fake,1.0,QF60,60
F04289,fake_64116.jpg,Fake,Fake,1.0,QF60,60
F04159,fake_62522.jpg,Fake,Fake,0.998535,QF60,60
F02117,fake_3576.jpg,Fake,Fake,0.998535,QF60,60
F03518,fake_5464.jpg,Fake,Fake,0.999023,QF60,60
F01557,fake_2890.jpg,Fake,Fake,0.948242,QF60,60
F04604,fake_67923.jpg,Fake,Fake,0.662598,QF60,60
F00020,fake_10285.jpg,Fake,Fake,1.0,QF60,60
F04978,fake_9770.jpg,Fake,Fake,0.996582,QF60,60
F02914,fake_46752.jpg,Fake,Fake,1.0,QF60,60
F00238,fake_12912.jpg,Fake,Fake,0.992676,QF60,60
F03045,fake_48450.jpg,Fake,Fake,1.0,QF60,60
F04833,fake_7739.jpg,Fake,Fake,0.998047,QF60,60
F01974,fake_33851.jpg,Fake,Fake,0.999512,QF60,60
F04353,fake_64881.jpg,Fake,Fake,0.994629,QF60,60
F00498,fake_16264.jpg,Fake,Fake,1.0,QF60,60
F04241,fake_63558.jpg,Fake,Real,0.243408,QF60,60
F03127,fake_49511.jpg,Fake,Fake,1.0,QF60,60
F00038,fake_10507.jpg,Fake,Fake,1.0,QF60,60
F04260,fake_63723.jpg,Fake,Fake,1.0,QF60,60
F03296,fake_51793.jpg,Fake,Fake,0.919434,QF60,60
F01222,fake_24807.jpg,Fake,Fake,0.99707,QF60,60
F01877,fake_32670.jpg,Fake,Real,0.458496,QF60,60
F02229,fake_37569.jpg,Fake,Fake,1.0,QF60,60
F03145,fake_49756.jpg,Fake,Fake,1.0,QF60,60
F00827,fake_2053.jpg,Fake,Fake,1.0,QF60,60
F01343,fake_26301.jpg,Fake,Fake,1.0,QF60,60
F00106,fake_11248.jpg,Fake,Fake,0.985352,QF60,60
F01590,fake_29262.jpg,Fake,Fake,0.996582,QF60,60
F01332,fake_26193.jpg,Fake,Fake,0.896973,QF60,60
F00053,fake_10682.jpg,Fake,Fake,1.0,QF60,60
F02168,fake_36486.jpg,Fake,Fake,0.999512,QF60,60
F00584,fake_17455.jpg,Fake,Fake,1.0,QF60,60
F01484,fake_27822.jpg,Fake,Fake,1.0,QF60,60
F04326,fake_64555.jpg,Fake,Fake,1.0,QF60,60
F02028,fake_34547.jpg,Fake,Fake,0.92334,QF60,60
F00749,fake_19730.jpg,Fake,Fake,1.0,QF60,60
F02680,fake_43896.jpg,Fake,Fake,0.994141,QF60,60
F03501,fake_54471.jpg,Fake,Fake,0.997559,QF60,60
F02413,fake_40229.jpg,Fake,Fake,1.0,QF60,60
F03771,fake_57855.jpg,Fake,Fake,0.999512,QF60,60
F01671,fake_3024.jpg,Fake,Fake,1.0,QF60,60
F02871,fake_4616.jpg,Fake,Fake,1.0,QF60,60
F00171,fake_12046.jpg,Fake,Fake,1.0,QF60,60
F01613,fake_29592.jpg,Fake,Fake,0.955078,QF60,60
F00023,fake_10360.jpg,Fake,Fake,1.0,QF60,60
F04090,fake_61606.jpg,Fake,Fake,1.0,QF60,60
F00486,fake_16180.jpg,Fake,Real,0.048401,QF60,60
F03753,fake_57581.jpg,Fake,Fake,1.0,QF60,60
F02271,fake_3813.jpg,Fake,Fake,1.0,QF60,60
F01945,fake_33531.jpg,Fake,Fake,1.0,QF60,60
F01635,fake_29850.jpg,Fake,Real,0.276611,QF60,60
F04218,fake_63327.jpg,Fake,Fake,0.997559,QF60,60
F03128,fake_49526.jpg,Fake,Fake,0.993652,QF60,60
F01202,fake_24620.jpg,Fake,Fake,0.583496,QF60,60
F01702,fake_3068.jpg,Fake,Fake,1.0,QF60,60
F03462,fake_54014.jpg,Fake,Fake,0.999512,QF60,60
F00666,fake_18497.jpg,Fake,Fake,0.999023,QF60,60
F00149,fake_11692.jpg,Fake,Fake,0.999512,QF60,60
F03317,fake_52060.jpg,Fake,Fake,0.997559,QF60,60
F03429,fake_53552.jpg,Fake,Fake,0.999512,QF60,60
F03867,fake_59170.jpg,Fake,Fake,1.0,QF60,60
F00028,fake_10420.jpg,Fake,Fake,0.999512,QF60,60
F00193,fake_1233.jpg,Fake,Fake,1.0,QF60,60
F00746,fake_19699.jpg,Fake,Fake,1.0,QF60,60
F03657,fake_56332.jpg,Fake,Fake,0.82959,QF60,60
F04211,fake_63249.jpg,Fake,Fake,1.0,QF60,60
F03206,fake_50468.jpg,Fake,Fake,0.999512,QF60,60
F04824,fake_7594.jpg,Fake,Fake,1.0,QF60,60
F04176,fake_62663.jpg,Fake,Fake,1.0,QF60,60
F00090,fake_11116.jpg,Fake,Fake,1.0,QF60,60
F04475,fake_66281.jpg,Fake,Fake,0.994629,QF60,60
F04336,fake_64692.jpg,Fake,Fake,0.974121,QF60,60
F04811,fake_7472.jpg,Fake,Fake,0.984863,QF60,60
F01920,fake_33203.jpg,Fake,Fake,1.0,QF60,60
F00989,fake_22409.jpg,Fake,Fake,0.944336,QF60,60
F01665,fake_30192.jpg,Fake,Fake,1.0,QF60,60
F02677,fake_43854.jpg,Fake,Fake,1.0,QF60,60
F04324,fake_64547.jpg,Fake,Fake,0.765137,QF60,60
F03102,fake_49247.jpg,Fake,Fake,0.999023,QF60,60
F04403,fake_65525.jpg,Fake,Fake,0.996582,QF60,60
F02298,fake_38493.jpg,Fake,Fake,1.0,QF60,60
F03847,fake_5891.jpg,Fake,Fake,0.990723,QF60,60
F03850,fake_58946.jpg,Fake,Fake,1.0,QF60,60
F03694,fake_56789.jpg,Fake,Fake,0.998047,QF60,60
F00872,fake_21035.jpg,Fake,Fake,1.0,QF60,60
F04553,fake_67355.jpg,Fake,Fake,1.0,QF60,60
F01855,fake_32394.jpg,Fake,Fake,1.0,QF60,60
F02318,fake_38846.jpg,Fake,Fake,1.0,QF60,60
F04284,fake_64069.jpg,Fake,Fake,1.0,QF60,60
F01303,fake_25747.jpg,Fake,Fake,1.0,QF60,60
F03870,fake_59184.jpg,Fake,Fake,0.999512,QF60,60
F00548,fake_1690.jpg,Fake,Fake,1.0,QF60,60
F04542,fake_67199.jpg,Fake,Fake,1.0,QF60,60
F03730,fake_57294.jpg,Fake,Fake,0.994629,QF60,60
F01756,fake_31220.jpg,Fake,Fake,1.0,QF60,60
F03797,fake_58249.jpg,Fake,Real,0.00149,QF60,60
F01299,fake_25683.jpg,Fake,Fake,0.990723,QF60,60
F00081,fake_10992.jpg,Fake,Fake,0.999023,QF60,60
F03001,fake_47777.jpg,Fake,Fake,0.99707,QF60,60
F03471,fake_54110.jpg,Fake,Fake,0.998047,QF60,60
F00192,fake_12326.jpg,Fake,Fake,0.999023,QF60,60
F03040,fake_48370.jpg,Fake,Fake,1.0,QF60,60
F03729,fake_57284.jpg,Fake,Fake,0.993652,QF60,60
F01544,fake_28660.jpg,Fake,Fake,1.0,QF60,60
F03910,fake_5969.jpg,Fake,Fake,1.0,QF60,60
F01909,fake_33010.jpg,Fake,Fake,1.0,QF60,60
F02114,fake_357.jpg,Fake,Fake,1.0,QF60,60
F04892,fake_8570.jpg,Fake,Fake,1.0,QF60,60
F02874,fake_4623.jpg,Fake,Fake,1.0,QF60,60
F00305,fake_1378.jpg,Fake,Fake,0.997559,QF60,60
F04541,fake_67183.jpg,Fake,Fake,0.991699,QF60,60
F04060,fake_61280.jpg,Fake,Fake,1.0,QF60,60
F03441,fake_53694.jpg,Fake,Fake,1.0,QF60,60
F00763,fake_1986.jpg,Fake,Fake,0.99707,QF60,60
F02406,fake_40108.jpg,Fake,Fake,1.0,QF60,60
F03044,fake_48439.jpg,Fake,Fake,1.0,QF60,60
F01015,fake_22685.jpg,Fake,Fake,1.0,QF60,60
F00474,fake_16081.jpg,Fake,Fake,0.966797,QF60,60
F00678,fake_1877.jpg,Fake,Fake,0.999512,QF60,60
F00117,fake_11365.jpg,Fake,Fake,1.0,QF60,60
F02831,fake_45711.jpg,Fake,Fake,1.0,QF60,60
F01551,fake_28777.jpg,Fake,Fake,1.0,QF60,60
F02222,fake_37468.jpg,Fake,Fake,0.998535,QF60,60
F04754,fake_69542.jpg,Fake,Fake,1.0,QF60,60
F00261,fake_13265.jpg,Fake,Fake,1.0,QF60,60
F00364,fake_14607.jpg,Fake,Fake,1.0,QF60,60
F03362,fake_5263.jpg,Fake,Fake,0.954102,QF60,60
F00767,fake_19903.jpg,Fake,Fake,0.953125,QF60,60
F04792,fake_7198.jpg,Fake,Fake,1.0,QF60,60
F00677,fake_18726.jpg,Fake,Fake,0.874512,QF60,60
F03646,fake_56167.jpg,Fake,Fake,0.711426,QF60,60
F03082,fake_48859.jpg,Fake,Fake,1.0,QF60,60
F02938,fake_46990.jpg,Fake,Fake,0.993652,QF60,60
F02346,fake_39184.jpg,Fake,Fake,1.0,QF60,60
F03542,fake_550.jpg,Fake,Fake,0.961914,QF60,60
F00111,fake_11282.jpg,Fake,Fake,0.999023,QF60,60
F03490,fake_54312.jpg,Fake,Fake,0.916016,QF60,60
F04806,fake_7426.jpg,Fake,Fake,0.981934,QF60,60
F01681,fake_30440.jpg,Fake,Fake,1.0,QF60,60
F00565,fake_17156.jpg,Fake,Fake,1.0,QF60,60
F02636,fake_43317.jpg,Fake,Fake,0.969727,QF60,60
F04506,fake_66752.jpg,Fake,Fake,1.0,QF60,60
F02035,fake_34662.jpg,Fake,Fake,0.995117,QF60,60
F02396,fake_39920.jpg,Fake,Fake,1.0,QF60,60
F03062,fake_48640.jpg,Fake,Fake,0.992188,QF60,60
F01814,fake_3194.jpg,Fake,Fake,0.98291,QF60,60
F00776,fake_19995.jpg,Fake,Fake,1.0,QF60,60
F01691,fake_30556.jpg,Fake,Fake,0.998535,QF60,60
F01242,fake_25029.jpg,Fake,Fake,0.999023,QF60,60
F04802,fake_7342.jpg,Fake,Fake,0.999023,QF60,60
F02747,fake_44746.jpg,Fake,Fake,1.0,QF60,60
F00490,fake_16193.jpg,Fake,Fake,1.0,QF60,60
F00082,fake_10997.jpg,Fake,Fake,1.0,QF60,60
F03507,fake_54524.jpg,Fake,Fake,0.993164,QF60,60
F03205,fake_50447.jpg,Fake,Fake,1.0,QF60,60
F03549,fake_55069.jpg,Fake,Fake,0.999512,QF60,60
F00086,fake_11074.jpg,Fake,Fake,1.0,QF60,60
F04561,fake_67410.jpg,Fake,Fake,1.0,QF60,60
F04143,fake_62370.jpg,Fake,Fake,0.943359,QF60,60
F03763,fake_57721.jpg,Fake,Fake,0.993164,QF60,60
F02798,fake_45406.jpg,Fake,Fake,1.0,QF60,60
F04966,fake_9593.jpg,Fake,Fake,0.979492,QF60,60
F04904,fake_8727.jpg,Fake,Fake,1.0,QF60,60
F03184,fake_5019.jpg,Fake,Fake,1.0,QF60,60
F04592,fake_67812.jpg,Fake,Fake,0.999512,QF60,60
F02475,fake_41144.jpg,Fake,Fake,0.990234,QF60,60
F04096,fake_6168.jpg,Fake,Fake,0.999512,QF60,60
F02611,fake_4307.jpg,Fake,Fake,1.0,QF60,60
F02948,fake_47094.jpg,Fake,Fake,1.0,QF60,60
F04014,fake_60760.jpg,Fake,Fake,1.0,QF60,60
F01254,fake_25137.jpg,Fake,Fake,0.990234,QF60,60
F04876,fake_8345.jpg,Fake,Fake,0.992188,QF60,60
F04271,fake_63899.jpg,Fake,Fake,0.979004,QF60,60
F02932,fake_46952.jpg,Fake,Fake,1.0,QF60,60
F03220,fake_50701.jpg,Fake,Fake,1.0,QF60,60
F01597,fake_29362.jpg,Fake,Fake,0.996094,QF60,60
F00191,fake_12321.jpg,Fake,Fake,1.0,QF60,60
F00629,fake_17968.jpg,Fake,Fake,1.0,QF60,60
F02009,fake_34285.jpg,Fake,Fake,1.0,QF60,60
F03829,fake_58732.jpg,Fake,Real,9.3e-05,QF60,60
F02065,fake_34996.jpg,Fake,Fake,0.992676,QF60,60
F02638,fake_43376.jpg,Fake,Fake,1.0,QF60,60
F03318,fake_52069.jpg,Fake,Fake,0.994141,QF60,60
F04209,fake_63197.jpg,Fake,Fake,0.921875,QF60,60
F00918,fake_21588.jpg,Fake,Fake,0.961426,QF60,60
F04831,fake_7720.jpg,Fake,Fake,0.983887,QF60,60
F01624,fake_29743.jpg,Fake,Fake,1.0,QF60,60
F04204,fake_63130.jpg,Fake,Fake,0.991211,QF60,60
F02591,fake_42783.jpg,Fake,Fake,1.0,QF60,60
F02464,fake_40984.jpg,Fake,Fake,1.0,QF60,60
F04163,fake_62578.jpg,Fake,Fake,1.0,QF60,60
F01788,fake_31597.jpg,Fake,Fake,0.763184,QF60,60
F04807,fake_7451.jpg,Fake,Fake,1.0,QF60,60
F03078,fake_48837.jpg,Fake,Real,0.290283,QF60,60
F03469,fake_54101.jpg,Fake,Fake,0.978516,QF60,60
F01531,fake_28436.jpg,Fake,Fake,0.727539,QF60,60
F04583,fake_67680.jpg,Fake,Fake,0.896973,QF60,60
F03642,fake_56133.jpg,Fake,Fake,0.949219,QF60,60
F02201,fake_37094.jpg,Fake,Fake,0.985352,QF60,60
F00318,fake_13900.jpg,Fake,Fake,1.0,QF60,60
F01080,fake_23346.jpg,Fake,Fake,1.0,QF60,60
F00443,fake_1558.jpg,Fake,Fake,1.0,QF60,60
F00861,fake_20941.jpg,Fake,Fake,1.0,QF60,60
F04108,fake_61911.jpg,Fake,Fake,0.992676,QF60,60
F01082,fake_23371.jpg,Fake,Fake,1.0,QF60,60
F02839,fake_4579.jpg,Fake,Fake,0.996094,QF60,60
F03788,fake_58068.jpg,Fake,Fake,1.0,QF60,60
F01700,fake_30659.jpg,Fake,Fake,0.881836,QF60,60
F04430,fake_65893.jpg,Fake,Real,0.126343,QF60,60
F03058,fake_48607.jpg,Fake,Fake,1.0,QF60,60
F00984,fake_22328.jpg,Fake,Fake,0.999512,QF60,60
F00413,fake_15206.jpg,Fake,Fake,1.0,QF60,60
F01831,fake_32169.jpg,Fake,Fake,1.0,QF60,60
F04659,fake_68487.jpg,Fake,Fake,1.0,QF60,60
F03227,fake_50888.jpg,Fake,Fake,1.0,QF60,60
F04064,fake_61336.jpg,Fake,Fake,1.0,QF60,60
F02849,fake_45923.jpg,Fake,Fake,1.0,QF60,60
F01186,fake_24501.jpg,Fake,Fake,0.998047,QF60,60
F01100,fake_23585.jpg,Fake,Fake,1.0,QF60,60
F00790,fake_2012.jpg,Fake,Fake,0.966309,QF60,60
F04359,fake_64955.jpg,Fake,Fake,1.0,QF60,60
F01081,fake_23354.jpg,Fake,Fake,1.0,QF60,60
F02610,fake_43046.jpg,Fake,Fake,0.652344,QF60,60
F01843,fake_32283.jpg,Fake,Fake,1.0,QF60,60
F00095,fake_11144.jpg,Fake,Fake,1.0,QF60,60
F01271,fake_25343.jpg,Fake,Fake,1.0,QF60,60
F03059,fake_48611.jpg,Fake,Real,0.013222,QF60,60
F04150,fake_62433.jpg,Fake,Fake,1.0,QF60,60
F04886,fake_8512.jpg,Fake,Fake,0.975586,QF60,60
F03435,fake_53605.jpg,Fake,Fake,0.995117,QF60,60
F01127,fake_23859.jpg,Fake,Fake,0.99707,QF60,60
F04035,fake_60982.jpg,Fake,Fake,1.0,QF60,60
F02019,fake_34433.jpg,Fake,Fake,1.0,QF60,60
F04930,fake_9102.jpg,Fake,Fake,1.0,QF60,60
F00660,fake_18400.jpg,Fake,Fake,0.999512,QF60,60
F02916,fake_46763.jpg,Fake,Fake,1.0,QF60,60
F00050,fake_10629.jpg,Fake,Fake,1.0,QF60,60
F02635,fake_43310.jpg,Fake,Fake,1.0,QF60,60
F01511,fake_2818.jpg,Fake,Fake,0.996094,QF60,60
F01395,fake_26886.jpg,Fake,Fake,1.0,QF60,60
F00817,fake_2043.jpg,Fake,Fake,1.0,QF60,60
F04195,fake_63001.jpg,Fake,Fake,1.0,QF60,60
F00750,fake_19735.jpg,Fake,Fake,0.999512,QF60,60
F02840,fake_45817.jpg,Fake,Fake,1.0,QF60,60
F03863,fake_5910.jpg,Fake,Fake,1.0,QF60,60
F04645,fake_68343.jpg,Fake,Fake,0.994629,QF60,60
F01649,fake_30073.jpg,Fake,Fake,0.999512,QF60,60
F02632,fake_4329.jpg,Fake,Fake,1.0,QF60,60
F02603,fake_4296.jpg,Fake,Fake,0.998047,QF60,60
F02243,fake_37777.jpg,Fake,Fake,0.984863,QF60,60
F02516,fake_41764.jpg,Fake,Fake,1.0,QF60,60
F04154,fake_62482.jpg,Fake,Fake,0.998047,QF60,60
F01667,fake_30200.jpg,Fake,Fake,0.976562,QF60,60
F04256,fake_63675.jpg,Fake,Fake,1.0,QF60,60
F04894,fake_8614.jpg,Fake,Fake,1.0,QF60,60
F03791,fake_58171.jpg,Fake,Fake,1.0,QF60,60
F02320,fake_3887.jpg,Fake,Fake,0.994629,QF60,60
F00725,fake_19364.jpg,Fake,Fake,0.999512,QF60,60
F03176,fake_50111.jpg,Fake,Fake,1.0,QF60,60
F00472,fake_16074.jpg,Fake,Fake,0.992676,QF60,60
F01554,fake_28872.jpg,Fake,Fake,0.991699,QF60,60
F02308,fake_38619.jpg,Fake,Fake,1.0,QF60,60
F01300,fake_25710.jpg,Fake,Fake,0.999023,QF60,60
F02937,fake_4697.jpg,Fake,Fake,1.0,QF60,60
F00858,fake_20906.jpg,Fake,Fake,1.0,QF60,60
F04468,fake_66184.jpg,Fake,Fake,0.820801,QF60,60
F04731,fake_69306.jpg,Fake,Fake,0.936523,QF60,60
F03327,fake_52214.jpg,Fake,Fake,0.999512,QF60,60
F00404,fake_15148.jpg,Fake,Fake,0.996094,QF60,60
F00125,fake_11446.jpg,Fake,Fake,1.0,QF60,60
F04652,fake_68410.jpg,Fake,Fake,0.700684,QF60,60
F03534,fake_54892.jpg,Fake,Fake,0.697266,QF60,60
F02162,fake_36423.jpg,Fake,Fake,0.996094,QF60,60
F04319,fake_64470.jpg,Fake,Fake,0.979004,QF60,60
F03834,fake_5877.jpg,Fake,Fake,1.0,QF60,60
F02042,fake_34739.jpg,Fake,Fake,1.0,QF60,60
F02470,fake_41102.jpg,Fake,Fake,1.0,QF60,60
F00511,fake_16407.jpg,Fake,Real,0.394287,QF60,60
F03416,fake_53425.jpg,Fake,Fake,1.0,QF60,60
F04805,fake_7370.jpg,Fake,Fake,0.933594,QF60,60
F02359,fake_39367.jpg,Fake,Fake,0.996582,QF60,60
F03818,fake_58591.jpg,Fake,Fake,0.984375,QF60,60
F02392,fake_39856.jpg,Fake,Fake,1.0,QF60,60
F02030,fake_34562.jpg,Fake,Fake,0.990723,QF60,60
F01978,fake_33927.jpg,Fake,Fake,0.998535,QF60,60
F03208,fake_50491.jpg,Fake,Fake,0.996094,QF60,60
F00005,fake_10072.jpg,Fake,Fake,1.0,QF60,60
F01758,fake_31230.jpg,Fake,Fake,1.0,QF60,60
F02402,fake_40021.jpg,Fake,Fake,0.984375,QF60,60
F04762,fake_69663.jpg,Fake,Fake,1.0,QF60,60
F03975,fake_60352.jpg,Fake,Fake,1.0,QF60,60
F03092,fake_49076.jpg,Fake,Fake,0.98877,QF60,60
F01722,fake_30861.jpg,Fake,Fake,1.0,QF60,60
F02289,fake_38326.jpg,Fake,Fake,1.0,QF60,60
F02751,fake_44778.jpg,Fake,Fake,1.0,QF60,60
F01614,fake_29595.jpg,Fake,Fake,1.0,QF60,60
F01184,fake_24479.jpg,Fake,Fake,0.999512,QF60,60
F01591,fake_29263.jpg,Fake,Fake,1.0,QF60,60
F02006,fake_34275.jpg,Fake,Real,0.419922,QF60,60
F01153,fake_24140.jpg,Fake,Fake,1.0,QF60,60
F02809,fake_45513.jpg,Fake,Fake,1.0,QF60,60
F04835,fake_7793.jpg,Fake,Fake,0.54834,QF60,60
F02659,fake_43562.jpg,Fake,Fake,1.0,QF60,60
F00096,fake_1116.jpg,Fake,Fake,1.0,QF60,60
F02089,fake_35254.jpg,Fake,Fake,0.976562,QF60,60
F00127,fake_11462.jpg,Fake,Fake,1.0,QF60,60
F03826,fake_58710.jpg,Fake,Fake,0.985352,QF60,60
F00888,fake_21282.jpg,Fake,Fake,1.0,QF60,60
F02292,fake_3837.jpg,Fake,Fake,1.0,QF60,60
F01039,fake_22938.jpg,Fake,Fake,1.0,QF60,60
F02329,fake_38933.jpg,Fake,Fake,0.999023,QF60,60
F03415,fake_534.jpg,Fake,Fake,0.98584,QF60,60
F03105,fake_49269.jpg,Fake,Fake,0.978027,QF60,60
F02814,fake_45560.jpg,Fake,Fake,1.0,QF60,60
F00575,fake_17333.jpg,Fake,Fake,0.98291,QF60,60
F03433,fake_53600.jpg,Fake,Fake,1.0,QF60,60
F02306,fake_3859.jpg,Fake,Real,0.029922,QF60,60
F01711,fake_30757.jpg,Fake,Fake,1.0,QF60,60
F01350,fake_26385.jpg,Fake,Fake,1.0,QF60,60
F03249,fake_51155.jpg,Fake,Fake,0.99707,QF60,60
F03119,fake_49431.jpg,Fake,Fake,0.932129,QF60,60
F02992,fake_47676.jpg,Fake,Fake,1.0,QF60,60
F03540,fake_54992.jpg,Fake,Fake,1.0,QF60,60
F04144,fake_62372.jpg,Fake,Fake,1.0,QF60,60
F03983,fake_60414.jpg,Fake,Fake,0.999023,QF60,60
F02123,fake_35820.jpg,Fake,Real,0.130981,QF60,60
F02024,fake_34470.jpg,Fake,Fake,0.97998,QF60,60
F02282,fake_38261.jpg,Fake,Fake,1.0,QF60,60
F01441,fake_27382.jpg,Fake,Fake,1.0,QF60,60
F04264,fake_63781.jpg,Fake,Fake,0.987793,QF60,60
F00236,fake_12835.jpg,Fake,Fake,1.0,QF60,60
F04477,fake_66339.jpg,Fake,Fake,0.996582,QF60,60
F04594,fake_67843.jpg,Fake,Fake,1.0,QF60,60
F04895,fake_8615.jpg,Fake,Fake,1.0,QF60,60
F04670,fake_68639.jpg,Fake,Fake,0.996582,QF60,60
F00451,fake_1566.jpg,Fake,Fake,0.899414,QF60,60
F04808,fake_7454.jpg,Fake,Fake,1.0,QF60,60
F03011,fake_48003.jpg,Fake,Fake,0.996094,QF60,60
F00674,fake_18677.jpg,Fake,Fake,1.0,QF60,60
F04784,fake_701.jpg,Fake,Fake,0.997559,QF60,60
F04472,fake_66246.jpg,Fake,Fake,0.998535,QF60,60
F02174,fake_36613.jpg,Fake,Fake,0.979004,QF60,60
F04081,fake_61465.jpg,Fake,Fake,0.999512,QF60,60
F04929,fake_9098.jpg,Fake,Fake,1.0,QF60,60
F00504,fake_16337.jpg,Fake,Fake,0.876953,QF60,60
F02485,fake_41330.jpg,Fake,Fake,0.999512,QF60,60
F01115,fake_23768.jpg,Fake,Fake,1.0,QF60,60
F03528,fake_54842.jpg,Fake,Fake,1.0,QF60,60
F00915,fake_21557.jpg,Fake,Fake,0.986328,QF60,60
F01397,fake_26900.jpg,Fake,Fake,1.0,QF60,60
F00997,fake_22493.jpg,Fake,Fake,1.0,QF60,60
F01253,fake_25125.jpg,Fake,Fake,0.979004,QF60,60
F03615,fake_55896.jpg,Fake,Fake,0.994141,QF60,60
F00988,fake_22403.jpg,Fake,Fake,1.0,QF60,60
F02999,fake_47769.jpg,Fake,Fake,0.998535,QF60,60
F04956,fake_9473.jpg,Fake,Fake,0.999023,QF60,60
F03670,fake_56496.jpg,Fake,Fake,0.999512,QF60,60
F00270,fake_13352.jpg,Fake,Fake,0.950684,QF60,60
F04135,fake_62205.jpg,Fake,Fake,0.999023,QF60,60
F01109,fake_23694.jpg,Fake,Fake,0.997559,QF60,60
F04515,fake_66865.jpg,Fake,Fake,0.999023,QF60,60
F04225,fake_63401.jpg,Fake,Fake,0.987305,QF60,60
F00949,fake_21934.jpg,Fake,Fake,0.817383,QF60,60
F02988,fake_476.jpg,Fake,Fake,1.0,QF60,60
F00766,fake_19899.jpg,Fake,Fake,1.0,QF60,60
F01496,fake_28014.jpg,Fake,Fake,0.999512,QF60,60
F04065,fake_61353.jpg,Fake,Fake,0.994141,QF60,60
F02257,fake_37925.jpg,Fake,Fake,1.0,QF60,60
F02171,fake_36548.jpg,Fake,Fake,0.520996,QF60,60
F01221,fake_24784.jpg,Fake,Fake,1.0,QF60,60
F01347,fake_2635.jpg,Fake,Fake,1.0,QF60,60
F01406,fake_2700.jpg,Fake,Fake,1.0,QF60,60
F01774,fake_31391.jpg,Fake,Fake,0.999023,QF60,60
F01401,fake_26951.jpg,Fake,Fake,0.999512,QF60,60
F03034,fake_48293.jpg,Fake,Fake,1.0,QF60,60
R04351,real_64598.jpg,Real,Real,0.0979,QF50,50
R04113,real_61817.jpg,Real,Real,0.002512,QF50,50
R04884,real_8487.jpg,Real,Real,0.012009,QF50,50
R01665,real_31107.jpg,Real,Real,2.4e-05,QF50,50
R01757,real_32395.jpg,Real,Real,0.0,QF50,50
R03639,real_55818.jpg,Real,Real,0.001965,QF50,50
R04421,real_6560.jpg,Real,Real,0.0,QF50,50
R03637,real_55812.jpg,Real,Real,0.000222,QF50,50
R03035,real_48352.jpg,Real,Real,1.2e-05,QF50,50
R03516,real_54490.jpg,Real,Real,0.046478,QF50,50
R04758,real_69855.jpg,Real,Real,0.0,QF50,50
R01918,real_34729.jpg,Real,Real,0.168335,QF50,50
R00902,real_21779.jpg,Real,Real,0.031372,QF50,50
R01123,real_24384.jpg,Real,Real,0.0,QF50,50
R02689,real_44260.jpg,Real,Real,0.042023,QF50,50
R01961,real_35264.jpg,Real,Real,2.2e-05,QF50,50
R00835,real_20971.jpg,Real,Real,0.012573,QF50,50
R02395,real_40645.jpg,Real,Real,0.011032,QF50,50
R01304,real_26565.jpg,Real,Real,0.0,QF50,50
R00919,real_21928.jpg,Real,Real,3.8e-05,QF50,50
R00164,real_1230.jpg,Real,Real,3e-05,QF50,50
R04093,real_61605.jpg,Real,Real,0.0,QF50,50
R03317,real_52172.jpg,Real,Real,0.003429,QF50,50
R00931,real_22078.jpg,Real,Real,0.004848,QF50,50
R00840,real_20985.jpg,Real,Real,0.030853,QF50,50
R04919,real_8856.jpg,Real,Real,0.0,QF50,50
R00294,real_1436.jpg,Real,Real,0.0,QF50,50
R02424,real_41019.jpg,Real,Real,0.019424,QF50,50
R02575,real_4281.jpg,Real,Real,0.000358,QF50,50
R00800,real_20633.jpg,Real,Real,0.017578,QF50,50
R04751,real_69799.jpg,Real,Real,0.001399,QF50,50
R01175,real_25208.jpg,Real,Real,0.002226,QF50,50
R01451,real_28339.jpg,Real,Real,0.000208,QF50,50
R02067,real_36503.jpg,Real,Real,3.7e-05,QF50,50
R00717,real_19507.jpg,Real,Real,0.04361,QF50,50
R02851,real_46222.jpg,Real,Real,0.012428,QF50,50
R01423,real_28098.jpg,Real,Real,0.001325,QF50,50
R04965,real_9578.jpg,Real,Real,0.050232,QF50,50
R04963,real_9561.jpg,Real,Real,0.0,QF50,50
R02688,real_4425.jpg,Real,Real,0.013687,QF50,50
R00544,real_17460.jpg,Real,Fake,0.543457,QF50,50
R04902,real_8716.jpg,Real,Real,0.000337,QF50,50
R03812,real_58016.jpg,Real,Real,0.005199,QF50,50
R03686,real_56543.jpg,Real,Real,0.020798,QF50,50
R03910,real_59109.jpg,Real,Real,0.006668,QF50,50
R01878,real_34025.jpg,Real,Real,0.001818,QF50,50
R00731,real_19711.jpg,Real,Real,0.0,QF50,50
R04137,real_62142.jpg,Real,Real,0.012527,QF50,50
R01850,real_33672.jpg,Real,Real,0.000178,QF50,50
R01490,real_28800.jpg,Real,Real,2e-06,QF50,50
R04465,real_66131.jpg,Real,Real,2e-06,QF50,50
R03833,real_58270.jpg,Real,Real,8e-06,QF50,50
R01688,real_31397.jpg,Real,Real,0.0,QF50,50
R00226,real_13252.jpg,Real,Real,1e-06,QF50,50
R04781,real_7210.jpg,Real,Real,0.219849,QF50,50
R00377,real_15334.jpg,Real,Real,0.0,QF50,50
R01494,real_28839.jpg,Real,Real,0.000138,QF50,50
R04111,real_61792.jpg,Real,Real,0.022034,QF50,50
R03324,real_52254.jpg,Real,Real,4.4e-05,QF50,50
R02664,real_43899.jpg,Real,Real,0.0,QF50,50
R02342,real_39772.jpg,Real,Real,0.000391,QF50,50
R00970,real_22539.jpg,Real,Real,2e-06,QF50,50
R02253,real_38765.jpg,Real,Real,0.056458,QF50,50
R03227,real_50831.jpg,Real,Real,0.003551,QF50,50
R04662,real_68670.jpg,Real,Real,0.003551,QF50,50
R03066,real_48872.jpg,Real,Real,0.0,QF50,50
R04247,real_63388.jpg,Real,Real,0.002243,QF50,50
R00222,real_13178.jpg,Real,Real,6.3e-05,QF50,50
R03065,real_48842.jpg,Real,Real,0.435303,QF50,50
R01449,real_2833.jpg,Real,Real,0.096008,QF50,50
R03241,real_5104.jpg,Real,Real,1.6e-05,QF50,50
R03339,real_52376.jpg,Real,Real,0.000863,QF50,50
R03380,real_52781.jpg,Real,Real,5e-06,QF50,50
R00033,real_10545.jpg,Real,Real,1.3e-05,QF50,50
R01189,real_25417.jpg,Real,Real,0.05719,QF50,50
R01200,real_25541.jpg,Real,Real,0.3479,QF50,50
R01421,real_28068.jpg,Real,Real,7.7e-05,QF50,50
R02097,real_36889.jpg,Real,Real,0.0,QF50,50
R04892,real_8641.jpg,Real,Real,0.000131,QF50,50
R01240,real_25952.jpg,Real,Real,7e-06,QF50,50
R03488,real_54143.jpg,Real,Real,0.001037,QF50,50
R00048,real_10749.jpg,Real,Fake,0.681152,QF50,50
R01611,real_30492.jpg,Real,Real,0.0,QF50,50
R01527,real_29318.jpg,Real,Real,2e-06,QF50,50
R03773,real_5748.jpg,Real,Real,0.056458,QF50,50
R02822,real_4584.jpg,Real,Real,0.248047,QF50,50
R04732,real_69538.jpg,Real,Real,0.014008,QF50,50
R00203,real_12979.jpg,Real,Real,4e-06,QF50,50
R01435,real_28206.jpg,Real,Real,9.6e-05,QF50,50
R02473,real_41534.jpg,Real,Real,0.000629,QF50,50
R02906,real_46946.jpg,Real,Real,0.004627,QF50,50
R01383,real_27640.jpg,Real,Real,0.02037,QF50,50
R04763,real_69894.jpg,Real,Real,0.001681,QF50,50
R00895,real_21697.jpg,Real,Real,0.002901,QF50,50
R00701,real_1932.jpg,Real,Real,0.365479,QF50,50
R01031,real_23333.jpg,Real,Real,0.0,QF50,50
R00147,real_12030.jpg,Real,Real,0.00227,QF50,50
R02392,real_4060.jpg,Real,Real,0.000199,QF50,50
R02293,real_39275.jpg,Real,Real,0.0,QF50,50
R01337,real_27055.jpg,Real,Real,0.004608,QF50,50
R01455,real_28412.jpg,Real,Real,5e-06,QF50,50
R01141,real_24704.jpg,Real,Real,0.0,QF50,50
R02058,real_3642.jpg,Real,Real,0.034546,QF50,50
R01799,real_32944.jpg,Real,Real,0.002415,QF50,50
R01124,real_24405.jpg,Real,Real,0.013023,QF50,50
R04222,real_63140.jpg,Real,Real,0.033844,QF50,50
R01747,real_32230.jpg,Real,Real,0.000231,QF50,50
R04991,real_9928.jpg,Real,Real,0.085876,QF50,50
R03626,real_55698.jpg,Real,Real,0.012192,QF50,50
R00295,real_14364.jpg,Real,Real,0.0,QF50,50
R01107,real_24186.jpg,Real,Real,0.000126,QF50,50
R04895,real_8659.jpg,Real,Real,0.003235,QF50,50
R02994,real_4796.jpg,Real,Real,0.0,QF50,50
R03377,real_52732.jpg,Real,Real,2e-05,QF50,50
R01411,real_28002.jpg,Real,Real,2.6e-05,QF50,50
R04022,real_60638.jpg,Real,Real,0.000897,QF50,50
R04070,real_61273.jpg,Real,Real,0.0,QF50,50
R03850,real_58510.jpg,Real,Real,0.000129,QF50,50
R01759,real_3240.jpg,Real,Real,0.0495,QF50,50
R00419,real_15854.jpg,Real,Real,0.10321,QF50,50
R01409,real_27975.jpg,Real,Real,0.007122,QF50,50
R00185,real_12607.jpg,Real,Real,0.001554,QF50,50
R00964,real_22460.jpg,Real,Real,0.0,QF50,50
R04158,real_62362.jpg,Real,Real,0.231934,QF50,50
R01756,real_32393.jpg,Real,Fake,0.55127,QF50,50
R03421,real_53354.jpg,Real,Real,0.008217,QF50,50
R04646,real_68387.jpg,Real,Real,0.0,QF50,50
R01125,real_24407.jpg,Real,Fake,0.81543,QF50,50
R02314,real_39466.jpg,Real,Real,0.021088,QF50,50
R01777,real_32627.jpg,Real,Real,2e-06,QF50,50
R01657,real_31051.jpg,Real,Real,0.093018,QF50,50
R00031,real_10508.jpg,Real,Real,0.077637,QF50,50
R00777,real_20333.jpg,Real,Real,7.1e-05,QF50,50
R03105,real_49184.jpg,Real,Real,0.000392,QF50,50
R03948,real_59586.jpg,Real,Real,0.00021,QF50,50
R02469,real_41493.jpg,Real,Fake,0.59082,QF50,50
R02196,real_38140.jpg,Real,Real,0.224854,QF50,50
R01793,real_32823.jpg,Real,Real,1e-06,QF50,50
R00118,real_11617.jpg,Real,Real,0.001225,QF50,50
R00432,real_15971.jpg,Real,Real,0.0,QF50,50
R00297,real_14397.jpg,Real,Real,0.020569,QF50,50
R04110,real_61780.jpg,Real,Real,1.2e-05,QF50,50
R01249,real_26053.jpg,Real,Real,0.000597,QF50,50
R03141,real_49810.jpg,Real,Real,8.4e-05,QF50,50
R02075,real_36608.jpg,Real,Real,0.000542,QF50,50
R03537,real_54757.jpg,Real,Real,0.000208,QF50,50
R04153,real_62300.jpg,Real,Real,0.006123,QF50,50
R00072,real_10990.jpg,Real,Real,0.060425,QF50,50
R02747,real_44918.jpg,Real,Real,0.0,QF50,50
R04837,real_7941.jpg,Real,Real,0.017578,QF50,50
R04882,real_8470.jpg,Real,Real,3e-06,QF50,50
R03454,real_53771.jpg,Real,Real,0.018097,QF50,50
R01707,real_3170.jpg,Real,Real,0.001867,QF50,50
R00795,real_20566.jpg,Real,Real,0.0,QF50,50
R01208,real_25594.jpg,Real,Real,0.001972,QF50,50
R04690,real_69035.jpg,Real,Real,0.002913,QF50,50
R02157,real_3766.jpg,Real,Real,0.076416,QF50,50
R02781,real_45373.jpg,Real,Real,0.151733,QF50,50
R02539,real_42385.jpg,Real,Real,0.000259,QF50,50
R03933,real_5944.jpg,Real,Real,0.124939,QF50,50
R03542,real_54810.jpg,Real,Real,1e-06,QF50,50
R03189,real_50467.jpg,Real,Real,0.0,QF50,50
R02211,real_38293.jpg,Real,Real,0.006615,QF50,50
R01140,real_24699.jpg,Real,Real,0.0,QF50,50
R00089,real_11143.jpg,Real,Real,0.000156,QF50,50
R01021,real_23194.jpg,Real,Real,7.3e-05,QF50,50
R04322,real_6421.jpg,Real,Real,0.068298,QF50,50
R04453,real_65993.jpg,Real,Real,0.000303,QF50,50
R04058,real_61094.jpg,Real,Real,4.2e-05,QF50,50
R04399,real_65313.jpg,Real,Real,0.0,QF50,50
R02596,real_4305.jpg,Real,Real,0.001216,QF50,50
R03556,real_54910.jpg,Real,Real,0.000675,QF50,50
R01591,real_30149.jpg,Real,Real,0.005081,QF50,50
R04521,real_66870.jpg,Real,Real,0.001472,QF50,50
R01059,real_23584.jpg,Real,Real,0.027634,QF50,50
R00640,real_18693.jpg,Real,Real,0.000863,QF50,50
R03974,real_59927.jpg,Real,Real,7.9e-05,QF50,50
R04101,real_61685.jpg,Real,Real,0.000114,QF50,50
R02685,real_44181.jpg,Real,Real,0.09552,QF50,50
R03960,real_59765.jpg,Real,Real,0.09552,QF50,50
R03247,real_51116.jpg,Real,Real,0.000532,QF50,50
R00252,real_13671.jpg,Real,Real,0.0,QF50,50
R04152,real_62274.jpg,Real,Real,0.092346,QF50,50
R02462,real_41435.jpg,Real,Real,0.0,QF50,50
R01202,real_25559.jpg,Real,Real,0.099121,QF50,50
R03162,real_50047.jpg,Real,Real,0.004086,QF50,50
R04588,real_67647.jpg,Real,Real,0.004086,QF50,50
R01535,real_29408.jpg,Real,Real,3.4e-05,QF50,50
R01359,real_27403.jpg,Real,Real,0.000667,QF50,50
R00474,real_16489.jpg,Real,Real,0.007259,QF50,50
R03824,real_58189.jpg,Real,Real,0.232666,QF50,50
R04761,real_69887.jpg,Real,Real,0.0,QF50,50
R00559,real_177.jpg,Real,Real,0.02475,QF50,50
R00888,real_21606.jpg,Real,Real,0.016724,QF50,50
R04823,real_7794.jpg,Real,Real,0.000148,QF50,50
R03078,real_48993.jpg,Real,Real,0.296387,QF50,50
R02736,real_44824.jpg,Real,Real,1e-05,QF50,50
R01745,real_32216.jpg,Real,Real,0.15625,QF50,50
R02341,real_39771.jpg,Real,Real,0.000289,QF50,50
R04279,real_63711.jpg,Real,Real,0.001846,QF50,50
R01234,real_25890.jpg,Real,Real,0.01297,QF50,50
R04286,real_63850.jpg,Real,Real,0.066101,QF50,50
R01043,real_23446.jpg,Real,Real,0.002672,QF50,50
R01464,real_28566.jpg,Real,Real,0.006985,QF50,50
R00696,real_1930.jpg,Real,Real,0.00068,QF50,50
R02484,real_41678.jpg,Real,Real,0.0,QF50,50
R04216,real_63072.jpg,Real,Real,0.004452,QF50,50
R03115,real_4934.jpg,Real,Real,0.021484,QF50,50
R00041,real_10620.jpg,Real,Real,0.168335,QF50,50
R00016,real_10196.jpg,Real,Real,0.001081,QF50,50
R01579,real_29964.jpg,Real,Real,0.016159,QF50,50
R00917,real_21911.jpg,Real,Real,0.000138,QF50,50
R01655,real_30994.jpg,Real,Real,0.008575,QF50,50
R03651,real_55945.jpg,Real,Real,0.072083,QF50,50
R00043,real_10650.jpg,Real,Real,1.7e-05,QF50,50
R02172,real_37837.jpg,Real,Real,0.001099,QF50,50
R02961,real_47573.jpg,Real,Real,6.5e-05,QF50,50
R00893,real_21678.jpg,Real,Real,0.002243,QF50,50
R00876,real_21438.jpg,Real,Real,2.7e-05,QF50,50
R04878,real_8448.jpg,Real,Real,0.009377,QF50,50
R00365,real_15164.jpg,Real,Real,0.012337,QF50,50
R02203,real_3822.jpg,Real,Real,1e-06,QF50,50
R02938,real_47290.jpg,Real,Real,0.025955,QF50,50
R00856,real_21202.jpg,Real,Real,0.000582,QF50,50
R00338,real_14842.jpg,Real,Real,8e-06,QF50,50
R03968,real_59890.jpg,Real,Real,9e-06,QF50,50
R03946,real_59560.jpg,Real,Real,0.00021,QF50,50
R01098,real_24082.jpg,Real,Real,4.8e-05,QF50,50
R04068,real_61251.jpg,Real,Real,0.023071,QF50,50
R04752,real_69814.jpg,Real,Fake,0.678223,QF50,50
R01504,real_28982.jpg,Real,Real,5e-06,QF50,50
R00811,real_20719.jpg,Real,Real,0.003147,QF50,50
R01638,real_30733.jpg,Real,Real,1e-06,QF50,50
R04501,real_6655.jpg,Real,Real,8.9e-05,QF50,50
R01041,real_23431.jpg,Real,Real,3.8e-05,QF50,50
R03501,real_54289.jpg,Real,Real,0.000174,QF50,50
R03994,real_6025.jpg,Real,Real,0.0,QF50,50
R04179,real_62621.jpg,Real,Real,0.000131,QF50,50
R04017,real_606.jpg,Real,Real,5e-06,QF50,50
R01109,real_24216.jpg,Real,Real,0.0,QF50,50
R04505,real_66615.jpg,Real,Real,0.13855,QF50,50
R03972,real_59913.jpg,Real,Real,1e-06,QF50,50
R00166,real_12325.jpg,Real,Real,0.0,QF50,50
R03531,real_54710.jpg,Real,Real,5.8e-05,QF50,50
R00712,real_19461.jpg,Real,Real,0.070557,QF50,50
R01999,real_358.jpg,Real,Real,0.0,QF50,50
R04855,real_8127.jpg,Real,Real,0.07782,QF50,50
R03560,real_54945.jpg,Real,Fake,0.865234,QF50,50
R04584,real_67627.jpg,Real,Real,0.0,QF50,50
R04575,real_67522.jpg,Real,Real,0.0,QF50,50
R04982,real_9780.jpg,Real,Real,1e-06,QF50,50
R04342,real_64461.jpg,Real,Real,0.00415,QF50,50
R03921,real_59294.jpg,Real,Real,0.001179,QF50,50
R04978,real_9702.jpg,Real,Real,0.002684,QF50,50
R02101,real_36943.jpg,Real,Real,0.000383,QF50,50
R03011,real_48132.jpg,Real,Real,1.1e-05,QF50,50
R03697,real_56666.jpg,Real,Real,0.407471,QF50,50
R01732,real_32053.jpg,Real,Real,0.164551,QF50,50
R04087,real_61513.jpg,Real,Real,1.1e-05,QF50,50
R04910,real_8804.jpg,Real,Real,0.065125,QF50,50
R04731,real_69534.jpg,Real,Real,0.0,QF50,50
R03003,real_48027.jpg,Real,Fake,0.790527,QF50,50
R02788,real_45422.jpg,Real,Real,0.327393,QF50,50
R02248,real_3870.jpg,Real,Real,0.000305,QF50,50
R03500,real_54284.jpg,Real,Real,7.1e-05,QF50,50
R02366,real_40183.jpg,Real,Real,0.088318,QF50,50
R01951,real_3513.jpg,Real,Real,0.076294,QF50,50
R00965,real_22485.jpg,Real,Real,0.000125,QF50,50
R04714,real_69284.jpg,Real,Real,0.200073,QF50,50
R04283,real_63814.jpg,Real,Real,0.0,QF50,50
R03811,real_58.jpg,Real,Real,3e-06,QF50,50
R00727,real_19663.jpg,Real,Real,0.000242,QF50,50
R01469,real_28590.jpg,Real,Real,0.006489,QF50,50
R04909,real_8794.jpg,Real,Real,0.155151,QF50,50
R01583,real_30000.jpg,Real,Real,0.001121,QF50,50
R04109,real_6178.jpg,Real,Real,0.000466,QF50,50
R04128,real_62.jpg,Real,Real,0.013428,QF50,50
R00832,real_20938.jpg,Real,Real,0.0,QF50,50
R03009,real_48107.jpg,Real,Real,0.000473,QF50,50
R01894,real_34248.jpg,Real,Real,0.001169,QF50,50
R04754,real_69827.jpg,Real,Real,1e-05,QF50,50
R04935,real_907.jpg,Real,Real,0.0,QF50,50
R01935,real_34915.jpg,Real,Real,1.4e-05,QF50,50
R02838,real_46.jpg,Real,Real,0.0,QF50,50
R03590,real_55242.jpg,Real,Real,0.0,QF50,50
R00312,real_14572.jpg,Real,Real,0.05072,QF50,50
R01991,real_35701.jpg,Real,Real,0.059753,QF50,50
R03729,real_56952.jpg,Real,Real,0.000758,QF50,50
R02122,real_37237.jpg,Real,Real,2e-06,QF50,50
R01729,real_32034.jpg,Real,Real,0.013222,QF50,50
R01610,real_30489.jpg,Real,Real,0.002296,QF50,50
R00760,real_20105.jpg,Real,Real,0.092224,QF50,50
R03632,real_55715.jpg,Real,Real,0.036774,QF50,50
R02070,real_36523.jpg,Real,Real,0.089783,QF50,50
R04241,real_63322.jpg,Real,Fake,0.950195,QF50,50
R00102,real_11391.jpg,Real,Real,0.001211,QF50,50
R02099,real_36919.jpg,Real,Real,0.160645,QF50,50
R02980,real_47821.jpg,Real,Real,0.160645,QF50,50
R03818,real_58132.jpg,Real,Real,0.000966,QF50,50
R01743,real_32193.jpg,Real,Real,0.001004,QF50,50
R02658,real_43839.jpg,Real,Fake,0.988281,QF50,50
R02234,real_38582.jpg,Real,Real,0.0,QF50,50
R02734,real_44813.jpg,Real,Real,0.000416,QF50,50
R04268,real_63634.jpg,Real,Real,8.7e-05,QF50,50
R00801,real_20635.jpg,Real,Real,0.011116,QF50,50
R04141,real_62182.jpg,Real,Real,3e-06,QF50,50
R01151,real_24888.jpg,Real,Real,2.7e-05,QF50,50
R03879,real_58812.jpg,Real,Real,0.0,QF50,50
R03117,real_49347.jpg,Real,Real,0.0,QF50,50
R04711,real_69263.jpg,Real,Real,7.8e-05,QF50,50
R04416,real_65533.jpg,Real,Real,0.0,QF50,50
R04850,real_8073.jpg,Real,Real,0.10321,QF50,50
R03646,real_55873.jpg,Real,Real,0.139404,QF50,50
R00079,real_11075.jpg,Real,Real,0.001129,QF50,50
R01496,real_28870.jpg,Real,Real,0.05481,QF50,50
R02145,real_37464.jpg,Real,Fake,0.63916,QF50,50
R03510,real_5443.jpg,Real,Real,0.00547,QF50,50
R04180,real_62636.jpg,Real,Real,0.00082,QF50,50
R01377,real_27580.jpg,Real,Real,0.182373,QF50,50
R02338,real_39714.jpg,Real,Real,0.0,QF50,50
R03095,real_4911.jpg,Real,Real,0.152588,QF50,50
R02771,real_45259.jpg,Real,Real,0.005241,QF50,50
R03226,real_50815.jpg,Real,Real,0.000257,QF50,50
R01997,real_35780.jpg,Real,Real,6e-06,QF50,50
R00775,real_20295.jpg,Real,Real,0.000566,QF50,50
R02595,real_4301.jpg,Real,Real,0.361084,QF50,50
R03727,real_56933.jpg,Real,Real,0.000152,QF50,50
R04461,real_6609.jpg,Real,Real,0.000152,QF50,50
R04030,real_60711.jpg,Real,Real,0.027908,QF50,50
R02357,real_40044.jpg,Real,Real,0.0,QF50,50
R00588,real_18067.jpg,Real,Real,0.006641,QF50,50
R01460,real_28524.jpg,Real,Real,0.006641,QF50,50
R04454,real_6601.jpg,Real,Real,0.000395,QF50,50
R01839,real_33550.jpg,Real,Real,0.0,QF50,50
R02407,real_40803.jpg,Real,Real,1.3e-05,QF50,50
R03408,real_53150.jpg,Real,Fake,0.547852,QF50,50
R00730,real_19675.jpg,Real,Real,0.09668,QF50,50
R02041,real_36197.jpg,Real,Real,0.221558,QF50,50
R03713,real_56823.jpg,Real,Real,1.1e-05,QF50,50
R00676,real_19089.jpg,Real,Real,0.012146,QF50,50
R03546,real_54832.jpg,Real,Real,0.025513,QF50,50
R03211,real_50639.jpg,Real,Real,0.004593,QF50,50
R00833,real_20962.jpg,Real,Real,0.182739,QF50,50
R03229,real_50863.jpg,Real,Real,0.028549,QF50,50
R03217,real_50710.jpg,Real,Real,0.003235,QF50,50
R03628,real_557.jpg,Real,Real,0.00145,QF50,50
R03820,real_58158.jpg,Real,Real,0.003565,QF50,50
R00085,real_11110.jpg,Real,Real,3.1e-05,QF50,50
R00097,real_11335.jpg,Real,Real,0.002314,QF50,50
R00484,real_16628.jpg,Real,Real,0.230347,QF50,50
R00394,real_15475.jpg,Real,Real,1.2e-05,QF50,50
R00650,real_18768.jpg,Real,Real,0.0,QF50,50
R03831,real_58262.jpg,Real,Real,0.00016,QF50,50
R00389,real_15416.jpg,Real,Real,2e-06,QF50,50
R01090,real_23956.jpg,Real,Real,0.0,QF50,50
R00269,real_13857.jpg,Real,Real,0.0,QF50,50
R03714,real_56829.jpg,Real,Real,0.0,QF50,50
R00267,real_13848.jpg,Real,Real,0.001032,QF50,50
R00620,real_18420.jpg,Real,Real,0.0,QF50,50
R02445,real_41243.jpg,Real,Real,0.0,QF50,50
R03456,real_53788.jpg,Real,Real,0.06488,QF50,50
R01277,real_26315.jpg,Real,Real,0.121155,QF50,50
R03303,real_51907.jpg,Real,Real,0.000644,QF50,50
R01581,real_29991.jpg,Real,Real,0.0,QF50,50
R03055,real_48682.jpg,Real,Real,0.015839,QF50,50
R03358,real_52562.jpg,Real,Real,2.2e-05,QF50,50
R03023,real_48251.jpg,Real,Real,0.188477,QF50,50
R02467,real_41478.jpg,Real,Real,0.0,QF50,50
R00053,real_10777.jpg,Real,Real,0.000119,QF50,50
R03844,real_58457.jpg,Real,Real,0.005001,QF50,50
R04484,real_66352.jpg,Real,Real,0.042633,QF50,50
R01406,real_27940.jpg,Real,Real,0.000276,QF50,50
R02649,real_43746.jpg,Real,Real,0.015129,QF50,50
R02888,real_4676.jpg,Real,Real,0.001889,QF50,50
R02700,real_44378.jpg,Real,Real,3e-06,QF50,50
R00321,real_14655.jpg,Real,Real,7e-06,QF50,50
R04548,real_67163.jpg,Real,Real,0.229248,QF50,50
R01261,real_26183.jpg,Real,Real,0.000151,QF50,50
R00552,real_17528.jpg,Real,Real,0.026459,QF50,50
R01614,real_30504.jpg,Real,Real,0.004299,QF50,50
R00428,real_15961.jpg,Real,Real,7.8e-05,QF50,50
R00815,real_20748.jpg,Real,Real,0.0,QF50,50
R02799,real_45522.jpg,Real,Real,0.000229,QF50,50
R04228,real_63176.jpg,Real,Real,0.002108,QF50,50
R01656,real_3105.jpg,Real,Real,7.1e-05,QF50,50
R01769,real_32479.jpg,Real,Real,0.000205,QF50,50
R01292,real_26487.jpg,Real,Real,1.5e-05,QF50,50
R03293,real_51750.jpg,Real,Real,0.061768,QF50,50
R00450,real_16202.jpg,Real,Fake,0.715332,QF50,50
R00197,real_12895.jpg,Real,Real,0.000104,QF50,50
R01671,real_31164.jpg,Real,Real,0.009819,QF50,50
R02209,real_38244.jpg,Real,Real,0.000114,QF50,50
R00724,real_19624.jpg,Real,Real,0.0,QF50,50
R04559,real_67287.jpg,Real,Real,0.0,QF50,50
R04115,real_6185.jpg,Real,Real,0.0,QF50,50
R04419,real_65560.jpg,Real,Real,0.02887,QF50,50
R02613,real_43348.jpg,Real,Real,0.0,QF50,50
R04318,real_64142.jpg,Real,Real,0.001585,QF50,50
R00862,real_21249.jpg,Real,Real,1e-06,QF50,50
R00828,real_20843.jpg,Real,Real,0.0,QF50,50
R01080,real_23854.jpg,Real,Real,0.01519,QF50,50
R03737,real_57001.jpg,Real,Real,0.158569,QF50,50
R00392,real_15422.jpg,Real,Real,0.000175,QF50,50
R04223,real_63141.jpg,Real,Real,0.0,QF50,50
R00087,real_11128.jpg,Real,Real,0.000178,QF50,50
R00716,real_19502.jpg,Real,Real,0.00885,QF50,50
R04536,real_67.jpg,Real,Real,0.000114,QF50,50
R00826,real_20820.jpg,Real,Real,0.102112,QF50,50
R01397,real_27794.jpg,Real,Real,0.0,QF50,50
R01029,real_23318.jpg,Real,Real,0.122864,QF50,50
R03367,real_52653.jpg,Real,Real,0.002924,QF50,50
R04693,real_69057.jpg,Real,Real,0.004848,QF50,50
R02110,real_37069.jpg,Real,Real,0.0,QF50,50
R04335,real_64379.jpg,Real,Real,0.000401,QF50,50
R02049,real_36291.jpg,Real,Real,0.000634,QF50,50
R01461,real_2853.jpg,Real,Real,0.002378,QF50,50
R01528,real_29323.jpg,Real,Real,0.002314,QF50,50
R02241,real_38646.jpg,Real,Real,0.042084,QF50,50
R00042,real_10641.jpg,Real,Real,0.007065,QF50,50
R03739,real_57031.jpg,Real,Real,0.005619,QF50,50
R00473,real_1646.jpg,Real,Real,0.011826,QF50,50
R01231,real_25850.jpg,Real,Real,0.0,QF50,50
R03789,real_57702.jpg,Real,Real,0.381348,QF50,50
R00074,real_10997.jpg,Real,Real,4e-06,QF50,50
R03570,real_5501.jpg,Real,Real,6.6e-05,QF50,50
R03439,real_53574.jpg,Real,Real,5e-06,QF50,50
R03238,real_50988.jpg,Real,Real,2.3e-05,QF50,50
R04379,real_6495.jpg,Real,Real,2.5e-05,QF50,50
R01904,real_34409.jpg,Real,Real,0.11969,QF50,50
R02801,real_45554.jpg,Real,Real,0.034424,QF50,50
R02548,real_42455.jpg,Real,Real,0.044769,QF50,50
R01067,real_2367.jpg,Real,Real,0.0,QF50,50
R02931,real_4721.jpg,Real,Real,9.5e-05,QF50,50
R04324,real_64221.jpg,Real,Real,0.002003,QF50,50
R04537,real_670.jpg,Real,Real,0.0,QF50,50
R03243,real_5106.jpg,Real,Real,1.8e-05,QF50,50
R01601,real_30378.jpg,Real,Real,0.0,QF50,50
R00062,real_10903.jpg,Real,Real,0.001501,QF50,50
R00257,real_13734.jpg,Real,Real,0.001069,QF50,50
R04871,real_8373.jpg,Real,Real,0.002398,QF50,50
R01785,real_32731.jpg,Real,Real,0.0,QF50,50
R00037,real_10590.jpg,Real,Real,0.009338,QF50,50
R04602,real_67811.jpg,Real,Real,0.0,QF50,50
R00298,real_14404.jpg,Real,Real,0.0,QF50,50
R02812,real_45645.jpg,Real,Real,2.1e-05,QF50,50
R04636,real_68262.jpg,Real,Real,0.001184,QF50,50
R03088,real_49061.jpg,Real,Real,0.000782,QF50,50
R01992,real_3571.jpg,Real,Real,0.006313,QF50,50
R04518,real_66839.jpg,Real,Real,2e-06,QF50,50
R00436,real_16031.jpg,Real,Real,0.003496,QF50,50
R03418,real_53303.jpg,Real,Real,0.038818,QF50,50
R04315,real_6411.jpg,Real,Real,0.0,QF50,50
R02692,real_44284.jpg,Real,Real,0.073059,QF50,50
R04046,real_60879.jpg,Real,Real,0.000347,QF50,50
R01168,real_25125.jpg,Real,Real,0.028214,QF50,50
R01762,real_3242.jpg,Real,Real,0.0,QF50,50
R01691,real_31434.jpg,Real,Real,0.047241,QF50,50
R04550,real_67170.jpg,Real,Real,0.170532,QF50,50
R00776,real_20320.jpg,Real,Real,0.033142,QF50,50
R03930,real_59404.jpg,Real,Real,0.000308,QF50,50
R01063,real_23613.jpg,Real,Real,0.046478,QF50,50
R00115,real_11526.jpg,Real,Real,0.020096,QF50,50
R04095,real_61627.jpg,Real,Real,1e-06,QF50,50
R03025,real_48263.jpg,Real,Real,0.0,QF50,50
R04303,real_63953.jpg,Real,Real,0.200684,QF50,50
R03160,real_49999.jpg,Real,Real,0.0,QF50,50
R00693,real_19288.jpg,Real,Real,4e-06,QF50,50
R00957,real_2233.jpg,Real,Real,0.0,QF50,50
R02883,real_46679.jpg,Real,Real,0.372803,QF50,50
R00742,real_19911.jpg,Real,Real,0.000138,QF50,50
R01130,real_24526.jpg,Real,Real,0.00145,QF50,50
R02787,real_45418.jpg,Real,Real,0.001221,QF50,50
R00493,real_16795.jpg,Real,Real,0.002811,QF50,50
R01934,real_34910.jpg,Real,Fake,0.651367,QF50,50
R00743,real_19936.jpg,Real,Real,0.019302,QF50,50
R04813,real_7647.jpg,Real,Real,0.017242,QF50,50
R00709,real_19439.jpg,Real,Real,0.192993,QF50,50
R04555,real_67254.jpg,Real,Real,0.000586,QF50,50
R03937,real_59469.jpg,Real,Real,0.000263,QF50,50
R02348,real_39880.jpg,Real,Real,0.126099,QF50,50
R02304,real_3935.jpg,Real,Fake,0.730957,QF50,50
R01164,real_25072.jpg,Real,Real,0.000727,QF50,50
R01136,real_24644.jpg,Real,Real,0.007317,QF50,50
R00431,real_15967.jpg,Real,Real,4e-06,QF50,50
R00916,real_21910.jpg,Real,Real,9e-06,QF50,50
R00433,real_15986.jpg,Real,Real,0.0,QF50,50
R03588,real_55186.jpg,Real,Real,8.9e-05,QF50,50
R02018,real_36012.jpg,Real,Real,0.114197,QF50,50
R03806,real_57916.jpg,Real,Real,0.000123,QF50,50
R04713,real_69278.jpg,Real,Real,0.002388,QF50,50
R04117,real_61871.jpg,Real,Real,0.000883,QF50,50
R03674,real_56364.jpg,Real,Real,5e-05,QF50,50
R02752,real_4508.jpg,Real,Real,6.6e-05,QF50,50
R00402,real_15636.jpg,Real,Real,0.032471,QF50,50
R01703,real_31688.jpg,Real,Real,0.0,QF50,50
R01158,real_24966.jpg,Real,Real,0.137573,QF50,50
R00352,real_15016.jpg,Real,Real,7e-06,QF50,50
R02431,real_41067.jpg,Real,Real,1e-06,QF50,50
R02520,real_42145.jpg,Real,Real,0.0,QF50,50
R00372,real_15227.jpg,Real,Real,1e-05,QF50,50
R02506,real_41997.jpg,Real,Real,0.03241,QF50,50
R00098,real_11340.jpg,Real,Fake,0.838379,QF50,50
R00418,real_15852.jpg,Real,Fake,0.931152,QF50,50
R02668,real_43947.jpg,Real,Real,6.7e-05,QF50,50
R00363,real_15150.jpg,Real,Real,0.033325,QF50,50
R00759,real_2010.jpg,Real,Real,0.038544,QF50,50
R00019,real_10255.jpg,Real,Real,0.0,QF50,50
R00596,real_18121.jpg,Real,Real,0.001574,QF50,50
R02136,real_37388.jpg,Real,Real,0.03096,QF50,50
R02475,real_4155.jpg,Real,Real,0.013588,QF50,50
R00859,real_2123.jpg,Real,Real,5e-06,QF50,50
R02849,real_4619.jpg,Real,Real,6.3e-05,QF50,50
R02727,real_44763.jpg,Real,Real,0.0,QF50,50
R04460,real_66064.jpg,Real,Real,0.007576,QF50,50
R01462,real_28554.jpg,Real,Real,0.000471,QF50,50
R01276,real_26298.jpg,Real,Real,0.00089,QF50,50
R02716,real_44629.jpg,Real,Real,0.0,QF50,50
R01149,real_24883.jpg,Real,Real,0.0,QF50,50
R00144,real_11970.jpg,Real,Real,3.9e-05,QF50,50
R01081,real_23860.jpg,Real,Real,0.4729,QF50,50
R03347,real_52455.jpg,Real,Real,0.000247,QF50,50
R04807,real_7546.jpg,Real,Real,0.00956,QF50,50
R03152,real_49913.jpg,Real,Real,0.000283,QF50,50
R01478,real_28657.jpg,Real,Real,0.0,QF50,50
R02230,real_38538.jpg,Real,Real,0.38501,QF50,50
R02119,real_37143.jpg,Real,Real,0.0,QF50,50
R02834,real_45951.jpg,Real,Real,2.6e-05,QF50,50
R01816,real_33274.jpg,Real,Real,0.000361,QF50,50
R02731,real_4480.jpg,Real,Real,2.5e-05,QF50,50
R00284,real_14169.jpg,Real,Real,0.0,QF50,50
R04903,real_8724.jpg,Real,Fake,0.60791,QF50,50
R00066,real_10948.jpg,Real,Fake,0.901367,QF50,50
R04717,real_69318.jpg,Real,Real,0.233032,QF50,50
R01314,real_2671.jpg,Real,Real,4.6e-05,QF50,50
R00306,real_14466.jpg,Real,Real,0.011963,QF50,50
R01653,real_30960.jpg,Real,Real,1e-06,QF50,50
R03176,real_5025.jpg,Real,Real,4e-06,QF50,50
R04951,real_9382.jpg,Real,Real,0.03656,QF50,50
R00008,real_10077.jpg,Real,Real,0.040924,QF50,50
R04553,real_67246.jpg,Real,Real,0.040924,QF50,50
R00105,real_1142.jpg,Real,Real,0.387207,QF50,50
R02672,real_44041.jpg,Real,Real,0.0,QF50,50
R00534,real_17314.jpg,Real,Real,0.0,QF50,50
R01104,real_24139.jpg,Real,Real,0.235107,QF50,50
R04829,real_7845.jpg,Real,Real,9e-06,QF50,50
R01139,real_24681.jpg,Real,Real,0.0,QF50,50
R00546,real_17469.jpg,Real,Real,9e-06,QF50,50
R04827,real_7821.jpg,Real,Real,0.00102,QF50,50
R01733,real_32068.jpg,Real,Real,0.001156,QF50,50
R04887,real_851.jpg,Real,Real,0.003839,QF50,50
R04418,real_65552.jpg,Real,Real,0.0,QF50,50
R04316,real_64125.jpg,Real,Real,0.173462,QF50,50
R02432,real_41069.jpg,Real,Fake,0.830566,QF50,50
R02958,real_47517.jpg,Real,Real,0.031799,QF50,50
R02086,real_36721.jpg,Real,Real,0.066223,QF50,50
R00009,real_10081.jpg,Real,Real,1.2e-05,QF50,50
R00594,real_18111.jpg,Real,Real,0.002663,QF50,50
R01295,real_26503.jpg,Real,Real,0.00024,QF50,50
R00572,real_17917.jpg,Real,Real,0.295654,QF50,50
R02879,real_46614.jpg,Real,Real,0.001846,QF50,50
R01986,real_35636.jpg,Real,Real,0.008476,QF50,50
R02779,real_45358.jpg,Real,Real,3e-06,QF50,50
R03964,real_59816.jpg,Real,Real,5e-06,QF50,50
R04933,real_9053.jpg,Real,Real,1e-06,QF50,50
R00762,real_20111.jpg,Real,Real,9.5e-05,QF50,50
R04631,real_68169.jpg,Real,Real,0.002913,QF50,50
R01597,real_3031.jpg,Real,Real,0.00073,QF50,50
R03049,real_48606.jpg,Real,Real,1.6e-05,QF50,50
R02485,real_41680.jpg,Real,Real,0.312988,QF50,50
R04114,real_61833.jpg,Real,Real,0.06842,QF50,50
R00848,real_21020.jpg,Real,Real,0.0,QF50,50
R03389,real_52934.jpg,Real,Real,0.0,QF50,50
R02687,real_44231.jpg,Real,Real,1.8e-05,QF50,50
R01170,real_25141.jpg,Real,Real,2.6e-05,QF50,50
R04103,real_61687.jpg,Real,Real,4e-05,QF50,50
R01921,real_34756.jpg,Real,Real,0.404541,QF50,50
R00168,real_12348.jpg,Real,Real,0.000117,QF50,50
R04002,real_6034.jpg,Real,Real,0.0,QF50,50
R00855,real_21170.jpg,Real,Real,7e-06,QF50,50
R04359,real_64705.jpg,Real,Real,0.006851,QF50,50
R01606,real_30428.jpg,Real,Real,0.19812,QF50,50
R00898,real_21743.jpg,Real,Real,0.0,QF50,50
R03475,real_54012.jpg,Real,Real,0.0,QF50,50
R02895,real_46856.jpg,Real,Real,0.000167,QF50,50
R02270,real_39037.jpg,Real,Real,0.0,QF50,50
R04160,real_62396.jpg,Real,Real,0.008743,QF50,50
R02277,real_39109.jpg,Real,Real,0.001008,QF50,50
R01679,real_31261.jpg,Real,Real,0.025955,QF50,50
R03165,real_50090.jpg,Real,Real,0.0,QF50,50
R04831,real_7867.jpg,Real,Real,0.012383,QF50,50
R02623,real_43451.jpg,Real,Real,5e-06,QF50,50
R02846,real_46153.jpg,Real,Fake,0.726562,QF50,50
R03027,real_48279.jpg,Real,Real,0.120728,QF50,50
R04929,real_9015.jpg,Real,Real,0.0,QF50,50
R04862,real_8232.jpg,Real,Real,2e-06,QF50,50
R03119,real_49475.jpg,Real,Real,0.283203,QF50,50
R00052,real_10775.jpg,Real,Fake,0.762695,QF50,50
R03701,real_56687.jpg,Real,Real,0.0,QF50,50
R04121,real_61913.jpg,Real,Real,5e-06,QF50,50
R03116,real_49345.jpg,Real,Real,0.0,QF50,50
R01716,real_31838.jpg,Real,Real,0.09552,QF50,50
R01779,real_32647.jpg,Real,Real,0.052826,QF50,50
R02743,real_44875.jpg,Real,Real,0.016586,QF50,50
R04765,real_69953.jpg,Real,Real,0.075562,QF50,50
R04645,real_68378.jpg,Real,Real,9e-06,QF50,50
R00583,real_17998.jpg,Real,Real,0.003944,QF50,50
R01639,real_30745.jpg,Real,Real,0.006905,QF50,50
R01351,real_27243.jpg,Real,Real,0.007549,QF50,50
R02800,real_45546.jpg,Real,Real,0.001121,QF50,50
R00519,real_17104.jpg,Real,Real,0.0,QF50,50
R01781,real_32678.jpg,Real,Real,0.0,QF50,50
R03018,real_48180.jpg,Real,Real,0.010368,QF50,50
R00163,real_12294.jpg,Real,Real,5e-06,QF50,50
R02617,real_43381.jpg,Real,Real,0.000367,QF50,50
R03940,real_59501.jpg,Real,Real,0.000225,QF50,50
R00935,real_22099.jpg,Real,Real,0.071594,QF50,50
R02773,real_45297.jpg,Real,Real,0.000462,QF50,50
R01196,real_25475.jpg,Real,Real,0.0,QF50,50
R01301,real_26533.jpg,Real,Real,0.0,QF50,50
R03474,real_5401.jpg,Real,Real,0.000269,QF50,50
R04851,real_809.jpg,Real,Real,9e-06,QF50,50
R04206,real_62989.jpg,Real,Real,2e-06,QF50,50
R02902,real_46909.jpg,Real,Real,0.057587,QF50,50
R04398,real_65295.jpg,Real,Real,4.9e-05,QF50,50
R04776,real_7102.jpg,Real,Real,0.093018,QF50,50
R02302,real_39338.jpg,Real,Real,4e-06,QF50,50
R00454,real_1628.jpg,Real,Real,0.0,QF50,50
R02193,real_38093.jpg,Real,Real,0.411377,QF50,50
R01750,real_32251.jpg,Real,Real,0.000243,QF50,50
R04245,real_63370.jpg,Real,Real,0.000434,QF50,50
R01110,real_24222.jpg,Real,Real,0.000659,QF50,50
R01060,real_23602.jpg,Real,Real,2e-06,QF50,50
R01700,real_31590.jpg,Real,Real,0.301514,QF50,50
R02016,real_3601.jpg,Real,Real,0.039062,QF50,50
R01516,real_29137.jpg,Real,Real,0.000305,QF50,50
R03236,real_50969.jpg,Real,Real,0.0,QF50,50
R02451,real_41281.jpg,Real,Real,0.0,QF50,50
R01721,real_31931.jpg,Real,Real,0.001325,QF50,50
R02297,real_39283.jpg,Real,Real,0.0,QF50,50
R03340,real_52377.jpg,Real,Real,0.039429,QF50,50
R02460,real_41353.jpg,Real,Real,1.3e-05,QF50,50
R03761,real_57279.jpg,Real,Real,0.22937,QF50,50
R02878,real_466.jpg,Real,Real,0.0,QF50,50
R00932,real_2208.jpg,Real,Real,0.003004,QF50,50
R03132,real_49654.jpg,Real,Real,0.0,QF50,50
R04983,real_9789.jpg,Real,Real,0.009056,QF50,50
R01373,real_27533.jpg,Real,Real,0.07135,QF50,50
R02028,real_361.jpg,Real,Real,1.1e-05,QF50,50
R04748,real_69716.jpg,Real,Real,0.02002,QF50,50
R00413,real_15783.jpg,Real,Real,0.000823,QF50,50
R01117,real_24312.jpg,Real,Real,0.002115,QF50,50
R01856,real_33726.jpg,Real,Real,0.002115,QF50,50
R02912,real_4700.jpg,Real,Real,0.0,QF50,50
R02149,real_3755.jpg,Real,Real,0.011292,QF50,50
R00997,real_22804.jpg,Real,Real,9.3e-05,QF50,50
R01331,real_26968.jpg,Real,Real,0.000255,QF50,50
R00700,real_19319.jpg,Real,Real,0.00387,QF50,50
R01958,real_35232.jpg,Real,Real,0.003016,QF50,50
R02759,real_45193.jpg,Real,Real,0.003016,QF50,50
R00393,real_15449.jpg,Real,Real,0.000156,QF50,50
R01336,real_27025.jpg,Real,Real,0.0,QF50,50
R03755,real_57252.jpg,Real,Real,0.007607,QF50,50
R00723,real_19621.jpg,Real,Real,0.0,QF50,50
R04702,real_69197.jpg,Real,Real,0.000223,QF50,50
R01874,real_33968.jpg,Real,Real,0.0,QF50,50
R03676,real_56387.jpg,Real,Real,0.107056,QF50,50
R04116,real_61855.jpg,Real,Real,0.000126,QF50,50
R00109,real_11455.jpg,Real,Real,0.010902,QF50,50
R03869,real_58706.jpg,Real,Real,0.0,QF50,50
R01864,real_33835.jpg,Real,Real,1e-06,QF50,50
R00603,real_18201.jpg,Real,Real,0.025085,QF50,50
R01477,real_28655.jpg,Real,Real,0.006958,QF50,50
R02901,real_46888.jpg,Real,Real,0.015251,QF50,50
R01396,real_27790.jpg,Real,Real,2e-06,QF50,50
R04010,real_60505.jpg,Real,Real,0.231445,QF50,50
R03063,real_48757.jpg,Real,Real,0.005867,QF50,50
R02636,real_43609.jpg,Real,Real,0.0,QF50,50
R02212,real_38344.jpg,Real,Real,0.040375,QF50,50
R00602,real_18187.jpg,Real,Real,0.090576,QF50,50
R03874,real_58744.jpg,Real,Real,0.0,QF50,50
R02324,real_39555.jpg,Real,Real,0.033661,QF50,50
R00470,real_16430.jpg,Real,Real,1e-06,QF50,50
R01108,real_24196.jpg,Real,Real,0.00046,QF50,50
R03601,real_55352.jpg,Real,Real,0.00255,QF50,50
R03196,real_50532.jpg,Real,Real,0.011162,QF50,50
R04039,real_60795.jpg,Real,Real,0.127441,QF50,50
R03572,real_55020.jpg,Real,Real,0.047424,QF50,50
R02611,real_43343.jpg,Real,Real,0.0,QF50,50
R01010,real_23014.jpg,Real,Real,0.330566,QF50,50
R00771,real_20240.jpg,Real,Real,0.0,QF50,50
R02410,real_40851.jpg,Real,Real,3.3e-05,QF50,50
R01873,real_3396.jpg,Real,Real,0.003016,QF50,50
R00265,real_13817.jpg,Real,Real,0.0,QF50,50
R02306,real_39389.jpg,Real,Real,1.3e-05,QF50,50
R04595,real_6774.jpg,Real,Real,4.1e-05,QF50,50
R00643,real_18722.jpg,Real,Real,0.014336,QF50,50
R03118,real_49444.jpg,Real,Real,0.000727,QF50,50
R00446,real_16152.jpg,Real,Real,0.030731,QF50,50
R03580,real_55145.jpg,Real,Real,0.0,QF50,50
R02411,real_40852.jpg,Real,Real,7e-05,QF50,50
R00044,real_10662.jpg,Real,Real,0.0,QF50,50
R02870,real_46492.jpg,Real,Real,4.3e-05,QF50,50
R00198,real_12911.jpg,Real,Real,0.001161,QF50,50
R01976,real_35437.jpg,Real,Real,0.300781,QF50,50
R00871,real_21401.jpg,Real,Real,1.2e-05,QF50,50
R01003,real_22893.jpg,Real,Real,2e-06,QF50,50
R04879,real_845.jpg,Real,Real,6.4e-05,QF50,50
R04053,real_60984.jpg,Real,Real,9e-06,QF50,50
R02013,real_35976.jpg,Real,Real,2.2e-05,QF50,50
R02949,real_47396.jpg,Real,Real,0.00289,QF50,50
R04703,real_69217.jpg,Real,Real,0.063599,QF50,50
R04849,real_8072.jpg,Real,Real,0.005447,QF50,50
R02877,real_46594.jpg,Real,Real,0.048126,QF50,50
R04170,real_62549.jpg,Real,Real,0.186646,QF50,50
R00515,real_1708.jpg,Real,Real,4.3e-05,QF50,50
R00036,real_10567.jpg,Real,Real,0.0,QF50,50
R03094,real_49108.jpg,Real,Real,0.009972,QF50,50
R00081,real_11092.jpg,Real,Real,0.000315,QF50,50
R04472,real_6618.jpg,Real,Real,5.1e-05,QF50,50
R03069,real_48890.jpg,Real,Real,9.5e-05,QF50,50
R02384,real_40473.jpg,Real,Real,6.5e-05,QF50,50
R02323,real_39535.jpg,Real,Fake,0.834473,QF50,50
R02618,real_43389.jpg,Real,Real,0.0,QF50,50
R01557,real_29684.jpg,Real,Real,0.003325,QF50,50
R02928,real_47157.jpg,Real,Real,0.0,QF50,50
R00429,real_15964.jpg,Real,Real,0.009712,QF50,50
R02693,real_44304.jpg,Real,Real,0.0,QF50,50
R04888,real_8545.jpg,Real,Real,1e-06,QF50,50
R02191,real_38072.jpg,Real,Real,0.000699,QF50,50
R03097,real_49128.jpg,Real,Real,0.0,QF50,50
R00233,real_13401.jpg,Real,Real,0.000933,QF50,50
R02591,real_42995.jpg,Real,Real,0.0,QF50,50
R04389,real_65109.jpg,Real,Real,0.000436,QF50,50
R03759,real_57275.jpg,Real,Real,0.160034,QF50,50
R00353,real_15030.jpg,Real,Real,2.2e-05,QF50,50
R00685,real_19191.jpg,Real,Real,0.0001,QF50,50
R01079,real_23848.jpg,Real,Real,0.028702,QF50,50
R01091,real_23963.jpg,Real,Real,0.001649,QF50,50
R00684,real_19185.jpg,Real,Real,0.001116,QF50,50
R03178,real_50309.jpg,Real,Real,8e-06,QF50,50
R01505,real_28983.jpg,Real,Real,0.00415,QF50,50
R01106,real_24150.jpg,Real,Real,2e-06,QF50,50
R02060,real_3645.jpg,Real,Real,5.7e-05,QF50,50
R04059,real_61137.jpg,Real,Real,0.0,QF50,50
R03219,real_5073.jpg,Real,Real,0.0,QF50,50
R02828,real_45885.jpg,Real,Real,0.001519,QF50,50
R01400,real_27825.jpg,Real,Real,0.034027,QF50,50
R02557,real_42550.jpg,Real,Real,0.0,QF50,50
R03215,real_507.jpg,Real,Real,4e-06,QF50,50
R04498,real_66506.jpg,Real,Fake,0.806152,QF50,50
R00457,real_16329.jpg,Real,Real,0.294922,QF50,50
R01448,real_28326.jpg,Real,Real,0.005161,QF50,50
R04467,real_66149.jpg,Real,Real,0.213745,QF50,50
R02079,real_36640.jpg,Real,Real,0.000148,QF50,50
R00380,real_15346.jpg,Real,Real,0.002481,QF50,50
R00190,real_12721.jpg,Real,Real,0.150391,QF50,50
R02987,real_47871.jpg,Real,Real,0.016586,QF50,50
R02737,real_44839.jpg,Real,Real,0.001372,QF50,50
R00658,real_1885.jpg,Real,Real,2.2e-05,QF50,50
R03480,real_54068.jpg,Real,Real,0.013168,QF50,50
R01646,real_30886.jpg,Real,Fake,0.730957,QF50,50
R02488,real_41709.jpg,Real,Real,2.7e-05,QF50,50
R01903,real_3440.jpg,Real,Real,0.363037,QF50,50
R02842,real_46036.jpg,Real,Real,0.147705,QF50,50
R00408,real_15727.jpg,Real,Real,0.069946,QF50,50
R04586,real_67636.jpg,Real,Real,1e-06,QF50,50
R04621,real_68006.jpg,Real,Real,0.001206,QF50,50
R03690,real_56607.jpg,Real,Real,6.5e-05,QF50,50
R02991,real_47936.jpg,Real,Real,2e-05,QF50,50
R01946,real_35018.jpg,Real,Real,0.001134,QF50,50
R03417,real_5330.jpg,Real,Real,0.004665,QF50,50
R02474,real_41546.jpg,Real,Real,2.1e-05,QF50,50
R01407,real_27946.jpg,Real,Real,0.017914,QF50,50
R02135,real_37387.jpg,Real,Real,0.011292,QF50,50
R01468,real_28578.jpg,Real,Real,0.028595,QF50,50
R04999,real_999.jpg,Real,Real,0.000188,QF50,50
R03388,real_52924.jpg,Real,Real,0.003443,QF50,50
R04173,real_62570.jpg,Real,Real,0.253418,QF50,50
R00641,real_18698.jpg,Real,Real,1e-06,QF50,50
R01730,real_32045.jpg,Real,Real,0.023285,QF50,50
R03821,real_58162.jpg,Real,Real,0.001675,QF50,50
R02434,real_41154.jpg,Real,Real,5.2e-05,QF50,50
R04526,real_66912.jpg,Real,Real,8.9e-05,QF50,50
R04535,real_66985.jpg,Real,Real,0.0,QF50,50
R03261,real_51346.jpg,Real,Real,0.116577,QF50,50
R04944,real_9219.jpg,Real,Real,0.00423,QF50,50
R04934,real_9057.jpg,Real,Real,0.011375,QF50,50
R04405,real_65381.jpg,Real,Real,0.008186,QF50,50
R04073,real_61309.jpg,Real,Real,0.0,QF50,50
R00586,real_1804.jpg,Real,Real,0.00399,QF50,50
R00403,real_15655.jpg,Real,Real,0.0,QF50,50
R01776,real_32600.jpg,Real,Real,0.004791,QF50,50
R00099,real_11345.jpg,Real,Real,0.273193,QF50,50
R00874,real_21417.jpg,Real,Real,1.2e-05,QF50,50
R01357,real_2738.jpg,Real,Real,9.6e-05,QF50,50
R00289,real_14284.jpg,Real,Real,0.112,QF50,50
R00677,real_19091.jpg,Real,Real,0.006313,QF50,50
R03148,real_49862.jpg,Real,Real,0.069641,QF50,50
R04273,real_63646.jpg,Real,Real,0.000654,QF50,50
R03607,real_55437.jpg,Real,Real,0.002058,QF50,50
R01338,real_2706.jpg,Real,Real,7e-05,QF50,50
R01370,real_27496.jpg,Real,Real,0.013687,QF50,50
R04601,real_67794.jpg,Real,Real,0.009415,QF50,50
R00420,real_15868.jpg,Real,Real,8.1e-05,QF50,50
R03163,real_50065.jpg,Real,Real,0.195801,QF50,50
R01245,real_26.jpg,Real,Real,0.317627,QF50,50
R00877,real_21453.jpg,Real,Real,0.337891,QF50,50
R04719,real_69354.jpg,Real,Real,0.053101,QF50,50
R02935,real_47242.jpg,Real,Real,0.000337,QF50,50
R03232,real_50909.jpg,Real,Real,0.2771,QF50,50
R03903,real_59062.jpg,Real,Real,0.429199,QF50,50
R00622,real_1850.jpg,Real,Real,0.048767,QF50,50
R03873,real_5873.jpg,Real,Real,0.065735,QF50,50
R04578,real_67559.jpg,Real,Real,0.010406,QF50,50
R01369,real_27495.jpg,Real,Real,0.0,QF50,50
R04031,real_6073.jpg,Real,Real,1e-06,QF50,50
R01285,real_2638.jpg,Real,Real,0.078796,QF50,50
R00495,real_16808.jpg,Real,Real,0.103577,QF50,50
R02337,real_3969.jpg,Real,Real,0.3396,QF50,50
R04065,real_61217.jpg,Real,Real,0.015671,QF50,50
R00347,real_14974.jpg,Real,Real,0.000573,QF50,50
R00096,real_11311.jpg,Real,Real,0.003525,QF50,50
R03843,real_58455.jpg,Real,Real,0.000836,QF50,50
R03366,real_52640.jpg,Real,Real,6.7e-05,QF50,50
R03179,real_50315.jpg,Real,Real,0.000308,QF50,50
R04704,real_69220.jpg,Real,Real,2e-06,QF50,50
R00838,real_2098.jpg,Real,Fake,0.83252,QF50,50
R03959,real_59758.jpg,Real,Real,0.15564,QF50,50
R04558,real_67286.jpg,Real,Real,0.000278,QF50,50
R02032,real_36131.jpg,Real,Real,0.00011,QF50,50
R01216,real_25686.jpg,Real,Real,0.000128,QF50,50
R02920,real_47066.jpg,Real,Real,1.1e-05,QF50,50
R01027,real_23297.jpg,Real,Real,3e-06,QF50,50
R03871,real_58722.jpg,Real,Real,0.023148,QF50,50
R04886,real_8500.jpg,Real,Real,0.199585,QF50,50
R02891,real_46798.jpg,Real,Real,5.7e-05,QF50,50
R01806,real_33108.jpg,Real,Real,0.0,QF50,50
R01829,real_33479.jpg,Real,Real,5e-06,QF50,50
R03768,real_57374.jpg,Real,Real,0.100891,QF50,50
R04722,real_69433.jpg,Real,Real,0.449463,QF50,50
R01346,real_27201.jpg,Real,Real,0.002562,QF50,50
R04790,real_7298.jpg,Real,Real,0.03595,QF50,50
R00778,real_20344.jpg,Real,Real,0.039795,QF50,50
R00667,real_18963.jpg,Real,Real,0.000124,QF50,50
R01599,real_30352.jpg,Real,Real,9.8e-05,QF50,50
R01157,real_24950.jpg,Real,Real,0.03241,QF50,50
R01349,real_27225.jpg,Real,Real,0.025757,QF50,50
R02545,real_42435.jpg,Real,Real,0.033844,QF50,50
R00385,real_15398.jpg,Real,Real,0.000199,QF50,50
R02443,real_41215.jpg,Real,Real,0.017105,QF50,50
R04210,real_6303.jpg,Real,Real,0.253906,QF50,50
R00979,real_22614.jpg,Real,Real,0.001225,QF50,50
R04539,real_67033.jpg,Real,Real,0.000798,QF50,50
R04503,real_66584.jpg,Real,Real,0.019913,QF50,50
R00171,real_12383.jpg,Real,Fake,0.580566,QF50,50
R03852,real_58520.jpg,Real,Real,0.053711,QF50,50
R00752,real_20020.jpg,Real,Real,0.0,QF50,50
R03202,real_50563.jpg,Real,Real,1.3e-05,QF50,50
R03534,real_54723.jpg,Real,Real,1.3e-05,QF50,50
R00050,real_10763.jpg,Real,Real,0.098267,QF50,50
R02789,real_45424.jpg,Real,Real,1.6e-05,QF50,50
R01860,real_33792.jpg,Real,Real,0.0,QF50,50
R00111,real_1149.jpg,Real,Real,0.00069,QF50,50
R01883,real_34092.jpg,Real,Real,0.001867,QF50,50
R04917,real_8845.jpg,Real,Real,0.000231,QF50,50
R00359,real_15122.jpg,Real,Real,2e-05,QF50,50
R00070,real_10979.jpg,Real,Real,0.0,QF50,50
R01183,real_25371.jpg,Real,Real,0.006798,QF50,50
R02587,real_42922.jpg,Real,Real,0.00215,QF50,50
R01774,real_32592.jpg,Real,Real,0.00358,QF50,50
R03923,real_59335.jpg,Real,Fake,0.553223,QF50,50
R03658,real_5609.jpg,Real,Real,0.0,QF50,50
R01711,real_31745.jpg,Real,Real,0.0,QF50,50
R03813,real_58024.jpg,Real,Real,0.022675,QF50,50
R01293,real_26488.jpg,Real,Real,0.008095,QF50,50
R03562,real_54960.jpg,Real,Real,5.8e-05,QF50,50
R04809,real_7555.jpg,Real,Real,1e-06,QF50,50
R03301,real_51888.jpg,Real,Real,0.000747,QF50,50
R02343,real_39774.jpg,Real,Real,4e-06,QF50,50
R03846,real_58465.jpg,Real,Real,0.003338,QF50,50
R01146,real_24832.jpg,Real,Real,0.015602,QF50,50
R04041,real_60802.jpg,Real,Real,0.001161,QF50,50
R04232,real_63214.jpg,Real,Real,0.043274,QF50,50
R03584,real_55175.jpg,Real,Real,0.0,QF50,50
R00244,real_13601.jpg,Real,Real,5.7e-05,QF50,50
R04637,real_68275.jpg,Real,Real,0.088989,QF50,50
R02702,real_44404.jpg,Real,Real,0.000575,QF50,50
R03738,real_57009.jpg,Real,Fake,0.871582,QF50,50
R00145,real_1199.jpg,Real,Real,0.010902,QF50,50
R03734,real_56977.jpg,Real,Real,0.011116,QF50,50
R03465,real_53917.jpg,Real,Real,0.255859,QF50,50
R03662,real_5621.jpg,Real,Real,0.0,QF50,50
R03624,real_55662.jpg,Real,Real,1.5e-05,QF50,50
R04177,real_6260.jpg,Real,Real,1.5e-05,QF50,50
R03775,real_5752.jpg,Real,Real,1.2e-05,QF50,50
R02767,real_45244.jpg,Real,Real,0.003975,QF50,50
R01540,real_29467.jpg,Real,Real,0.0,QF50,50
R03678,real_56442.jpg,Real,Real,0.005302,QF50,50
R03254,real_51244.jpg,Real,Real,0.001147,QF50,50
R04038,real_60794.jpg,Real,Real,0.007404,QF50,50
R04007,real_60449.jpg,Real,Real,0.031143,QF50,50
R04127,real_61983.jpg,Real,Real,0.000475,QF50,50
R02425,real_41020.jpg,Real,Real,0.0,QF50,50
R03506,real_54391.jpg,Real,Real,0.075989,QF50,50
R01192,real_25436.jpg,Real,Real,0.0,QF50,50
R04480,real_66283.jpg,Real,Fake,0.980469,QF50,50
R03089,real_49063.jpg,Real,Real,7e-05,QF50,50
R01555,real_29676.jpg,Real,Real,0.000724,QF50,50
R02960,real_47536.jpg,Real,Real,0.0,QF50,50
R02472,real_41531.jpg,Real,Real,6e-05,QF50,50
R04767,real_69965.jpg,Real,Real,0.013123,QF50,50
R02626,real_43504.jpg,Real,Real,1e-06,QF50,50
R00706,real_19373.jpg,Real,Real,0.204712,QF50,50
R01783,real_32706.jpg,Real,Real,0.0,QF50,50
R02859,real_46367.jpg,Real,Real,0.0,QF50,50
R04428,real_65686.jpg,Real,Real,0.262939,QF50,50
R03032,real_48338.jpg,Real,Real,0.0,QF50,50
R04366,real_64799.jpg,Real,Real,3.7e-05,QF50,50
R03080,real_49006.jpg,Real,Real,4e-06,QF50,50
R03958,real_59749.jpg,Real,Real,0.0,QF50,50
R00229,real_13343.jpg,Real,Real,0.023026,QF50,50
R00366,real_1517.jpg,Real,Real,0.008644,QF50,50
R00807,real_2066.jpg,Real,Real,0.000197,QF50,50
R02252,real_38760.jpg,Real,Real,0.0,QF50,50
R03476,real_54020.jpg,Real,Real,0.00014,QF50,50
R04130,real_62053.jpg,Real,Real,0.0,QF50,50
R04834,real_7926.jpg,Real,Real,0.00589,QF50,50
R03346,real_52433.jpg,Real,Real,0.000368,QF50,50
R02235,real_38596.jpg,Real,Real,0.001399,QF50,50
R04706,real_69236.jpg,Real,Real,0.010452,QF50,50
R01971,real_35377.jpg,Real,Real,0.0,QF50,50
R00499,real_16875.jpg,Real,Real,0.165161,QF50,50
R02382,real_40418.jpg,Real,Real,0.239746,QF50,50
R01019,real_23156.jpg,Real,Real,0.00573,QF50,50
R02677,real_4412.jpg,Real,Fake,0.673828,QF50,50
R02258,real_38838.jpg,Real,Real,0.031921,QF50,50
R01668,real_31153.jpg,Real,Real,0.020294,QF50,50
R00140,real_11936.jpg,Real,Real,6e-06,QF50,50
R03951,real_59623.jpg,Real,Real,0.018372,QF50,50
R00310,real_1454.jpg,Real,Real,3e-06,QF50,50
R01076,real_2380.jpg,Real,Real,0.034241,QF50,50
R01077,real_23836.jpg,Real,Real,0.050598,QF50,50
R01078,real_23845.jpg,Real,Real,0.003248,QF50,50
R01093,real_23992.jpg,Real,Real,0.00132,QF50,50
R03305,real_5192.jpg,Real,Real,0.007038,QF50,50
R00945,real_22181.jpg,Real,Real,0.081238,QF50,50
R02722,real_44707.jpg,Real,Real,0.103027,QF50,50
R03769,real_57387.jpg,Real,Real,0.015778,QF50,50
R03539,real_54789.jpg,Real,Real,0.000151,QF50,50
R01802,real_32970.jpg,Real,Real,0.000202,QF50,50
R02447,real_41258.jpg,Real,Real,3.9e-05,QF50,50
R04237,real_63281.jpg,Real,Real,2.1e-05,QF50,50
R01252,real_26085.jpg,Real,Real,0.01976,QF50,50
R02964,real_47595.jpg,Real,Real,0.0,QF50,50
R00985,real_22666.jpg,Real,Real,0.0,QF50,50
R00962,real_22447.jpg,Real,Real,1e-06,QF50,50
R04723,real_6944.jpg,Real,Real,0.001789,QF50,50
R04687,real_68971.jpg,Real,Real,0.000272,QF50,50
R03037,real_4836.jpg,Real,Real,0.0,QF50,50
R00023,real_10319.jpg,Real,Real,0.00407,QF50,50
R01033,real_23351.jpg,Real,Fake,0.925781,QF50,50
R00332,real_14746.jpg,Real,Real,0.0,QF50,50
R04437,real_65800.jpg,Real,Real,0.049042,QF50,50
R02496,real_4182.jpg,Real,Real,0.220459,QF50,50
R02158,real_37661.jpg,Real,Real,0.000926,QF50,50
R02282,real_3919.jpg,Real,Real,0.206055,QF50,50
R04669,real_68776.jpg,Real,Real,3e-06,QF50,50
R03583,real_55174.jpg,Real,Real,0.0,QF50,50
R00349,real_14988.jpg,Real,Real,0.000318,QF50,50
R00134,real_11852.jpg,Real,Real,2e-06,QF50,50
R02634,real_4358.jpg,Real,Fake,0.897949,QF50,50
R00207,real_13038.jpg,Real,Real,0.154175,QF50,50
R02865,real_46447.jpg,Real,Real,0.00016,QF50,50
R04724,real_69465.jpg,Real,Real,0.01799,QF50,50
R01551,real_29622.jpg,Real,Real,0.007038,QF50,50
R00001,real_10007.jpg,Real,Real,0.001211,QF50,50
R00490,real_16740.jpg,Real,Real,0.0,QF50,50
R03645,real_5587.jpg,Real,Fake,0.716309,QF50,50
R00021,real_103.jpg,Real,Real,0.001642,QF50,50
R01013,real_23074.jpg,Real,Real,1e-06,QF50,50
R01949,real_35093.jpg,Real,Real,0.000165,QF50,50
R00239,real_13473.jpg,Real,Real,3.9e-05,QF50,50
R01592,real_30155.jpg,Real,Real,0.15271,QF50,50
R00093,real_11241.jpg,Real,Real,0.448486,QF50,50
R04118,real_61874.jpg,Real,Real,1.2e-05,QF50,50
R03343,real_52409.jpg,Real,Real,2.9e-05,QF50,50
R03809,real_57942.jpg,Real,Real,0.053711,QF50,50
R03153,real_4992.jpg,Real,Real,0.037903,QF50,50
R04207,real_63000.jpg,Real,Real,0.005405,QF50,50
R02147,real_37533.jpg,Real,Real,0.001623,QF50,50
R00904,real_218.jpg,Real,Fake,0.761719,QF50,50
R02308,real_39429.jpg,Real,Real,0.01799,QF50,50
R04998,real_998.jpg,Real,Fake,0.754883,QF50,50
R02237,real_38613.jpg,Real,Real,0.017639,QF50,50
R03889,real_58908.jpg,Real,Real,0.0,QF50,50
R04956,real_9451.jpg,Real,Real,0.0,QF50,50
R01341,real_2712.jpg,Real,Real,0.000132,QF50,50
R03188,real_50445.jpg,Real,Real,0.0,QF50,50
R04071,real_61284.jpg,Real,Real,0.000173,QF50,50
R01014,real_23078.jpg,Real,Real,0.007725,QF50,50
F01608,fake_29522.jpg,Fake,Fake,1.0,QF50,50
F02925,fake_46861.jpg,Fake,Fake,1.0,QF50,50
F01955,fake_33634.jpg,Fake,Fake,0.995117,QF50,50
F04107,fake_61900.jpg,Fake,Fake,0.908203,QF50,50
F01353,fake_26402.jpg,Fake,Fake,1.0,QF50,50
F02277,fake_38193.jpg,Fake,Fake,1.0,QF50,50
F04268,fake_63811.jpg,Fake,Fake,1.0,QF50,50
F04058,fake_61273.jpg,Fake,Fake,0.994629,QF50,50
F00013,fake_10183.jpg,Fake,Fake,1.0,QF50,50
F01938,fake_33472.jpg,Fake,Fake,1.0,QF50,50
F03010,fake_47972.jpg,Fake,Fake,1.0,QF50,50
F02857,fake_45969.jpg,Fake,Fake,0.999023,QF50,50
F04554,fake_67363.jpg,Fake,Fake,1.0,QF50,50
F01138,fake_23961.jpg,Fake,Fake,0.989746,QF50,50
F04334,fake_64669.jpg,Fake,Fake,1.0,QF50,50
F04025,fake_60870.jpg,Fake,Fake,0.999512,QF50,50
F01720,fake_30835.jpg,Fake,Fake,0.850586,QF50,50
F03971,fake_60279.jpg,Fake,Fake,0.987793,QF50,50
F03997,fake_60545.jpg,Fake,Fake,1.0,QF50,50
F01538,fake_28577.jpg,Fake,Fake,1.0,QF50,50
F01881,fake_32710.jpg,Fake,Fake,1.0,QF50,50
F00810,fake_20334.jpg,Fake,Fake,0.998047,QF50,50
F03495,fake_54347.jpg,Fake,Fake,0.995605,QF50,50
F01821,fake_3204.jpg,Fake,Fake,0.994629,QF50,50
F03714,fake_57105.jpg,Fake,Fake,1.0,QF50,50
F02104,fake_35557.jpg,Fake,Fake,0.999512,QF50,50
F03755,fake_57645.jpg,Fake,Fake,1.0,QF50,50
F02571,fake_42492.jpg,Fake,Fake,1.0,QF50,50
F00920,fake_21605.jpg,Fake,Fake,1.0,QF50,50
F00164,fake_11907.jpg,Fake,Fake,0.999023,QF50,50
F02511,fake_41732.jpg,Fake,Fake,1.0,QF50,50
F02492,fake_41427.jpg,Fake,Fake,0.998047,QF50,50
F03970,fake_60275.jpg,Fake,Fake,0.878418,QF50,50
F00412,fake_15196.jpg,Fake,Fake,1.0,QF50,50
F03148,fake_49793.jpg,Fake,Fake,0.996582,QF50,50
F02909,fake_46661.jpg,Fake,Fake,1.0,QF50,50
F03423,fake_53485.jpg,Fake,Fake,0.995605,QF50,50
F00365,fake_14608.jpg,Fake,Fake,1.0,QF50,50
F03270,fake_51477.jpg,Fake,Fake,0.841309,QF50,50
F04847,fake_7982.jpg,Fake,Fake,0.771973,QF50,50
F01682,fake_30453.jpg,Fake,Fake,0.999023,QF50,50
F04027,fake_60897.jpg,Fake,Fake,1.0,QF50,50
F02620,fake_43160.jpg,Fake,Fake,1.0,QF50,50
F03928,fake_59868.jpg,Fake,Fake,0.994141,QF50,50
F04885,fake_8497.jpg,Fake,Fake,1.0,QF50,50
F01155,fake_24152.jpg,Fake,Fake,1.0,QF50,50
F00807,fake_20303.jpg,Fake,Fake,1.0,QF50,50
F00170,fake_1202.jpg,Fake,Fake,1.0,QF50,50
F04167,fake_62602.jpg,Fake,Fake,0.999512,QF50,50
F00756,fake_19816.jpg,Fake,Fake,0.99707,QF50,50
F03701,fake_56896.jpg,Fake,Fake,0.981934,QF50,50
F01378,fake_26724.jpg,Fake,Fake,1.0,QF50,50
F04404,fake_65528.jpg,Fake,Fake,0.991211,QF50,50
F00708,fake_19167.jpg,Fake,Fake,0.962402,QF50,50
F01871,fake_32629.jpg,Fake,Fake,1.0,QF50,50
F00695,fake_19025.jpg,Fake,Fake,1.0,QF50,50
F02107,fake_35591.jpg,Fake,Fake,0.993164,QF50,50
F03232,fake_50969.jpg,Fake,Fake,1.0,QF50,50
F03674,fake_56525.jpg,Fake,Fake,1.0,QF50,50
F01311,fake_25843.jpg,Fake,Fake,1.0,QF50,50
F01535,fake_285.jpg,Fake,Fake,0.996094,QF50,50
F02044,fake_34746.jpg,Fake,Fake,0.999512,QF50,50
F01270,fake_25341.jpg,Fake,Fake,1.0,QF50,50
F01229,fake_24895.jpg,Fake,Real,0.30127,QF50,50
F03716,fake_57169.jpg,Fake,Fake,1.0,QF50,50
F00798,fake_20198.jpg,Fake,Fake,0.816895,QF50,50
F04837,fake_7800.jpg,Fake,Fake,0.991699,QF50,50
F04528,fake_6703.jpg,Fake,Fake,1.0,QF50,50
F02194,fake_3689.jpg,Fake,Fake,0.995605,QF50,50
F04203,fake_63095.jpg,Fake,Fake,0.996582,QF50,50
F01904,fake_32954.jpg,Fake,Fake,1.0,QF50,50
F02313,fake_38739.jpg,Fake,Fake,1.0,QF50,50
F03587,fake_554.jpg,Fake,Fake,1.0,QF50,50
F01604,fake_29442.jpg,Fake,Fake,0.986816,QF50,50
F01555,fake_28876.jpg,Fake,Fake,1.0,QF50,50
F00018,fake_10253.jpg,Fake,Fake,0.998535,QF50,50
F00141,fake_11608.jpg,Fake,Fake,1.0,QF50,50
F02270,fake_38115.jpg,Fake,Fake,1.0,QF50,50
F03764,fake_57782.jpg,Fake,Fake,0.983398,QF50,50
F03695,fake_56791.jpg,Fake,Fake,0.999512,QF50,50
F04042,fake_61126.jpg,Fake,Fake,0.980957,QF50,50
F02423,fake_40420.jpg,Fake,Fake,1.0,QF50,50
F04682,fake_68736.jpg,Fake,Fake,0.995605,QF50,50
F01176,fake_24395.jpg,Fake,Fake,0.999512,QF50,50
F01796,fake_3171.jpg,Fake,Fake,0.990234,QF50,50
F00282,fake_13451.jpg,Fake,Fake,1.0,QF50,50
F03634,fake_5608.jpg,Fake,Fake,1.0,QF50,50
F01369,fake_26614.jpg,Fake,Fake,1.0,QF50,50
F01698,fake_30642.jpg,Fake,Fake,1.0,QF50,50
F00307,fake_13786.jpg,Fake,Fake,1.0,QF50,50
F04427,fake_65863.jpg,Fake,Fake,1.0,QF50,50
F01782,fake_31491.jpg,Fake,Fake,0.98877,QF50,50
F02654,fake_43512.jpg,Fake,Fake,0.991699,QF50,50
F02727,fake_44413.jpg,Fake,Fake,0.999512,QF50,50
F04308,fake_64349.jpg,Fake,Fake,0.994629,QF50,50
F01643,fake_30.jpg,Fake,Fake,1.0,QF50,50
F04896,fake_8653.jpg,Fake,Fake,1.0,QF50,50
F01581,fake_29178.jpg,Fake,Fake,0.882812,QF50,50
F03739,fake_57397.jpg,Fake,Fake,1.0,QF50,50
F04302,fake_64302.jpg,Fake,Fake,0.979004,QF50,50
F02300,fake_38520.jpg,Fake,Fake,0.999512,QF50,50
F04796,fake_7280.jpg,Fake,Fake,1.0,QF50,50
F03671,fake_565.jpg,Fake,Fake,1.0,QF50,50
F00390,fake_14935.jpg,Fake,Fake,1.0,QF50,50
F01004,fake_22544.jpg,Fake,Fake,0.977539,QF50,50
F03824,fake_58697.jpg,Fake,Fake,1.0,QF50,50
F03675,fake_5654.jpg,Fake,Fake,0.999023,QF50,50
F04664,fake_68555.jpg,Fake,Fake,0.998047,QF50,50
F02074,fake_35080.jpg,Fake,Fake,0.967773,QF50,50
F00960,fake_22036.jpg,Fake,Fake,1.0,QF50,50
F01429,fake_27244.jpg,Fake,Fake,1.0,QF50,50
F00681,fake_18830.jpg,Fake,Fake,0.993652,QF50,50
F00118,fake_11388.jpg,Fake,Fake,1.0,QF50,50
F00199,fake_12441.jpg,Fake,Fake,1.0,QF50,50
F03019,fake_4810.jpg,Fake,Fake,0.999023,QF50,50
F00344,fake_14329.jpg,Fake,Fake,0.831055,QF50,50
F00531,fake_16605.jpg,Fake,Fake,1.0,QF50,50
F00101,fake_11208.jpg,Fake,Fake,1.0,QF50,50
F04160,fake_62544.jpg,Fake,Fake,0.997559,QF50,50
F00419,fake_15290.jpg,Fake,Fake,0.990723,QF50,50
F02416,fake_40308.jpg,Fake,Fake,1.0,QF50,50
F00586,fake_17488.jpg,Fake,Fake,1.0,QF50,50
F01028,fake_22819.jpg,Fake,Fake,1.0,QF50,50
F01464,fake_27541.jpg,Fake,Fake,1.0,QF50,50
F02785,fake_4529.jpg,Fake,Fake,0.958008,QF50,50
F04333,fake_64666.jpg,Fake,Fake,0.924805,QF50,50
F03094,fake_49081.jpg,Fake,Fake,0.908691,QF50,50
F02390,fake_39844.jpg,Fake,Fake,1.0,QF50,50
F03243,fake_51113.jpg,Fake,Fake,0.923828,QF50,50
F00881,fake_21150.jpg,Fake,Fake,0.890625,QF50,50
F01480,fake_27751.jpg,Fake,Fake,0.986328,QF50,50
F00384,fake_14839.jpg,Fake,Fake,0.999512,QF50,50
F03942,fake_59987.jpg,Fake,Fake,0.997559,QF50,50
F01307,fake_25772.jpg,Fake,Fake,0.989746,QF50,50
F00008,fake_10114.jpg,Fake,Fake,1.0,QF50,50
F00603,fake_17671.jpg,Fake,Fake,0.905273,QF50,50
F02740,fake_44663.jpg,Fake,Fake,0.995605,QF50,50
F04438,fake_65962.jpg,Fake,Fake,0.98877,QF50,50
F04950,fake_9385.jpg,Fake,Fake,1.0,QF50,50
F03177,fake_50118.jpg,Fake,Fake,1.0,QF50,50
F04836,fake_7795.jpg,Fake,Fake,1.0,QF50,50
F04178,fake_62692.jpg,Fake,Fake,1.0,QF50,50
F01916,fake_33116.jpg,Fake,Fake,0.741699,QF50,50
F04694,fake_68876.jpg,Fake,Fake,0.856934,QF50,50
F03113,fake_49365.jpg,Fake,Fake,1.0,QF50,50
F01345,fake_26338.jpg,Fake,Fake,1.0,QF50,50
F02942,fake_47005.jpg,Fake,Fake,0.999512,QF50,50
F00362,fake_14522.jpg,Fake,Fake,1.0,QF50,50
F00604,fake_17702.jpg,Fake,Fake,0.998047,QF50,50
F02693,fake_44024.jpg,Fake,Fake,1.0,QF50,50
F02757,fake_44863.jpg,Fake,Fake,1.0,QF50,50
F01485,fake_27826.jpg,Fake,Fake,0.989258,QF50,50
F04582,fake_67670.jpg,Fake,Fake,1.0,QF50,50
F02020,fake_3444.jpg,Fake,Fake,1.0,QF50,50
F04655,fake_68450.jpg,Fake,Fake,0.837402,QF50,50
F02414,fake_40248.jpg,Fake,Fake,0.998535,QF50,50
F02488,fake_41378.jpg,Fake,Fake,0.945801,QF50,50
F04689,fake_68821.jpg,Fake,Fake,0.889648,QF50,50
F04826,fake_7622.jpg,Fake,Fake,0.996582,QF50,50
F01220,fake_24770.jpg,Fake,Fake,1.0,QF50,50
F00314,fake_13851.jpg,Fake,Fake,0.930664,QF50,50
F00830,fake_20568.jpg,Fake,Fake,0.964844,QF50,50
F01042,fake_22978.jpg,Fake,Fake,1.0,QF50,50
F03103,fake_49256.jpg,Fake,Fake,0.98877,QF50,50
F04498,fake_66596.jpg,Fake,Fake,1.0,QF50,50
F00969,fake_22134.jpg,Fake,Fake,0.790039,QF50,50
F01244,fake_25041.jpg,Fake,Fake,0.999512,QF50,50
F03782,fake_57996.jpg,Fake,Fake,1.0,QF50,50
F03093,fake_49077.jpg,Fake,Fake,0.873047,QF50,50
F01684,fake_30461.jpg,Fake,Fake,0.96875,QF50,50
F00900,fake_21426.jpg,Fake,Fake,0.99707,QF50,50
F01124,fake_2384.jpg,Fake,Fake,1.0,QF50,50
F04202,fake_63092.jpg,Fake,Fake,0.563477,QF50,50
F01453,fake_27462.jpg,Fake,Fake,0.999023,QF50,50
F03664,fake_56397.jpg,Fake,Fake,0.992188,QF50,50
F03312,fake_51974.jpg,Fake,Fake,0.98584,QF50,50
F03173,fake_50083.jpg,Fake,Fake,1.0,QF50,50
F03274,fake_51534.jpg,Fake,Fake,1.0,QF50,50
F04076,fake_61437.jpg,Fake,Fake,0.998047,QF50,50
F00478,fake_16114.jpg,Fake,Fake,1.0,QF50,50
F03197,fake_50359.jpg,Fake,Fake,0.999512,QF50,50
F04169,fake_62607.jpg,Fake,Fake,1.0,QF50,50
F01494,fake_27987.jpg,Fake,Fake,0.99707,QF50,50
F00406,fake_15165.jpg,Fake,Fake,0.991211,QF50,50
F01503,fake_28104.jpg,Fake,Fake,0.980469,QF50,50
F01550,fake_28760.jpg,Fake,Fake,1.0,QF50,50
F00558,fake_17069.jpg,Fake,Fake,0.737305,QF50,50
F04327,fake_6458.jpg,Fake,Fake,1.0,QF50,50
F01344,fake_26324.jpg,Fake,Fake,1.0,QF50,50
F04409,fake_6557.jpg,Fake,Fake,1.0,QF50,50
F02788,fake_45303.jpg,Fake,Fake,1.0,QF50,50
F01295,fake_25652.jpg,Fake,Fake,1.0,QF50,50
F02855,fake_45958.jpg,Fake,Fake,1.0,QF50,50
F03502,fake_54480.jpg,Fake,Fake,1.0,QF50,50
F02969,fake_47395.jpg,Fake,Fake,1.0,QF50,50
F03372,fake_52748.jpg,Fake,Fake,0.99707,QF50,50
F02185,fake_36737.jpg,Fake,Fake,0.958984,QF50,50
F00928,fake_2171.jpg,Fake,Fake,1.0,QF50,50
F04863,fake_8214.jpg,Fake,Fake,1.0,QF50,50
F04629,fake_68194.jpg,Fake,Fake,0.993164,QF50,50
F04667,fake_68595.jpg,Fake,Fake,0.986328,QF50,50
F04729,fake_69289.jpg,Fake,Fake,0.978516,QF50,50
F03371,fake_52727.jpg,Fake,Fake,1.0,QF50,50
F03626,fake_56032.jpg,Fake,Fake,1.0,QF50,50
F03342,fake_52415.jpg,Fake,Real,0.281006,QF50,50
F01668,fake_30210.jpg,Fake,Fake,1.0,QF50,50
F03849,fake_58940.jpg,Fake,Fake,0.999512,QF50,50
F03815,fake_58543.jpg,Fake,Fake,1.0,QF50,50
F01799,fake_31733.jpg,Fake,Real,0.323242,QF50,50
F03640,fake_56129.jpg,Fake,Fake,0.974121,QF50,50
F02280,fake_38220.jpg,Fake,Fake,0.998047,QF50,50
F04002,fake_60593.jpg,Fake,Fake,0.994141,QF50,50
F00902,fake_21474.jpg,Fake,Fake,0.839844,QF50,50
F02681,fake_43934.jpg,Fake,Fake,1.0,QF50,50
F04110,fake_61950.jpg,Fake,Fake,1.0,QF50,50
F02653,fake_43510.jpg,Fake,Fake,1.0,QF50,50
F02633,fake_43294.jpg,Fake,Fake,0.994141,QF50,50
F01724,fake_309.jpg,Fake,Fake,0.998535,QF50,50
F03411,fake_53344.jpg,Fake,Fake,0.958008,QF50,50
F00759,fake_19823.jpg,Fake,Fake,1.0,QF50,50
F00148,fake_11691.jpg,Fake,Fake,1.0,QF50,50
F01162,fake_24240.jpg,Fake,Fake,1.0,QF50,50
F02454,fake_40815.jpg,Fake,Fake,1.0,QF50,50
F03758,fake_57679.jpg,Fake,Fake,0.999512,QF50,50
F02712,fake_44275.jpg,Fake,Fake,0.999512,QF50,50
F01509,fake_28167.jpg,Fake,Fake,1.0,QF50,50
F01143,fake_24006.jpg,Fake,Fake,0.999512,QF50,50
F02256,fake_37898.jpg,Fake,Fake,0.993652,QF50,50
F00242,fake_12939.jpg,Fake,Fake,1.0,QF50,50
F01045,fake_22992.jpg,Fake,Fake,0.998047,QF50,50
F04301,fake_64289.jpg,Fake,Fake,1.0,QF50,50
F01914,fake_33079.jpg,Fake,Fake,0.66748,QF50,50
F04387,fake_65351.jpg,Fake,Fake,1.0,QF50,50
F01473,fake_27611.jpg,Fake,Fake,0.977539,QF50,50
F04832,fake_7738.jpg,Fake,Fake,1.0,QF50,50
F02389,fake_39840.jpg,Fake,Fake,0.999512,QF50,50
F02386,fake_39815.jpg,Fake,Fake,0.978027,QF50,50
F01536,fake_28521.jpg,Fake,Fake,0.996582,QF50,50
F04823,fake_7580.jpg,Fake,Fake,1.0,QF50,50
F01482,fake_27766.jpg,Fake,Fake,1.0,QF50,50
F02210,fake_37314.jpg,Fake,Fake,1.0,QF50,50
F00599,fake_17630.jpg,Fake,Fake,0.992676,QF50,50
F04869,fake_830.jpg,Fake,Fake,1.0,QF50,50
F02247,fake_37849.jpg,Fake,Fake,0.855469,QF50,50
F03425,fake_53506.jpg,Fake,Fake,0.896973,QF50,50
F00228,fake_12741.jpg,Fake,Fake,0.997559,QF50,50
F04328,fake_64588.jpg,Fake,Fake,1.0,QF50,50
F03333,fake_52320.jpg,Fake,Fake,1.0,QF50,50
F00896,fake_21392.jpg,Fake,Fake,1.0,QF50,50
F03081,fake_48850.jpg,Fake,Fake,1.0,QF50,50
F02921,fake_46832.jpg,Fake,Fake,0.598145,QF50,50
F00429,fake_15375.jpg,Fake,Fake,0.999512,QF50,50
F01180,fake_24427.jpg,Fake,Fake,1.0,QF50,50
F01626,fake_29758.jpg,Fake,Fake,1.0,QF50,50
F01760,fake_31274.jpg,Fake,Fake,0.991699,QF50,50
F04469,fake_6620.jpg,Fake,Real,0.016022,QF50,50
F02881,fake_46308.jpg,Fake,Fake,1.0,QF50,50
F04969,fake_9644.jpg,Fake,Fake,1.0,QF50,50
F03922,fake_59835.jpg,Fake,Fake,0.998535,QF50,50
F00921,fake_21632.jpg,Fake,Fake,1.0,QF50,50
F04684,fake_68760.jpg,Fake,Fake,0.958984,QF50,50
F00956,fake_22006.jpg,Fake,Fake,0.994141,QF50,50
F00319,fake_13930.jpg,Fake,Fake,0.999512,QF50,50
F00071,fake_10875.jpg,Fake,Fake,1.0,QF50,50
F01582,fake_2918.jpg,Fake,Fake,0.994629,QF50,50
F00340,fake_14241.jpg,Fake,Fake,1.0,QF50,50
F00736,fake_1952.jpg,Fake,Fake,1.0,QF50,50
F00923,fake_21645.jpg,Fake,Fake,1.0,QF50,50
F02543,fake_42199.jpg,Fake,Fake,0.999512,QF50,50
F03154,fake_49839.jpg,Fake,Fake,0.825684,QF50,50
F03688,fake_5669.jpg,Fake,Fake,0.998047,QF50,50
F00545,fake_16817.jpg,Fake,Fake,0.992188,QF50,50
F03213,fake_50555.jpg,Fake,Fake,0.961426,QF50,50
F02514,fake_41759.jpg,Fake,Fake,1.0,QF50,50
F00576,fake_17357.jpg,Fake,Fake,1.0,QF50,50
F03879,fake_59289.jpg,Fake,Fake,1.0,QF50,50
F00002,fake_10018.jpg,Fake,Fake,0.901855,QF50,50
F00323,fake_13994.jpg,Fake,Fake,0.995605,QF50,50
F01029,fake_22825.jpg,Fake,Fake,0.998047,QF50,50
F00761,fake_19847.jpg,Fake,Fake,0.999512,QF50,50
F01795,fake_31672.jpg,Fake,Fake,0.999512,QF50,50
F00836,fake_2063.jpg,Fake,Fake,1.0,QF50,50
F04092,fake_61636.jpg,Fake,Fake,1.0,QF50,50
F01526,fake_28358.jpg,Fake,Fake,1.0,QF50,50
F04949,fake_9381.jpg,Fake,Fake,1.0,QF50,50
F01099,fake_23572.jpg,Fake,Fake,1.0,QF50,50
F00513,fake_16421.jpg,Fake,Fake,1.0,QF50,50
F04946,fake_9271.jpg,Fake,Fake,0.999512,QF50,50
F03293,fake_5174.jpg,Fake,Fake,0.894043,QF50,50
F03705,fake_56977.jpg,Fake,Fake,1.0,QF50,50
F01334,fake_26223.jpg,Fake,Fake,1.0,QF50,50
F00667,fake_18567.jpg,Fake,Fake,1.0,QF50,50
F04005,fake_60622.jpg,Fake,Fake,0.967285,QF50,50
F04378,fake_65256.jpg,Fake,Fake,1.0,QF50,50
F02069,fake_35030.jpg,Fake,Fake,1.0,QF50,50
F02325,fake_38904.jpg,Fake,Fake,1.0,QF50,50
F03667,fake_56430.jpg,Fake,Fake,0.979492,QF50,50
F00683,fake_18845.jpg,Fake,Fake,1.0,QF50,50
F00293,fake_13567.jpg,Fake,Fake,0.934082,QF50,50
F01903,fake_32935.jpg,Fake,Fake,0.999512,QF50,50
F03353,fake_52540.jpg,Fake,Fake,1.0,QF50,50
F04138,fake_62331.jpg,Fake,Fake,1.0,QF50,50
F00510,fake_16405.jpg,Fake,Fake,0.638184,QF50,50
F00312,fake_13843.jpg,Fake,Fake,1.0,QF50,50
F04546,fake_67233.jpg,Fake,Fake,1.0,QF50,50
F02724,fake_44384.jpg,Fake,Fake,1.0,QF50,50
F03665,fake_56416.jpg,Fake,Fake,1.0,QF50,50
F03837,fake_5882.jpg,Fake,Fake,1.0,QF50,50
F01073,fake_23257.jpg,Fake,Fake,1.0,QF50,50
F04843,fake_7902.jpg,Fake,Fake,1.0,QF50,50
F03635,fake_56084.jpg,Fake,Fake,1.0,QF50,50
F04313,fake_64376.jpg,Fake,Real,0.023727,QF50,50
F03259,fake_51324.jpg,Fake,Fake,0.995117,QF50,50
F03389,fake_52905.jpg,Fake,Fake,0.979492,QF50,50
F04067,fake_61392.jpg,Fake,Fake,0.919434,QF50,50
F01742,fake_31114.jpg,Fake,Fake,0.999512,QF50,50
F01763,fake_31298.jpg,Fake,Fake,0.952148,QF50,50
F02807,fake_45495.jpg,Fake,Fake,1.0,QF50,50
F03817,fake_58563.jpg,Fake,Fake,0.996094,QF50,50
F01431,fake_27286.jpg,Fake,Fake,0.953125,QF50,50
F00748,fake_1972.jpg,Fake,Real,0.202271,QF50,50
F02420,fake_40354.jpg,Fake,Fake,1.0,QF50,50
F04250,fake_63631.jpg,Fake,Fake,0.999023,QF50,50
F02739,fake_44627.jpg,Fake,Fake,1.0,QF50,50
F02555,fake_42293.jpg,Fake,Fake,1.0,QF50,50
F04556,fake_67384.jpg,Fake,Fake,0.998535,QF50,50
F03164,fake_49958.jpg,Fake,Fake,0.996094,QF50,50
F04282,fake_6403.jpg,Fake,Fake,0.822266,QF50,50
F01006,fake_22556.jpg,Fake,Fake,0.999023,QF50,50
F02951,fake_47106.jpg,Fake,Fake,0.952148,QF50,50
F01417,fake_27106.jpg,Fake,Fake,0.996094,QF50,50
F00287,fake_13502.jpg,Fake,Fake,1.0,QF50,50
F04686,fake_68791.jpg,Fake,Fake,1.0,QF50,50
F02776,fake_45190.jpg,Fake,Fake,0.688477,QF50,50
F03066,fake_48713.jpg,Fake,Fake,0.693359,QF50,50
F04101,fake_61766.jpg,Fake,Fake,0.921387,QF50,50
F04735,fake_69377.jpg,Fake,Fake,0.999512,QF50,50
F02120,fake_35788.jpg,Fake,Fake,0.99707,QF50,50
F01379,fake_26729.jpg,Fake,Fake,1.0,QF50,50
F01438,fake_27353.jpg,Fake,Fake,0.995605,QF50,50
F03772,fake_57863.jpg,Fake,Fake,1.0,QF50,50
F02692,fake_44019.jpg,Fake,Fake,1.0,QF50,50
F03623,fake_56002.jpg,Fake,Fake,0.998535,QF50,50
F03768,fake_57816.jpg,Fake,Fake,0.997559,QF50,50
F03658,fake_56337.jpg,Fake,Fake,0.976074,QF50,50
F03776,fake_57926.jpg,Fake,Fake,1.0,QF50,50
F01478,fake_27719.jpg,Fake,Fake,0.991211,QF50,50
F02080,fake_3514.jpg,Fake,Fake,0.936035,QF50,50
F02837,fake_45769.jpg,Fake,Fake,0.993164,QF50,50
F01059,fake_23084.jpg,Fake,Fake,0.973633,QF50,50
F00908,fake_21492.jpg,Fake,Fake,1.0,QF50,50
F04310,fake_64369.jpg,Fake,Fake,1.0,QF50,50
F01288,fake_25559.jpg,Fake,Fake,0.999512,QF50,50
F00685,fake_1886.jpg,Fake,Fake,0.994141,QF50,50
F03403,fake_53220.jpg,Fake,Fake,0.990234,QF50,50
F03885,fake_59356.jpg,Fake,Fake,0.975098,QF50,50
F00931,fake_21743.jpg,Fake,Fake,1.0,QF50,50
F00470,fake_16007.jpg,Fake,Fake,0.999512,QF50,50
F04700,fake_68915.jpg,Fake,Fake,0.998535,QF50,50
F01310,fake_25838.jpg,Fake,Fake,1.0,QF50,50
F00345,fake_1433.jpg,Fake,Fake,1.0,QF50,50
F01022,fake_22738.jpg,Fake,Fake,1.0,QF50,50
F00654,fake_18337.jpg,Fake,Fake,0.999023,QF50,50
F03198,fake_50364.jpg,Fake,Fake,0.993652,QF50,50
F03793,fake_5820.jpg,Fake,Fake,1.0,QF50,50
F04680,fake_68724.jpg,Fake,Fake,0.652832,QF50,50
F04339,fake_64727.jpg,Fake,Fake,0.99707,QF50,50
F03789,fake_58078.jpg,Fake,Fake,1.0,QF50,50
F02784,fake_45280.jpg,Fake,Fake,0.779297,QF50,50
F02985,fake_47568.jpg,Fake,Fake,0.999512,QF50,50
F04973,fake_9692.jpg,Fake,Fake,1.0,QF50,50
F02340,fake_3911.jpg,Fake,Fake,0.999023,QF50,50
F03571,fake_55295.jpg,Fake,Fake,1.0,QF50,50
F02397,fake_39982.jpg,Fake,Fake,0.998047,QF50,50
F01706,fake_30715.jpg,Fake,Fake,0.983887,QF50,50
F02795,fake_45352.jpg,Fake,Fake,1.0,QF50,50
F02014,fake_34354.jpg,Fake,Fake,0.936523,QF50,50
F03955,fake_60109.jpg,Fake,Fake,0.998535,QF50,50
F03627,fake_56039.jpg,Fake,Fake,1.0,QF50,50
F02465,fake_41.jpg,Fake,Fake,1.0,QF50,50
F02031,fake_34565.jpg,Fake,Fake,0.791992,QF50,50
F00982,fake_22311.jpg,Fake,Fake,0.999512,QF50,50
F04947,fake_9296.jpg,Fake,Fake,1.0,QF50,50
F00769,fake_19914.jpg,Fake,Real,0.101074,QF50,50
F04458,fake_66129.jpg,Fake,Fake,1.0,QF50,50
F00064,fake_10811.jpg,Fake,Fake,1.0,QF50,50
F02759,fake_44883.jpg,Fake,Fake,0.997559,QF50,50
F00935,fake_2179.jpg,Fake,Fake,0.999512,QF50,50
F03718,fake_57190.jpg,Fake,Fake,1.0,QF50,50
F01894,fake_32855.jpg,Fake,Fake,0.998047,QF50,50
F01739,fake_31090.jpg,Fake,Fake,1.0,QF50,50
F04099,fake_61744.jpg,Fake,Fake,1.0,QF50,50
F04029,fake_60933.jpg,Fake,Fake,0.996094,QF50,50
F00856,fake_20886.jpg,Fake,Fake,0.96875,QF50,50
F04933,fake_9153.jpg,Fake,Fake,0.989258,QF50,50
F04004,fake_60616.jpg,Fake,Fake,1.0,QF50,50
F03370,fake_5269.jpg,Fake,Fake,0.999023,QF50,50
F00458,fake_15781.jpg,Fake,Real,0.292725,QF50,50
F01753,fake_31206.jpg,Fake,Fake,0.999023,QF50,50
F03905,fake_59663.jpg,Fake,Fake,0.996582,QF50,50
F01759,fake_31262.jpg,Fake,Fake,1.0,QF50,50
F02670,fake_43801.jpg,Fake,Fake,1.0,QF50,50
F04078,fake_61444.jpg,Fake,Fake,1.0,QF50,50
F00897,fake_21407.jpg,Fake,Fake,0.998535,QF50,50
F00012,fake_10182.jpg,Fake,Fake,1.0,QF50,50
F04676,fake_68700.jpg,Fake,Fake,0.999512,QF50,50
F04965,fake_9578.jpg,Fake,Fake,1.0,QF50,50
F03550,fake_55071.jpg,Fake,Fake,0.709473,QF50,50
F01520,fake_28287.jpg,Fake,Fake,1.0,QF50,50
F00418,fake_15274.jpg,Fake,Fake,1.0,QF50,50
F04465,fake_66177.jpg,Fake,Fake,0.958008,QF50,50
F03965,fake_60231.jpg,Fake,Real,0.169312,QF50,50
F00848,fake_20744.jpg,Fake,Fake,1.0,QF50,50
F03808,fake_58448.jpg,Fake,Fake,0.938477,QF50,50
F00110,fake_11279.jpg,Fake,Fake,1.0,QF50,50
F04102,fake_6178.jpg,Fake,Fake,1.0,QF50,50
F00277,fake_13425.jpg,Fake,Fake,0.999512,QF50,50
F03335,fake_52351.jpg,Fake,Fake,1.0,QF50,50
F02506,fake_41643.jpg,Fake,Fake,1.0,QF50,50
F04048,fake_61160.jpg,Fake,Fake,0.974121,QF50,50
F02762,fake_44958.jpg,Fake,Fake,1.0,QF50,50
F04075,fake_61436.jpg,Fake,Fake,0.565918,QF50,50
F02170,fake_36531.jpg,Fake,Fake,1.0,QF50,50
F02977,fake_47482.jpg,Fake,Fake,1.0,QF50,50
F00878,fake_21120.jpg,Fake,Fake,0.999512,QF50,50
F04570,fake_67545.jpg,Fake,Fake,0.656738,QF50,50
F02391,fake_39850.jpg,Fake,Fake,0.992676,QF50,50
F02923,fake_46857.jpg,Fake,Fake,1.0,QF50,50
F02180,fake_36644.jpg,Fake,Fake,0.998535,QF50,50
F01217,fake_24722.jpg,Fake,Fake,1.0,QF50,50
F04638,fake_68274.jpg,Fake,Fake,0.996094,QF50,50
F02806,fake_45492.jpg,Fake,Fake,1.0,QF50,50
F01927,fake_3334.jpg,Fake,Fake,1.0,QF50,50
F00416,fake_15262.jpg,Fake,Real,1.2e-05,QF50,50
F02353,fake_39290.jpg,Fake,Fake,0.999512,QF50,50
F04312,fake_64374.jpg,Fake,Fake,0.999512,QF50,50
F03430,fake_53561.jpg,Fake,Real,0.356445,QF50,50
F03832,fake_58752.jpg,Fake,Fake,0.996582,QF50,50
F01713,fake_30771.jpg,Fake,Fake,0.998535,QF50,50
F01912,fake_33066.jpg,Fake,Fake,0.897949,QF50,50
F04335,fake_64678.jpg,Fake,Fake,1.0,QF50,50
F01123,fake_23838.jpg,Fake,Fake,1.0,QF50,50
F02922,fake_46855.jpg,Fake,Fake,1.0,QF50,50
F04516,fake_66872.jpg,Fake,Fake,0.98584,QF50,50
F01654,fake_30106.jpg,Fake,Fake,1.0,QF50,50
F03076,fake_48833.jpg,Fake,Fake,0.783691,QF50,50
F00662,fake_18460.jpg,Fake,Fake,0.999512,QF50,50
F03339,fake_52375.jpg,Fake,Fake,1.0,QF50,50
F02122,fake_35815.jpg,Fake,Fake,1.0,QF50,50
F02957,fake_47237.jpg,Fake,Fake,0.999023,QF50,50
F00144,fake_11646.jpg,Fake,Fake,1.0,QF50,50
F02026,fake_34508.jpg,Fake,Fake,1.0,QF50,50
F04521,fake_66935.jpg,Fake,Fake,0.996094,QF50,50
F03914,fake_59750.jpg,Fake,Fake,1.0,QF50,50
F01002,fake_22540.jpg,Fake,Fake,1.0,QF50,50
F01842,fake_32276.jpg,Fake,Fake,0.995605,QF50,50
F00633,fake_18012.jpg,Fake,Fake,0.995605,QF50,50
F00517,fake_16447.jpg,Fake,Fake,1.0,QF50,50
F00779,fake_2000.jpg,Fake,Fake,0.998535,QF50,50
F00284,fake_13483.jpg,Fake,Fake,0.998535,QF50,50
F03297,fake_51807.jpg,Fake,Fake,0.998047,QF50,50
F03570,fake_55291.jpg,Fake,Fake,0.996582,QF50,50
F00454,fake_15738.jpg,Fake,Fake,1.0,QF50,50
F00487,fake_16185.jpg,Fake,Real,0.139893,QF50,50
F03727,fake_57261.jpg,Fake,Fake,1.0,QF50,50
F00673,fake_18671.jpg,Fake,Fake,0.983398,QF50,50
F04234,fake_63488.jpg,Fake,Fake,1.0,QF50,50
F01736,fake_31046.jpg,Fake,Fake,1.0,QF50,50
F03941,fake_59985.jpg,Fake,Fake,1.0,QF50,50
F00641,fake_18167.jpg,Fake,Fake,0.913574,QF50,50
F03572,fake_5530.jpg,Fake,Fake,1.0,QF50,50
F00803,fake_2028.jpg,Fake,Fake,1.0,QF50,50
F01296,fake_25653.jpg,Fake,Fake,1.0,QF50,50
F00616,fake_17797.jpg,Fake,Fake,0.997559,QF50,50
F02929,fake_4693.jpg,Fake,Real,0.376221,QF50,50
F00078,fake_10950.jpg,Fake,Fake,1.0,QF50,50
F02105,fake_35575.jpg,Fake,Fake,0.993652,QF50,50
F04066,fake_61358.jpg,Fake,Fake,1.0,QF50,50
F04867,fake_8294.jpg,Fake,Fake,0.943359,QF50,50
F03996,fake_60531.jpg,Fake,Fake,0.984863,QF50,50
F00389,fake_14927.jpg,Fake,Fake,1.0,QF50,50
F03299,fake_5182.jpg,Fake,Fake,0.905762,QF50,50
F00032,fake_10481.jpg,Fake,Fake,1.0,QF50,50
F02225,fake_37497.jpg,Fake,Fake,0.993652,QF50,50
F04786,fake_706.jpg,Fake,Fake,1.0,QF50,50
F00396,fake_15030.jpg,Fake,Fake,0.999023,QF50,50
F01137,fake_23959.jpg,Fake,Fake,0.999023,QF50,50
F02401,fake_40018.jpg,Fake,Fake,0.999512,QF50,50
F03827,fake_58712.jpg,Fake,Fake,1.0,QF50,50
F01171,fake_24340.jpg,Fake,Fake,1.0,QF50,50
F03798,fake_58281.jpg,Fake,Fake,0.995605,QF50,50
F02531,fake_41972.jpg,Fake,Fake,1.0,QF50,50
F00937,fake_2180.jpg,Fake,Fake,0.997559,QF50,50
F03544,fake_55018.jpg,Fake,Fake,0.873047,QF50,50
F02450,fake_40748.jpg,Fake,Fake,0.936523,QF50,50
F04744,fake_69437.jpg,Fake,Fake,1.0,QF50,50
F04349,fake_64830.jpg,Fake,Fake,1.0,QF50,50
F04174,fake_6264.jpg,Fake,Fake,1.0,QF50,50
F01116,fake_23780.jpg,Fake,Fake,1.0,QF50,50
F02431,fake_4055.jpg,Fake,Fake,0.995117,QF50,50
F04490,fake_66503.jpg,Fake,Fake,0.957031,QF50,50
F04757,fake_6956.jpg,Fake,Fake,0.996582,QF50,50
F00527,fake_16588.jpg,Fake,Fake,1.0,QF50,50
F03858,fake_59041.jpg,Fake,Fake,1.0,QF50,50
F04727,fake_69260.jpg,Fake,Real,0.247437,QF50,50
F03345,fake_52489.jpg,Fake,Fake,0.810547,QF50,50
F04974,fake_9717.jpg,Fake,Fake,1.0,QF50,50
F03593,fake_55482.jpg,Fake,Fake,0.997559,QF50,50
F03537,fake_54960.jpg,Fake,Fake,0.999512,QF50,50
F01715,fake_3078.jpg,Fake,Fake,0.907227,QF50,50
F04470,fake_66210.jpg,Fake,Fake,0.842285,QF50,50
F01063,fake_23121.jpg,Fake,Fake,0.999512,QF50,50
F04013,fake_60735.jpg,Fake,Fake,1.0,QF50,50
F02378,fake_39658.jpg,Fake,Fake,1.0,QF50,50
F04416,fake_65740.jpg,Fake,Fake,1.0,QF50,50
F00432,fake_15395.jpg,Fake,Fake,0.998535,QF50,50
F04038,fake_61021.jpg,Fake,Fake,0.999512,QF50,50
F04918,fake_8960.jpg,Fake,Fake,1.0,QF50,50
F04261,fake_63727.jpg,Fake,Fake,1.0,QF50,50
F00425,fake_15358.jpg,Fake,Fake,0.938477,QF50,50
F03140,fake_4963.jpg,Fake,Fake,1.0,QF50,50
F01044,fake_2299.jpg,Fake,Fake,1.0,QF50,50
F03752,fake_57551.jpg,Fake,Fake,1.0,QF50,50
F02330,fake_38937.jpg,Fake,Fake,1.0,QF50,50
F00518,fake_16460.jpg,Fake,Fake,1.0,QF50,50
F03874,fake_59223.jpg,Fake,Fake,0.636719,QF50,50
F03015,fake_48053.jpg,Fake,Fake,1.0,QF50,50
F00710,fake_19186.jpg,Fake,Fake,0.996582,QF50,50
F02663,fake_43620.jpg,Fake,Fake,0.999023,QF50,50
F03474,fake_54146.jpg,Fake,Fake,0.988281,QF50,50
F04909,fake_8858.jpg,Fake,Fake,1.0,QF50,50
F02729,fake_4443.jpg,Fake,Fake,0.708008,QF50,50
F00659,fake_1840.jpg,Fake,Fake,1.0,QF50,50
F02408,fake_40140.jpg,Fake,Fake,0.998047,QF50,50
F04411,fake_65617.jpg,Fake,Fake,1.0,QF50,50
F02136,fake_35961.jpg,Fake,Fake,1.0,QF50,50
F03138,fake_4962.jpg,Fake,Fake,0.603027,QF50,50
F01251,fake_25081.jpg,Fake,Fake,1.0,QF50,50
F03743,fake_57427.jpg,Fake,Fake,0.964355,QF50,50
F02012,fake_34324.jpg,Fake,Fake,1.0,QF50,50
F04996,fake_9939.jpg,Fake,Fake,0.986816,QF50,50
F04421,fake_65826.jpg,Fake,Fake,0.993652,QF50,50
F01773,fake_31370.jpg,Fake,Fake,0.999512,QF50,50
F02779,fake_45202.jpg,Fake,Fake,1.0,QF50,50
F02678,fake_43859.jpg,Fake,Fake,1.0,QF50,50
F03219,fake_50686.jpg,Fake,Fake,1.0,QF50,50
F01605,fake_2946.jpg,Fake,Fake,0.998535,QF50,50
F04487,fake_66461.jpg,Fake,Fake,0.93457,QF50,50
F03390,fake_52912.jpg,Fake,Fake,0.998047,QF50,50
F02595,fake_42806.jpg,Fake,Fake,1.0,QF50,50
F03288,fake_51676.jpg,Fake,Fake,0.661621,QF50,50
F04990,fake_9866.jpg,Fake,Fake,1.0,QF50,50
F02771,fake_45086.jpg,Fake,Fake,1.0,QF50,50
F02349,fake_39207.jpg,Fake,Fake,1.0,QF50,50
F00938,fake_21814.jpg,Fake,Fake,0.980469,QF50,50
F02269,fake_38102.jpg,Fake,Fake,0.963867,QF50,50
F02057,fake_34897.jpg,Fake,Fake,1.0,QF50,50
F04009,fake_60668.jpg,Fake,Fake,1.0,QF50,50
F00528,fake_16589.jpg,Fake,Real,0.308594,QF50,50
F03402,fake_53173.jpg,Fake,Fake,0.995117,QF50,50
F04968,fake_9627.jpg,Fake,Fake,0.999512,QF50,50
F02892,fake_4641.jpg,Fake,Fake,0.994629,QF50,50
F02894,fake_46436.jpg,Fake,Fake,0.999512,QF50,50
F01933,fake_3342.jpg,Fake,Fake,0.99707,QF50,50
F04972,fake_9671.jpg,Fake,Fake,1.0,QF50,50
F04948,fake_9319.jpg,Fake,Fake,0.994141,QF50,50
F03358,fake_52607.jpg,Fake,Fake,0.997559,QF50,50
F02445,fake_40701.jpg,Fake,Fake,1.0,QF50,50
F04575,fake_67607.jpg,Fake,Fake,0.999512,QF50,50
F01506,fake_2813.jpg,Fake,Fake,1.0,QF50,50
F04342,fake_64758.jpg,Fake,Fake,0.938477,QF50,50
F01087,fake_23440.jpg,Fake,Fake,1.0,QF50,50
F03577,fake_55346.jpg,Fake,Fake,1.0,QF50,50
F00033,fake_10483.jpg,Fake,Fake,0.991699,QF50,50
F04922,fake_8986.jpg,Fake,Fake,1.0,QF50,50
F02860,fake_46.jpg,Fake,Fake,1.0,QF50,50
F03492,fake_54325.jpg,Fake,Fake,0.845703,QF50,50
F04344,fake_64762.jpg,Fake,Fake,0.95752,QF50,50
F02838,fake_45771.jpg,Fake,Fake,1.0,QF50,50
F01505,fake_28127.jpg,Fake,Real,0.006798,QF50,50
F03089,fake_49060.jpg,Fake,Fake,0.999512,QF50,50
F00990,fake_2241.jpg,Fake,Fake,1.0,QF50,50
F01956,fake_33656.jpg,Fake,Fake,0.994141,QF50,50
F03002,fake_47798.jpg,Fake,Fake,1.0,QF50,50
F01078,fake_23313.jpg,Fake,Fake,0.96582,QF50,50
F01258,fake_252.jpg,Fake,Fake,0.986328,QF50,50
F00506,fake_16370.jpg,Fake,Fake,0.991699,QF50,50
F04147,fake_62400.jpg,Fake,Fake,1.0,QF50,50
F02793,fake_45343.jpg,Fake,Fake,1.0,QF50,50
F02669,fake_43718.jpg,Fake,Fake,1.0,QF50,50
F03334,fake_52337.jpg,Fake,Fake,0.96875,QF50,50
F00816,fake_20380.jpg,Fake,Fake,1.0,QF50,50
F03354,fake_52550.jpg,Fake,Fake,1.0,QF50,50
F03211,fake_50531.jpg,Fake,Fake,1.0,QF50,50
F02327,fake_38926.jpg,Fake,Fake,1.0,QF50,50
F03071,fake_48772.jpg,Fake,Fake,0.999512,QF50,50
F02260,fake_3797.jpg,Fake,Fake,0.730469,QF50,50
F00213,fake_12570.jpg,Fake,Fake,1.0,QF50,50
F02002,fake_34227.jpg,Fake,Fake,0.988281,QF50,50
F03754,fake_57633.jpg,Fake,Fake,0.909668,QF50,50
F03660,fake_56352.jpg,Fake,Real,0.000257,QF50,50
F02518,fake_41777.jpg,Fake,Fake,1.0,QF50,50
F01935,fake_33432.jpg,Fake,Fake,0.998535,QF50,50
F04704,fake_68961.jpg,Fake,Fake,0.960938,QF50,50
F04493,fake_66534.jpg,Fake,Fake,0.898438,QF50,50
F01443,fake_27389.jpg,Fake,Fake,1.0,QF50,50
F01675,fake_30310.jpg,Fake,Fake,1.0,QF50,50
F04539,fake_67156.jpg,Fake,Fake,1.0,QF50,50
F01418,fake_2711.jpg,Fake,Real,0.029541,QF50,50
F02444,fake_40695.jpg,Fake,Fake,1.0,QF50,50
F04504,fake_66709.jpg,Fake,Fake,1.0,QF50,50
F00449,fake_1564.jpg,Fake,Fake,0.998535,QF50,50
F01785,fake_31545.jpg,Fake,Fake,0.999023,QF50,50
F04722,fake_69226.jpg,Fake,Fake,0.998535,QF50,50
F04871,fake_8306.jpg,Fake,Fake,0.989258,QF50,50
F04399,fake_65505.jpg,Fake,Fake,0.947754,QF50,50
F00166,fake_11933.jpg,Fake,Fake,1.0,QF50,50
F00842,fake_20677.jpg,Fake,Fake,1.0,QF50,50
F00916,fake_21565.jpg,Fake,Fake,1.0,QF50,50
F04614,fake_68003.jpg,Fake,Fake,0.995605,QF50,50
F02745,fake_44717.jpg,Fake,Fake,1.0,QF50,50
F01771,fake_31330.jpg,Fake,Fake,0.976562,QF50,50
F02613,fake_43091.jpg,Fake,Fake,1.0,QF50,50
F04219,fake_63361.jpg,Fake,Fake,1.0,QF50,50
F03784,fake_58018.jpg,Fake,Fake,1.0,QF50,50
F04289,fake_64116.jpg,Fake,Fake,1.0,QF50,50
F04159,fake_62522.jpg,Fake,Fake,0.999023,QF50,50
F02117,fake_3576.jpg,Fake,Fake,0.991699,QF50,50
F03518,fake_5464.jpg,Fake,Fake,0.98877,QF50,50
F01557,fake_2890.jpg,Fake,Fake,0.921387,QF50,50
F04604,fake_67923.jpg,Fake,Fake,0.793457,QF50,50
F00020,fake_10285.jpg,Fake,Fake,1.0,QF50,50
F04978,fake_9770.jpg,Fake,Fake,0.993164,QF50,50
F02914,fake_46752.jpg,Fake,Fake,1.0,QF50,50
F00238,fake_12912.jpg,Fake,Fake,0.987793,QF50,50
F03045,fake_48450.jpg,Fake,Fake,1.0,QF50,50
F04833,fake_7739.jpg,Fake,Fake,1.0,QF50,50
F01974,fake_33851.jpg,Fake,Fake,1.0,QF50,50
F04353,fake_64881.jpg,Fake,Fake,0.999512,QF50,50
F00498,fake_16264.jpg,Fake,Fake,1.0,QF50,50
F04241,fake_63558.jpg,Fake,Real,0.293213,QF50,50
F03127,fake_49511.jpg,Fake,Fake,1.0,QF50,50
F00038,fake_10507.jpg,Fake,Fake,1.0,QF50,50
F04260,fake_63723.jpg,Fake,Fake,0.998535,QF50,50
F03296,fake_51793.jpg,Fake,Fake,0.941406,QF50,50
F01222,fake_24807.jpg,Fake,Fake,1.0,QF50,50
F01877,fake_32670.jpg,Fake,Real,0.409912,QF50,50
F02229,fake_37569.jpg,Fake,Fake,1.0,QF50,50
F03145,fake_49756.jpg,Fake,Fake,0.996094,QF50,50
F00827,fake_2053.jpg,Fake,Fake,1.0,QF50,50
F01343,fake_26301.jpg,Fake,Fake,1.0,QF50,50
F00106,fake_11248.jpg,Fake,Fake,0.995605,QF50,50
F01590,fake_29262.jpg,Fake,Fake,1.0,QF50,50
F01332,fake_26193.jpg,Fake,Fake,0.940918,QF50,50
F00053,fake_10682.jpg,Fake,Fake,1.0,QF50,50
F02168,fake_36486.jpg,Fake,Fake,0.998535,QF50,50
F00584,fake_17455.jpg,Fake,Fake,1.0,QF50,50
F01484,fake_27822.jpg,Fake,Fake,1.0,QF50,50
F04326,fake_64555.jpg,Fake,Fake,0.999023,QF50,50
F02028,fake_34547.jpg,Fake,Fake,0.945312,QF50,50
F00749,fake_19730.jpg,Fake,Fake,1.0,QF50,50
F02680,fake_43896.jpg,Fake,Fake,0.996582,QF50,50
F03501,fake_54471.jpg,Fake,Fake,0.976074,QF50,50
F02413,fake_40229.jpg,Fake,Fake,1.0,QF50,50
F03771,fake_57855.jpg,Fake,Fake,1.0,QF50,50
F01671,fake_3024.jpg,Fake,Fake,1.0,QF50,50
F02871,fake_4616.jpg,Fake,Fake,1.0,QF50,50
F00171,fake_12046.jpg,Fake,Fake,1.0,QF50,50
F01613,fake_29592.jpg,Fake,Fake,0.975098,QF50,50
F00023,fake_10360.jpg,Fake,Fake,1.0,QF50,50
F04090,fake_61606.jpg,Fake,Fake,1.0,QF50,50
F00486,fake_16180.jpg,Fake,Real,0.17627,QF50,50
F03753,fake_57581.jpg,Fake,Fake,1.0,QF50,50
F02271,fake_3813.jpg,Fake,Fake,1.0,QF50,50
F01945,fake_33531.jpg,Fake,Fake,1.0,QF50,50
F01635,fake_29850.jpg,Fake,Fake,0.704102,QF50,50
F04218,fake_63327.jpg,Fake,Fake,1.0,QF50,50
F03128,fake_49526.jpg,Fake,Fake,0.998047,QF50,50
F01202,fake_24620.jpg,Fake,Fake,0.510742,QF50,50
F01702,fake_3068.jpg,Fake,Fake,1.0,QF50,50
F03462,fake_54014.jpg,Fake,Fake,1.0,QF50,50
F00666,fake_18497.jpg,Fake,Fake,0.996582,QF50,50
F00149,fake_11692.jpg,Fake,Fake,0.99707,QF50,50
F03317,fake_52060.jpg,Fake,Fake,0.994141,QF50,50
F03429,fake_53552.jpg,Fake,Fake,0.997559,QF50,50
F03867,fake_59170.jpg,Fake,Fake,1.0,QF50,50
F00028,fake_10420.jpg,Fake,Fake,0.999512,QF50,50
F00193,fake_1233.jpg,Fake,Fake,1.0,QF50,50
F00746,fake_19699.jpg,Fake,Fake,1.0,QF50,50
F03657,fake_56332.jpg,Fake,Fake,0.766113,QF50,50
F04211,fake_63249.jpg,Fake,Fake,1.0,QF50,50
F03206,fake_50468.jpg,Fake,Fake,0.997559,QF50,50
F04824,fake_7594.jpg,Fake,Fake,1.0,QF50,50
F04176,fake_62663.jpg,Fake,Fake,1.0,QF50,50
F00090,fake_11116.jpg,Fake,Fake,1.0,QF50,50
F04475,fake_66281.jpg,Fake,Fake,0.998535,QF50,50
F04336,fake_64692.jpg,Fake,Fake,0.999512,QF50,50
F04811,fake_7472.jpg,Fake,Fake,0.997559,QF50,50
F01920,fake_33203.jpg,Fake,Fake,0.999512,QF50,50
F00989,fake_22409.jpg,Fake,Fake,0.907715,QF50,50
F01665,fake_30192.jpg,Fake,Fake,1.0,QF50,50
F02677,fake_43854.jpg,Fake,Fake,1.0,QF50,50
F04324,fake_64547.jpg,Fake,Fake,0.898438,QF50,50
F03102,fake_49247.jpg,Fake,Fake,1.0,QF50,50
F04403,fake_65525.jpg,Fake,Fake,0.995117,QF50,50
F02298,fake_38493.jpg,Fake,Fake,1.0,QF50,50
F03847,fake_5891.jpg,Fake,Fake,0.995605,QF50,50
F03850,fake_58946.jpg,Fake,Fake,1.0,QF50,50
F03694,fake_56789.jpg,Fake,Fake,0.998535,QF50,50
F00872,fake_21035.jpg,Fake,Fake,1.0,QF50,50
F04553,fake_67355.jpg,Fake,Fake,1.0,QF50,50
F01855,fake_32394.jpg,Fake,Fake,1.0,QF50,50
F02318,fake_38846.jpg,Fake,Fake,0.999512,QF50,50
F04284,fake_64069.jpg,Fake,Fake,1.0,QF50,50
F01303,fake_25747.jpg,Fake,Fake,1.0,QF50,50
F03870,fake_59184.jpg,Fake,Fake,0.999023,QF50,50
F00548,fake_1690.jpg,Fake,Fake,1.0,QF50,50
F04542,fake_67199.jpg,Fake,Fake,1.0,QF50,50
F03730,fake_57294.jpg,Fake,Fake,0.999023,QF50,50
F01756,fake_31220.jpg,Fake,Fake,1.0,QF50,50
F03797,fake_58249.jpg,Fake,Real,0.000636,QF50,50
F01299,fake_25683.jpg,Fake,Fake,0.992676,QF50,50
F00081,fake_10992.jpg,Fake,Fake,0.99707,QF50,50
F03001,fake_47777.jpg,Fake,Fake,0.998535,QF50,50
F03471,fake_54110.jpg,Fake,Fake,0.998535,QF50,50
F00192,fake_12326.jpg,Fake,Fake,0.999512,QF50,50
F03040,fake_48370.jpg,Fake,Fake,1.0,QF50,50
F03729,fake_57284.jpg,Fake,Fake,0.998535,QF50,50
F01544,fake_28660.jpg,Fake,Fake,1.0,QF50,50
F03910,fake_5969.jpg,Fake,Fake,1.0,QF50,50
F01909,fake_33010.jpg,Fake,Fake,1.0,QF50,50
F02114,fake_357.jpg,Fake,Fake,1.0,QF50,50
F04892,fake_8570.jpg,Fake,Fake,1.0,QF50,50
F02874,fake_4623.jpg,Fake,Fake,0.998535,QF50,50
F00305,fake_1378.jpg,Fake,Fake,0.999512,QF50,50
F04541,fake_67183.jpg,Fake,Fake,1.0,QF50,50
F04060,fake_61280.jpg,Fake,Fake,1.0,QF50,50
F03441,fake_53694.jpg,Fake,Fake,1.0,QF50,50
F00763,fake_1986.jpg,Fake,Fake,1.0,QF50,50
F02406,fake_40108.jpg,Fake,Fake,1.0,QF50,50
F03044,fake_48439.jpg,Fake,Fake,1.0,QF50,50
F01015,fake_22685.jpg,Fake,Fake,1.0,QF50,50
F00474,fake_16081.jpg,Fake,Fake,0.994141,QF50,50
F00678,fake_1877.jpg,Fake,Fake,0.998535,QF50,50
F00117,fake_11365.jpg,Fake,Fake,0.999512,QF50,50
F02831,fake_45711.jpg,Fake,Fake,1.0,QF50,50
F01551,fake_28777.jpg,Fake,Fake,1.0,QF50,50
F02222,fake_37468.jpg,Fake,Fake,0.999023,QF50,50
F04754,fake_69542.jpg,Fake,Fake,1.0,QF50,50
F00261,fake_13265.jpg,Fake,Fake,1.0,QF50,50
F00364,fake_14607.jpg,Fake,Fake,1.0,QF50,50
F03362,fake_5263.jpg,Fake,Fake,0.996094,QF50,50
F00767,fake_19903.jpg,Fake,Fake,0.947754,QF50,50
F04792,fake_7198.jpg,Fake,Fake,1.0,QF50,50
F00677,fake_18726.jpg,Fake,Fake,0.881348,QF50,50
F03646,fake_56167.jpg,Fake,Fake,0.786133,QF50,50
F03082,fake_48859.jpg,Fake,Fake,1.0,QF50,50
F02938,fake_46990.jpg,Fake,Fake,1.0,QF50,50
F02346,fake_39184.jpg,Fake,Fake,1.0,QF50,50
F03542,fake_550.jpg,Fake,Fake,0.978027,QF50,50
F00111,fake_11282.jpg,Fake,Fake,1.0,QF50,50
F03490,fake_54312.jpg,Fake,Fake,0.958496,QF50,50
F04806,fake_7426.jpg,Fake,Fake,1.0,QF50,50
F01681,fake_30440.jpg,Fake,Fake,0.998047,QF50,50
F00565,fake_17156.jpg,Fake,Fake,1.0,QF50,50
F02636,fake_43317.jpg,Fake,Fake,0.98291,QF50,50
F04506,fake_66752.jpg,Fake,Fake,1.0,QF50,50
F02035,fake_34662.jpg,Fake,Fake,0.986328,QF50,50
F02396,fake_39920.jpg,Fake,Fake,1.0,QF50,50
F03062,fake_48640.jpg,Fake,Fake,0.991699,QF50,50
F01814,fake_3194.jpg,Fake,Fake,0.985352,QF50,50
F00776,fake_19995.jpg,Fake,Fake,1.0,QF50,50
F01691,fake_30556.jpg,Fake,Fake,1.0,QF50,50
F01242,fake_25029.jpg,Fake,Fake,0.998535,QF50,50
F04802,fake_7342.jpg,Fake,Fake,0.999512,QF50,50
F02747,fake_44746.jpg,Fake,Fake,0.999512,QF50,50
F00490,fake_16193.jpg,Fake,Fake,1.0,QF50,50
F00082,fake_10997.jpg,Fake,Fake,1.0,QF50,50
F03507,fake_54524.jpg,Fake,Fake,0.999023,QF50,50
F03205,fake_50447.jpg,Fake,Fake,1.0,QF50,50
F03549,fake_55069.jpg,Fake,Fake,0.998047,QF50,50
F00086,fake_11074.jpg,Fake,Fake,1.0,QF50,50
F04561,fake_67410.jpg,Fake,Fake,1.0,QF50,50
F04143,fake_62370.jpg,Fake,Fake,0.981934,QF50,50
F03763,fake_57721.jpg,Fake,Fake,0.999023,QF50,50
F02798,fake_45406.jpg,Fake,Fake,1.0,QF50,50
F04966,fake_9593.jpg,Fake,Fake,0.976074,QF50,50
F04904,fake_8727.jpg,Fake,Fake,1.0,QF50,50
F03184,fake_5019.jpg,Fake,Fake,0.999512,QF50,50
F04592,fake_67812.jpg,Fake,Fake,1.0,QF50,50
F02475,fake_41144.jpg,Fake,Fake,0.997559,QF50,50
F04096,fake_6168.jpg,Fake,Fake,0.999512,QF50,50
F02611,fake_4307.jpg,Fake,Fake,1.0,QF50,50
F02948,fake_47094.jpg,Fake,Fake,1.0,QF50,50
F04014,fake_60760.jpg,Fake,Fake,0.999512,QF50,50
F01254,fake_25137.jpg,Fake,Fake,0.981445,QF50,50
F04876,fake_8345.jpg,Fake,Fake,0.991211,QF50,50
F04271,fake_63899.jpg,Fake,Fake,0.907227,QF50,50
F02932,fake_46952.jpg,Fake,Fake,1.0,QF50,50
F03220,fake_50701.jpg,Fake,Fake,1.0,QF50,50
F01597,fake_29362.jpg,Fake,Fake,1.0,QF50,50
F00191,fake_12321.jpg,Fake,Fake,1.0,QF50,50
F00629,fake_17968.jpg,Fake,Fake,1.0,QF50,50
F02009,fake_34285.jpg,Fake,Fake,1.0,QF50,50
F03829,fake_58732.jpg,Fake,Real,0.00106,QF50,50
F02065,fake_34996.jpg,Fake,Fake,0.999512,QF50,50
F02638,fake_43376.jpg,Fake,Fake,1.0,QF50,50
F03318,fake_52069.jpg,Fake,Fake,0.998047,QF50,50
F04209,fake_63197.jpg,Fake,Fake,0.987793,QF50,50
F00918,fake_21588.jpg,Fake,Fake,0.993652,QF50,50
F04831,fake_7720.jpg,Fake,Fake,0.981445,QF50,50
F01624,fake_29743.jpg,Fake,Fake,1.0,QF50,50
F04204,fake_63130.jpg,Fake,Fake,0.994141,QF50,50
F02591,fake_42783.jpg,Fake,Fake,1.0,QF50,50
F02464,fake_40984.jpg,Fake,Fake,1.0,QF50,50
F04163,fake_62578.jpg,Fake,Fake,0.999023,QF50,50
F01788,fake_31597.jpg,Fake,Fake,0.989746,QF50,50
F04807,fake_7451.jpg,Fake,Fake,1.0,QF50,50
F03078,fake_48837.jpg,Fake,Real,0.240112,QF50,50
F03469,fake_54101.jpg,Fake,Fake,0.991699,QF50,50
F01531,fake_28436.jpg,Fake,Fake,0.663086,QF50,50
F04583,fake_67680.jpg,Fake,Fake,0.967285,QF50,50
F03642,fake_56133.jpg,Fake,Fake,0.993164,QF50,50
F02201,fake_37094.jpg,Fake,Fake,0.945312,QF50,50
F00318,fake_13900.jpg,Fake,Fake,1.0,QF50,50
F01080,fake_23346.jpg,Fake,Fake,1.0,QF50,50
F00443,fake_1558.jpg,Fake,Fake,1.0,QF50,50
F00861,fake_20941.jpg,Fake,Fake,1.0,QF50,50
F04108,fake_61911.jpg,Fake,Fake,0.993652,QF50,50
F01082,fake_23371.jpg,Fake,Fake,1.0,QF50,50
F02839,fake_4579.jpg,Fake,Fake,0.987793,QF50,50
F03788,fake_58068.jpg,Fake,Fake,1.0,QF50,50
F01700,fake_30659.jpg,Fake,Fake,0.97998,QF50,50
F04430,fake_65893.jpg,Fake,Real,0.19104,QF50,50
F03058,fake_48607.jpg,Fake,Fake,1.0,QF50,50
F00984,fake_22328.jpg,Fake,Fake,1.0,QF50,50
F00413,fake_15206.jpg,Fake,Fake,1.0,QF50,50
F01831,fake_32169.jpg,Fake,Fake,1.0,QF50,50
F04659,fake_68487.jpg,Fake,Fake,1.0,QF50,50
F03227,fake_50888.jpg,Fake,Fake,1.0,QF50,50
F04064,fake_61336.jpg,Fake,Fake,1.0,QF50,50
F02849,fake_45923.jpg,Fake,Fake,1.0,QF50,50
F01186,fake_24501.jpg,Fake,Fake,0.998047,QF50,50
F01100,fake_23585.jpg,Fake,Fake,0.999512,QF50,50
F00790,fake_2012.jpg,Fake,Fake,0.994141,QF50,50
F04359,fake_64955.jpg,Fake,Fake,1.0,QF50,50
F01081,fake_23354.jpg,Fake,Fake,1.0,QF50,50
F02610,fake_43046.jpg,Fake,Fake,0.631836,QF50,50
F01843,fake_32283.jpg,Fake,Fake,1.0,QF50,50
F00095,fake_11144.jpg,Fake,Fake,1.0,QF50,50
F01271,fake_25343.jpg,Fake,Fake,1.0,QF50,50
F03059,fake_48611.jpg,Fake,Real,0.059326,QF50,50
F04150,fake_62433.jpg,Fake,Fake,1.0,QF50,50
F04886,fake_8512.jpg,Fake,Fake,0.967773,QF50,50
F03435,fake_53605.jpg,Fake,Fake,0.999512,QF50,50
F01127,fake_23859.jpg,Fake,Fake,1.0,QF50,50
F04035,fake_60982.jpg,Fake,Fake,1.0,QF50,50
F02019,fake_34433.jpg,Fake,Fake,1.0,QF50,50
F04930,fake_9102.jpg,Fake,Fake,1.0,QF50,50
F00660,fake_18400.jpg,Fake,Fake,0.99707,QF50,50
F02916,fake_46763.jpg,Fake,Fake,1.0,QF50,50
F00050,fake_10629.jpg,Fake,Fake,1.0,QF50,50
F02635,fake_43310.jpg,Fake,Fake,1.0,QF50,50
F01511,fake_2818.jpg,Fake,Fake,1.0,QF50,50
F01395,fake_26886.jpg,Fake,Fake,1.0,QF50,50
F00817,fake_2043.jpg,Fake,Fake,1.0,QF50,50
F04195,fake_63001.jpg,Fake,Fake,1.0,QF50,50
F00750,fake_19735.jpg,Fake,Fake,1.0,QF50,50
F02840,fake_45817.jpg,Fake,Fake,1.0,QF50,50
F03863,fake_5910.jpg,Fake,Fake,1.0,QF50,50
F04645,fake_68343.jpg,Fake,Fake,0.997559,QF50,50
F01649,fake_30073.jpg,Fake,Fake,0.998535,QF50,50
F02632,fake_4329.jpg,Fake,Fake,1.0,QF50,50
F02603,fake_4296.jpg,Fake,Fake,0.999512,QF50,50
F02243,fake_37777.jpg,Fake,Fake,0.941895,QF50,50
F02516,fake_41764.jpg,Fake,Fake,1.0,QF50,50
F04154,fake_62482.jpg,Fake,Fake,1.0,QF50,50
F01667,fake_30200.jpg,Fake,Fake,0.945801,QF50,50
F04256,fake_63675.jpg,Fake,Fake,1.0,QF50,50
F04894,fake_8614.jpg,Fake,Fake,1.0,QF50,50
F03791,fake_58171.jpg,Fake,Fake,1.0,QF50,50
F02320,fake_3887.jpg,Fake,Fake,0.998047,QF50,50
F00725,fake_19364.jpg,Fake,Fake,1.0,QF50,50
F03176,fake_50111.jpg,Fake,Fake,1.0,QF50,50
F00472,fake_16074.jpg,Fake,Fake,0.990723,QF50,50
F01554,fake_28872.jpg,Fake,Fake,0.993652,QF50,50
F02308,fake_38619.jpg,Fake,Fake,1.0,QF50,50
F01300,fake_25710.jpg,Fake,Fake,1.0,QF50,50
F02937,fake_4697.jpg,Fake,Fake,1.0,QF50,50
F00858,fake_20906.jpg,Fake,Fake,1.0,QF50,50
F04468,fake_66184.jpg,Fake,Fake,0.909668,QF50,50
F04731,fake_69306.jpg,Fake,Fake,0.863281,QF50,50
F03327,fake_52214.jpg,Fake,Fake,1.0,QF50,50
F00404,fake_15148.jpg,Fake,Fake,0.997559,QF50,50
F00125,fake_11446.jpg,Fake,Fake,1.0,QF50,50
F04652,fake_68410.jpg,Fake,Fake,0.563477,QF50,50
F03534,fake_54892.jpg,Fake,Fake,0.522461,QF50,50
F02162,fake_36423.jpg,Fake,Fake,0.981445,QF50,50
F04319,fake_64470.jpg,Fake,Fake,0.996094,QF50,50
F03834,fake_5877.jpg,Fake,Fake,1.0,QF50,50
F02042,fake_34739.jpg,Fake,Fake,0.999512,QF50,50
F02470,fake_41102.jpg,Fake,Fake,1.0,QF50,50
F00511,fake_16407.jpg,Fake,Real,0.425293,QF50,50
F03416,fake_53425.jpg,Fake,Fake,1.0,QF50,50
F04805,fake_7370.jpg,Fake,Fake,0.980957,QF50,50
F02359,fake_39367.jpg,Fake,Fake,0.996094,QF50,50
F03818,fake_58591.jpg,Fake,Fake,0.999023,QF50,50
F02392,fake_39856.jpg,Fake,Fake,1.0,QF50,50
F02030,fake_34562.jpg,Fake,Fake,0.999512,QF50,50
F01978,fake_33927.jpg,Fake,Fake,0.997559,QF50,50
F03208,fake_50491.jpg,Fake,Fake,0.99707,QF50,50
F00005,fake_10072.jpg,Fake,Fake,1.0,QF50,50
F01758,fake_31230.jpg,Fake,Fake,1.0,QF50,50
F02402,fake_40021.jpg,Fake,Fake,0.989258,QF50,50
F04762,fake_69663.jpg,Fake,Fake,0.999512,QF50,50
F03975,fake_60352.jpg,Fake,Fake,1.0,QF50,50
F03092,fake_49076.jpg,Fake,Fake,1.0,QF50,50
F01722,fake_30861.jpg,Fake,Fake,1.0,QF50,50
F02289,fake_38326.jpg,Fake,Fake,1.0,QF50,50
F02751,fake_44778.jpg,Fake,Fake,1.0,QF50,50
F01614,fake_29595.jpg,Fake,Fake,1.0,QF50,50
F01184,fake_24479.jpg,Fake,Fake,0.999512,QF50,50
F01591,fake_29263.jpg,Fake,Fake,1.0,QF50,50
F02006,fake_34275.jpg,Fake,Real,0.391602,QF50,50
F01153,fake_24140.jpg,Fake,Fake,1.0,QF50,50
F02809,fake_45513.jpg,Fake,Fake,0.987305,QF50,50
F04835,fake_7793.jpg,Fake,Real,0.096191,QF50,50
F02659,fake_43562.jpg,Fake,Fake,1.0,QF50,50
F00096,fake_1116.jpg,Fake,Fake,1.0,QF50,50
F02089,fake_35254.jpg,Fake,Fake,0.996582,QF50,50
F00127,fake_11462.jpg,Fake,Fake,1.0,QF50,50
F03826,fake_58710.jpg,Fake,Fake,0.864746,QF50,50
F00888,fake_21282.jpg,Fake,Fake,1.0,QF50,50
F02292,fake_3837.jpg,Fake,Fake,1.0,QF50,50
F01039,fake_22938.jpg,Fake,Fake,1.0,QF50,50
F02329,fake_38933.jpg,Fake,Fake,0.999023,QF50,50
F03415,fake_534.jpg,Fake,Fake,0.981445,QF50,50
F03105,fake_49269.jpg,Fake,Fake,0.998047,QF50,50
F02814,fake_45560.jpg,Fake,Fake,1.0,QF50,50
F00575,fake_17333.jpg,Fake,Fake,0.997559,QF50,50
F03433,fake_53600.jpg,Fake,Fake,1.0,QF50,50
F02306,fake_3859.jpg,Fake,Fake,0.867676,QF50,50
F01711,fake_30757.jpg,Fake,Fake,1.0,QF50,50
F01350,fake_26385.jpg,Fake,Fake,1.0,QF50,50
F03249,fake_51155.jpg,Fake,Fake,1.0,QF50,50
F03119,fake_49431.jpg,Fake,Fake,0.973633,QF50,50
F02992,fake_47676.jpg,Fake,Fake,1.0,QF50,50
F03540,fake_54992.jpg,Fake,Fake,1.0,QF50,50
F04144,fake_62372.jpg,Fake,Fake,1.0,QF50,50
F03983,fake_60414.jpg,Fake,Fake,1.0,QF50,50
F02123,fake_35820.jpg,Fake,Real,0.149658,QF50,50
F02024,fake_34470.jpg,Fake,Fake,0.998047,QF50,50
F02282,fake_38261.jpg,Fake,Fake,1.0,QF50,50
F01441,fake_27382.jpg,Fake,Fake,1.0,QF50,50
F04264,fake_63781.jpg,Fake,Fake,0.997559,QF50,50
F00236,fake_12835.jpg,Fake,Fake,1.0,QF50,50
F04477,fake_66339.jpg,Fake,Fake,0.97168,QF50,50
F04594,fake_67843.jpg,Fake,Fake,1.0,QF50,50
F04895,fake_8615.jpg,Fake,Fake,0.999512,QF50,50
F04670,fake_68639.jpg,Fake,Fake,0.997559,QF50,50
F00451,fake_1566.jpg,Fake,Fake,0.916016,QF50,50
F04808,fake_7454.jpg,Fake,Fake,0.999512,QF50,50
F03011,fake_48003.jpg,Fake,Fake,0.996094,QF50,50
F00674,fake_18677.jpg,Fake,Fake,1.0,QF50,50
F04784,fake_701.jpg,Fake,Fake,0.996094,QF50,50
F04472,fake_66246.jpg,Fake,Fake,0.993164,QF50,50
F02174,fake_36613.jpg,Fake,Fake,0.961914,QF50,50
F04081,fake_61465.jpg,Fake,Fake,0.999023,QF50,50
F04929,fake_9098.jpg,Fake,Fake,1.0,QF50,50
F00504,fake_16337.jpg,Fake,Fake,0.869629,QF50,50
F02485,fake_41330.jpg,Fake,Fake,0.999512,QF50,50
F01115,fake_23768.jpg,Fake,Fake,1.0,QF50,50
F03528,fake_54842.jpg,Fake,Fake,1.0,QF50,50
F00915,fake_21557.jpg,Fake,Fake,0.994629,QF50,50
F01397,fake_26900.jpg,Fake,Fake,1.0,QF50,50
F00997,fake_22493.jpg,Fake,Fake,1.0,QF50,50
F01253,fake_25125.jpg,Fake,Fake,0.977051,QF50,50
F03615,fake_55896.jpg,Fake,Fake,0.995605,QF50,50
F00988,fake_22403.jpg,Fake,Fake,1.0,QF50,50
F02999,fake_47769.jpg,Fake,Fake,0.999512,QF50,50
F04956,fake_9473.jpg,Fake,Fake,0.999512,QF50,50
F03670,fake_56496.jpg,Fake,Fake,1.0,QF50,50
F00270,fake_13352.jpg,Fake,Fake,0.993164,QF50,50
F04135,fake_62205.jpg,Fake,Fake,0.999512,QF50,50
F01109,fake_23694.jpg,Fake,Fake,0.998535,QF50,50
F04515,fake_66865.jpg,Fake,Fake,1.0,QF50,50
F04225,fake_63401.jpg,Fake,Fake,0.969727,QF50,50
F00949,fake_21934.jpg,Fake,Fake,0.816895,QF50,50
F02988,fake_476.jpg,Fake,Fake,1.0,QF50,50
F00766,fake_19899.jpg,Fake,Fake,1.0,QF50,50
F01496,fake_28014.jpg,Fake,Fake,0.999512,QF50,50
F04065,fake_61353.jpg,Fake,Fake,1.0,QF50,50
F02257,fake_37925.jpg,Fake,Fake,1.0,QF50,50
F02171,fake_36548.jpg,Fake,Real,0.47168,QF50,50
F01221,fake_24784.jpg,Fake,Fake,1.0,QF50,50
F01347,fake_2635.jpg,Fake,Fake,1.0,QF50,50
F01406,fake_2700.jpg,Fake,Fake,1.0,QF50,50
F01774,fake_31391.jpg,Fake,Fake,1.0,QF50,50
F01401,fake_26951.jpg,Fake,Fake,0.999512,QF50,50
F03034,fake_48293.jpg,Fake,Fake,1.0,QF50,50
R04351,real_64598.jpg,Real,Real,0.055298,QF40,40
R04113,real_61817.jpg,Real,Real,0.000225,QF40,40
R04884,real_8487.jpg,Real,Real,1e-06,QF40,40
R01665,real_31107.jpg,Real,Real,1.9e-05,QF40,40
R01757,real_32395.jpg,Real,Real,0.0,QF40,40
R03639,real_55818.jpg,Real,Real,0.001156,QF40,40
R04421,real_6560.jpg,Real,Real,0.0,QF40,40
R03637,real_55812.jpg,Real,Real,0.000117,QF40,40
R03035,real_48352.jpg,Real,Real,2e-05,QF40,40
R03516,real_54490.jpg,Real,Real,0.001069,QF40,40
R04758,real_69855.jpg,Real,Real,0.0,QF40,40
R01918,real_34729.jpg,Real,Real,0.018372,QF40,40
R00902,real_21779.jpg,Real,Real,0.000929,QF40,40
R01123,real_24384.jpg,Real,Real,0.0,QF40,40
R02689,real_44260.jpg,Real,Real,0.045685,QF40,40
R01961,real_35264.jpg,Real,Real,2.8e-05,QF40,40
R00835,real_20971.jpg,Real,Real,0.009743,QF40,40
R02395,real_40645.jpg,Real,Real,0.032104,QF40,40
R01304,real_26565.jpg,Real,Real,0.0,QF40,40
R00919,real_21928.jpg,Real,Real,0.000111,QF40,40
R00164,real_1230.jpg,Real,Real,2.1e-05,QF40,40
R04093,real_61605.jpg,Real,Real,0.0,QF40,40
R03317,real_52172.jpg,Real,Real,7.5e-05,QF40,40
R00931,real_22078.jpg,Real,Real,0.000849,QF40,40
R00840,real_20985.jpg,Real,Real,0.011597,QF40,40
R04919,real_8856.jpg,Real,Real,1e-06,QF40,40
R00294,real_1436.jpg,Real,Real,0.0,QF40,40
R02424,real_41019.jpg,Real,Real,0.127686,QF40,40
R02575,real_4281.jpg,Real,Real,0.000161,QF40,40
R00800,real_20633.jpg,Real,Real,0.008919,QF40,40
R04751,real_69799.jpg,Real,Real,0.000641,QF40,40
R01175,real_25208.jpg,Real,Real,0.002768,QF40,40
R01451,real_28339.jpg,Real,Real,2.7e-05,QF40,40
R02067,real_36503.jpg,Real,Real,8e-06,QF40,40
R00717,real_19507.jpg,Real,Real,0.006851,QF40,40
R02851,real_46222.jpg,Real,Real,0.000457,QF40,40
R01423,real_28098.jpg,Real,Real,0.001585,QF40,40
R04965,real_9578.jpg,Real,Real,0.013794,QF40,40
R04963,real_9561.jpg,Real,Real,0.0,QF40,40
R02688,real_4425.jpg,Real,Real,0.007904,QF40,40
R00544,real_17460.jpg,Real,Real,0.078918,QF40,40
R04902,real_8716.jpg,Real,Real,1.4e-05,QF40,40
R03812,real_58016.jpg,Real,Real,0.002405,QF40,40
R03686,real_56543.jpg,Real,Real,0.00321,QF40,40
R03910,real_59109.jpg,Real,Real,1.8e-05,QF40,40
R01878,real_34025.jpg,Real,Real,2.7e-05,QF40,40
R00731,real_19711.jpg,Real,Real,0.0,QF40,40
R04137,real_62142.jpg,Real,Real,0.01133,QF40,40
R01850,real_33672.jpg,Real,Real,1e-05,QF40,40
R01490,real_28800.jpg,Real,Real,0.0,QF40,40
R04465,real_66131.jpg,Real,Real,0.0,QF40,40
R03833,real_58270.jpg,Real,Real,4e-06,QF40,40
R01688,real_31397.jpg,Real,Real,0.0,QF40,40
R00226,real_13252.jpg,Real,Real,2e-06,QF40,40
R04781,real_7210.jpg,Real,Real,0.19397,QF40,40
R00377,real_15334.jpg,Real,Real,0.0,QF40,40
R01494,real_28839.jpg,Real,Real,0.0,QF40,40
R04111,real_61792.jpg,Real,Real,0.010948,QF40,40
R03324,real_52254.jpg,Real,Real,2.1e-05,QF40,40
R02664,real_43899.jpg,Real,Real,0.0,QF40,40
R02342,real_39772.jpg,Real,Real,2.2e-05,QF40,40
R00970,real_22539.jpg,Real,Real,1e-06,QF40,40
R02253,real_38765.jpg,Real,Real,0.006512,QF40,40
R03227,real_50831.jpg,Real,Real,0.000701,QF40,40
R04662,real_68670.jpg,Real,Real,0.000701,QF40,40
R03066,real_48872.jpg,Real,Real,0.0,QF40,40
R04247,real_63388.jpg,Real,Real,0.000285,QF40,40
R00222,real_13178.jpg,Real,Real,2e-06,QF40,40
R03065,real_48842.jpg,Real,Real,0.000609,QF40,40
R01449,real_2833.jpg,Real,Real,0.005219,QF40,40
R03241,real_5104.jpg,Real,Real,3e-06,QF40,40
R03339,real_52376.jpg,Real,Real,0.0,QF40,40
R03380,real_52781.jpg,Real,Real,0.0,QF40,40
R00033,real_10545.jpg,Real,Real,0.0,QF40,40
R01189,real_25417.jpg,Real,Real,0.000285,QF40,40
R01200,real_25541.jpg,Real,Real,0.014732,QF40,40
R01421,real_28068.jpg,Real,Real,0.0,QF40,40
R02097,real_36889.jpg,Real,Real,0.0,QF40,40
R04892,real_8641.jpg,Real,Real,1.3e-05,QF40,40
R01240,real_25952.jpg,Real,Real,0.000385,QF40,40
R03488,real_54143.jpg,Real,Real,0.001675,QF40,40
R00048,real_10749.jpg,Real,Real,0.33252,QF40,40
R01611,real_30492.jpg,Real,Real,0.0,QF40,40
R01527,real_29318.jpg,Real,Real,1e-06,QF40,40
R03773,real_5748.jpg,Real,Real,0.033844,QF40,40
R02822,real_4584.jpg,Real,Fake,0.844238,QF40,40
R04732,real_69538.jpg,Real,Real,0.00547,QF40,40
R00203,real_12979.jpg,Real,Real,6e-06,QF40,40
R01435,real_28206.jpg,Real,Real,7e-06,QF40,40
R02473,real_41534.jpg,Real,Real,0.000163,QF40,40
R02906,real_46946.jpg,Real,Real,0.000184,QF40,40
R01383,real_27640.jpg,Real,Real,0.000624,QF40,40
R04763,real_69894.jpg,Real,Real,0.000789,QF40,40
R00895,real_21697.jpg,Real,Real,4e-06,QF40,40
R00701,real_1932.jpg,Real,Real,0.316895,QF40,40
R01031,real_23333.jpg,Real,Real,0.0,QF40,40
R00147,real_12030.jpg,Real,Real,0.000894,QF40,40
R02392,real_4060.jpg,Real,Real,0.0,QF40,40
R02293,real_39275.jpg,Real,Real,0.0,QF40,40
R01337,real_27055.jpg,Real,Real,0.000162,QF40,40
R01455,real_28412.jpg,Real,Real,0.0,QF40,40
R01141,real_24704.jpg,Real,Real,0.0,QF40,40
R02058,real_3642.jpg,Real,Real,0.014839,QF40,40
R01799,real_32944.jpg,Real,Real,0.002296,QF40,40
R01124,real_24405.jpg,Real,Real,0.001875,QF40,40
R04222,real_63140.jpg,Real,Real,0.003708,QF40,40
R01747,real_32230.jpg,Real,Real,1.5e-05,QF40,40
R04991,real_9928.jpg,Real,Real,0.018906,QF40,40
R03626,real_55698.jpg,Real,Real,0.002165,QF40,40
R00295,real_14364.jpg,Real,Real,1e-06,QF40,40
R01107,real_24186.jpg,Real,Real,0.0,QF40,40
R04895,real_8659.jpg,Real,Real,0.000132,QF40,40
R02994,real_4796.jpg,Real,Real,0.0,QF40,40
R03377,real_52732.jpg,Real,Real,3.3e-05,QF40,40
R01411,real_28002.jpg,Real,Real,0.000111,QF40,40
R04022,real_60638.jpg,Real,Real,0.001427,QF40,40
R04070,real_61273.jpg,Real,Real,0.0,QF40,40
R03850,real_58510.jpg,Real,Real,0.0,QF40,40
R01759,real_3240.jpg,Real,Real,0.004166,QF40,40
R00419,real_15854.jpg,Real,Real,0.003622,QF40,40
R01409,real_27975.jpg,Real,Real,0.003443,QF40,40
R00185,real_12607.jpg,Real,Real,1.9e-05,QF40,40
R00964,real_22460.jpg,Real,Real,0.0,QF40,40
R04158,real_62362.jpg,Real,Real,0.095703,QF40,40
R01756,real_32393.jpg,Real,Real,0.051178,QF40,40
R03421,real_53354.jpg,Real,Real,0.000738,QF40,40
R04646,real_68387.jpg,Real,Real,0.0,QF40,40
R01125,real_24407.jpg,Real,Real,0.492676,QF40,40
R02314,real_39466.jpg,Real,Real,0.003099,QF40,40
R01777,real_32627.jpg,Real,Real,0.0,QF40,40
R01657,real_31051.jpg,Real,Real,0.025177,QF40,40
R00031,real_10508.jpg,Real,Real,0.439941,QF40,40
R00777,real_20333.jpg,Real,Real,0.000187,QF40,40
R03105,real_49184.jpg,Real,Real,9e-06,QF40,40
R03948,real_59586.jpg,Real,Real,8.7e-05,QF40,40
R02469,real_41493.jpg,Real,Fake,0.736328,QF40,40
R02196,real_38140.jpg,Real,Real,0.036072,QF40,40
R01793,real_32823.jpg,Real,Real,0.0,QF40,40
R00118,real_11617.jpg,Real,Real,0.000582,QF40,40
R00432,real_15971.jpg,Real,Real,0.0,QF40,40
R00297,real_14397.jpg,Real,Real,0.000391,QF40,40
R04110,real_61780.jpg,Real,Real,3.1e-05,QF40,40
R01249,real_26053.jpg,Real,Real,0.000117,QF40,40
R03141,real_49810.jpg,Real,Real,2.3e-05,QF40,40
R02075,real_36608.jpg,Real,Real,7e-06,QF40,40
R03537,real_54757.jpg,Real,Real,0.0,QF40,40
R04153,real_62300.jpg,Real,Real,0.002621,QF40,40
R00072,real_10990.jpg,Real,Real,0.021744,QF40,40
R02747,real_44918.jpg,Real,Real,1e-06,QF40,40
R04837,real_7941.jpg,Real,Real,0.000173,QF40,40
R04882,real_8470.jpg,Real,Real,0.0,QF40,40
R03454,real_53771.jpg,Real,Real,0.000795,QF40,40
R01707,real_3170.jpg,Real,Real,5e-06,QF40,40
R00795,real_20566.jpg,Real,Real,0.0,QF40,40
R01208,real_25594.jpg,Real,Real,0.008286,QF40,40
R04690,real_69035.jpg,Real,Real,0.000338,QF40,40
R02157,real_3766.jpg,Real,Real,0.068665,QF40,40
R02781,real_45373.jpg,Real,Real,0.088318,QF40,40
R02539,real_42385.jpg,Real,Real,9e-06,QF40,40
R03933,real_5944.jpg,Real,Real,0.004116,QF40,40
R03542,real_54810.jpg,Real,Real,0.0,QF40,40
R03189,real_50467.jpg,Real,Real,0.0,QF40,40
R02211,real_38293.jpg,Real,Real,0.000406,QF40,40
R01140,real_24699.jpg,Real,Real,0.0,QF40,40
R00089,real_11143.jpg,Real,Real,1.4e-05,QF40,40
R01021,real_23194.jpg,Real,Real,0.002424,QF40,40
R04322,real_6421.jpg,Real,Real,0.069153,QF40,40
R04453,real_65993.jpg,Real,Real,0.000121,QF40,40
R04058,real_61094.jpg,Real,Real,1e-05,QF40,40
R04399,real_65313.jpg,Real,Real,0.0,QF40,40
R02596,real_4305.jpg,Real,Real,3.4e-05,QF40,40
R03556,real_54910.jpg,Real,Real,1e-05,QF40,40
R01591,real_30149.jpg,Real,Real,0.0,QF40,40
R04521,real_66870.jpg,Real,Real,7e-05,QF40,40
R01059,real_23584.jpg,Real,Real,1e-06,QF40,40
R00640,real_18693.jpg,Real,Real,0.000612,QF40,40
R03974,real_59927.jpg,Real,Real,1.3e-05,QF40,40
R04101,real_61685.jpg,Real,Real,0.00012,QF40,40
R02685,real_44181.jpg,Real,Real,0.012009,QF40,40
R03960,real_59765.jpg,Real,Real,0.012009,QF40,40
R03247,real_51116.jpg,Real,Real,1e-06,QF40,40
R00252,real_13671.jpg,Real,Real,0.0,QF40,40
R04152,real_62274.jpg,Real,Fake,0.692383,QF40,40
R02462,real_41435.jpg,Real,Real,0.0,QF40,40
R01202,real_25559.jpg,Real,Real,0.032349,QF40,40
R03162,real_50047.jpg,Real,Real,0.000804,QF40,40
R04588,real_67647.jpg,Real,Real,0.000804,QF40,40
R01535,real_29408.jpg,Real,Real,2e-06,QF40,40
R01359,real_27403.jpg,Real,Real,0.007725,QF40,40
R00474,real_16489.jpg,Real,Real,0.006413,QF40,40
R03824,real_58189.jpg,Real,Real,0.049133,QF40,40
R04761,real_69887.jpg,Real,Real,0.0,QF40,40
R00559,real_177.jpg,Real,Real,0.178223,QF40,40
R00888,real_21606.jpg,Real,Real,0.016663,QF40,40
R04823,real_7794.jpg,Real,Real,0.0,QF40,40
R03078,real_48993.jpg,Real,Real,0.071716,QF40,40
R02736,real_44824.jpg,Real,Real,1.3e-05,QF40,40
R01745,real_32216.jpg,Real,Real,0.013687,QF40,40
R02341,real_39771.jpg,Real,Real,3.3e-05,QF40,40
R04279,real_63711.jpg,Real,Real,0.001867,QF40,40
R01234,real_25890.jpg,Real,Real,2.1e-05,QF40,40
R04286,real_63850.jpg,Real,Real,0.04895,QF40,40
R01043,real_23446.jpg,Real,Real,2.9e-05,QF40,40
R01464,real_28566.jpg,Real,Real,0.001225,QF40,40
R00696,real_1930.jpg,Real,Real,7e-06,QF40,40
R02484,real_41678.jpg,Real,Real,0.0,QF40,40
R04216,real_63072.jpg,Real,Real,0.003551,QF40,40
R03115,real_4934.jpg,Real,Real,0.011375,QF40,40
R00041,real_10620.jpg,Real,Real,0.070801,QF40,40
R00016,real_10196.jpg,Real,Real,0.001748,QF40,40
R01579,real_29964.jpg,Real,Real,0.003223,QF40,40
R00917,real_21911.jpg,Real,Real,0.0,QF40,40
R01655,real_30994.jpg,Real,Real,0.001197,QF40,40
R03651,real_55945.jpg,Real,Real,0.051941,QF40,40
R00043,real_10650.jpg,Real,Real,2.3e-05,QF40,40
R02172,real_37837.jpg,Real,Real,0.001017,QF40,40
R02961,real_47573.jpg,Real,Real,6.5e-05,QF40,40
R00893,real_21678.jpg,Real,Real,0.006958,QF40,40
R00876,real_21438.jpg,Real,Real,0.0,QF40,40
R04878,real_8448.jpg,Real,Real,0.000619,QF40,40
R00365,real_15164.jpg,Real,Real,0.000395,QF40,40
R02203,real_3822.jpg,Real,Real,0.0,QF40,40
R02938,real_47290.jpg,Real,Real,0.001279,QF40,40
R00856,real_21202.jpg,Real,Real,0.000157,QF40,40
R00338,real_14842.jpg,Real,Real,1.8e-05,QF40,40
R03968,real_59890.jpg,Real,Real,0.0,QF40,40
R03946,real_59560.jpg,Real,Real,0.000154,QF40,40
R01098,real_24082.jpg,Real,Real,0.0,QF40,40
R04068,real_61251.jpg,Real,Real,0.000222,QF40,40
R04752,real_69814.jpg,Real,Real,0.094177,QF40,40
R01504,real_28982.jpg,Real,Real,0.0,QF40,40
R00811,real_20719.jpg,Real,Real,0.016724,QF40,40
R01638,real_30733.jpg,Real,Real,0.0,QF40,40
R04501,real_6655.jpg,Real,Real,8e-06,QF40,40
R01041,real_23431.jpg,Real,Real,1e-06,QF40,40
R03501,real_54289.jpg,Real,Real,0.0,QF40,40
R03994,real_6025.jpg,Real,Real,0.0,QF40,40
R04179,real_62621.jpg,Real,Real,0.000115,QF40,40
R04017,real_606.jpg,Real,Real,0.0,QF40,40
R01109,real_24216.jpg,Real,Real,0.0,QF40,40
R04505,real_66615.jpg,Real,Real,0.010529,QF40,40
R03972,real_59913.jpg,Real,Real,0.0,QF40,40
R00166,real_12325.jpg,Real,Real,0.0,QF40,40
R03531,real_54710.jpg,Real,Real,4.4e-05,QF40,40
R00712,real_19461.jpg,Real,Real,0.042175,QF40,40
R01999,real_358.jpg,Real,Real,0.0,QF40,40
R04855,real_8127.jpg,Real,Fake,0.711914,QF40,40
R03560,real_54945.jpg,Real,Fake,0.84375,QF40,40
R04584,real_67627.jpg,Real,Real,0.0,QF40,40
R04575,real_67522.jpg,Real,Real,0.0,QF40,40
R04982,real_9780.jpg,Real,Real,0.0,QF40,40
R04342,real_64461.jpg,Real,Real,0.00423,QF40,40
R03921,real_59294.jpg,Real,Real,4.5e-05,QF40,40
R04978,real_9702.jpg,Real,Real,0.00018,QF40,40
R02101,real_36943.jpg,Real,Real,0.000767,QF40,40
R03011,real_48132.jpg,Real,Real,4.2e-05,QF40,40
R03697,real_56666.jpg,Real,Real,0.279541,QF40,40
R01732,real_32053.jpg,Real,Real,0.002165,QF40,40
R04087,real_61513.jpg,Real,Real,7.2e-05,QF40,40
R04910,real_8804.jpg,Real,Real,0.172729,QF40,40
R04731,real_69534.jpg,Real,Real,0.0,QF40,40
R03003,real_48027.jpg,Real,Real,0.260498,QF40,40
R02788,real_45422.jpg,Real,Real,0.073425,QF40,40
R02248,real_3870.jpg,Real,Real,3e-05,QF40,40
R03500,real_54284.jpg,Real,Real,1e-06,QF40,40
R02366,real_40183.jpg,Real,Real,0.015366,QF40,40
R01951,real_3513.jpg,Real,Real,0.014786,QF40,40
R00965,real_22485.jpg,Real,Real,5e-06,QF40,40
R04714,real_69284.jpg,Real,Real,0.090393,QF40,40
R04283,real_63814.jpg,Real,Real,0.0,QF40,40
R03811,real_58.jpg,Real,Real,1e-06,QF40,40
R00727,real_19663.jpg,Real,Real,3e-06,QF40,40
R01469,real_28590.jpg,Real,Real,0.012337,QF40,40
R04909,real_8794.jpg,Real,Real,0.055115,QF40,40
R01583,real_30000.jpg,Real,Real,1.7e-05,QF40,40
R04109,real_6178.jpg,Real,Real,3.2e-05,QF40,40
R04128,real_62.jpg,Real,Real,0.002157,QF40,40
R00832,real_20938.jpg,Real,Real,0.0,QF40,40
R03009,real_48107.jpg,Real,Real,0.000696,QF40,40
R01894,real_34248.jpg,Real,Real,0.000122,QF40,40
R04754,real_69827.jpg,Real,Real,6e-06,QF40,40
R04935,real_907.jpg,Real,Real,0.0,QF40,40
R01935,real_34915.jpg,Real,Real,7.8e-05,QF40,40
R02838,real_46.jpg,Real,Real,0.0,QF40,40
R03590,real_55242.jpg,Real,Real,0.0,QF40,40
R00312,real_14572.jpg,Real,Real,0.036163,QF40,40
R01991,real_35701.jpg,Real,Real,0.043121,QF40,40
R03729,real_56952.jpg,Real,Real,0.000922,QF40,40
R02122,real_37237.jpg,Real,Real,0.0,QF40,40
R01729,real_32034.jpg,Real,Real,5e-06,QF40,40
R01610,real_30489.jpg,Real,Real,0.000157,QF40,40
R00760,real_20105.jpg,Real,Real,0.00639,QF40,40
R03632,real_55715.jpg,Real,Real,0.0,QF40,40
R02070,real_36523.jpg,Real,Real,0.012726,QF40,40
R04241,real_63322.jpg,Real,Fake,0.956543,QF40,40
R00102,real_11391.jpg,Real,Real,1.3e-05,QF40,40
R02099,real_36919.jpg,Real,Real,0.084961,QF40,40
R02980,real_47821.jpg,Real,Real,0.084961,QF40,40
R03818,real_58132.jpg,Real,Real,0.001325,QF40,40
R01743,real_32193.jpg,Real,Real,4.2e-05,QF40,40
R02658,real_43839.jpg,Real,Fake,0.995117,QF40,40
R02234,real_38582.jpg,Real,Real,0.0,QF40,40
R02734,real_44813.jpg,Real,Real,0.000559,QF40,40
R04268,real_63634.jpg,Real,Real,0.00077,QF40,40
R00801,real_20635.jpg,Real,Real,0.012337,QF40,40
R04141,real_62182.jpg,Real,Real,0.0,QF40,40
R01151,real_24888.jpg,Real,Real,0.0,QF40,40
R03879,real_58812.jpg,Real,Real,0.0,QF40,40
R03117,real_49347.jpg,Real,Real,0.0,QF40,40
R04711,real_69263.jpg,Real,Real,0.000106,QF40,40
R04416,real_65533.jpg,Real,Real,0.0,QF40,40
R04850,real_8073.jpg,Real,Real,0.074097,QF40,40
R03646,real_55873.jpg,Real,Real,0.008919,QF40,40
R00079,real_11075.jpg,Real,Real,8.4e-05,QF40,40
R01496,real_28870.jpg,Real,Real,0.009163,QF40,40
R02145,real_37464.jpg,Real,Real,0.261475,QF40,40
R03510,real_5443.jpg,Real,Real,0.000318,QF40,40
R04180,real_62636.jpg,Real,Real,6.8e-05,QF40,40
R01377,real_27580.jpg,Real,Real,0.014671,QF40,40
R02338,real_39714.jpg,Real,Real,0.0,QF40,40
R03095,real_4911.jpg,Real,Real,0.129272,QF40,40
R02771,real_45259.jpg,Real,Real,0.002243,QF40,40
R03226,real_50815.jpg,Real,Real,0.000267,QF40,40
R01997,real_35780.jpg,Real,Real,1e-06,QF40,40
R00775,real_20295.jpg,Real,Real,2e-06,QF40,40
R02595,real_4301.jpg,Real,Real,0.059204,QF40,40
R03727,real_56933.jpg,Real,Real,1e-06,QF40,40
R04461,real_6609.jpg,Real,Real,1e-06,QF40,40
R04030,real_60711.jpg,Real,Real,0.004719,QF40,40
R02357,real_40044.jpg,Real,Real,1e-06,QF40,40
R00588,real_18067.jpg,Real,Real,9e-06,QF40,40
R01460,real_28524.jpg,Real,Real,9e-06,QF40,40
R04454,real_6601.jpg,Real,Real,0.001755,QF40,40
R01839,real_33550.jpg,Real,Real,0.0,QF40,40
R02407,real_40803.jpg,Real,Real,0.0,QF40,40
R03408,real_53150.jpg,Real,Real,0.032104,QF40,40
R00730,real_19675.jpg,Real,Real,0.051453,QF40,40
R02041,real_36197.jpg,Real,Real,0.119019,QF40,40
R03713,real_56823.jpg,Real,Real,0.00012,QF40,40
R00676,real_19089.jpg,Real,Real,0.000169,QF40,40
R03546,real_54832.jpg,Real,Real,0.000361,QF40,40
R03211,real_50639.jpg,Real,Real,6e-06,QF40,40
R00833,real_20962.jpg,Real,Real,0.031021,QF40,40
R03229,real_50863.jpg,Real,Real,0.01017,QF40,40
R03217,real_50710.jpg,Real,Real,0.000467,QF40,40
R03628,real_557.jpg,Real,Real,0.000283,QF40,40
R03820,real_58158.jpg,Real,Real,0.0121,QF40,40
R00085,real_11110.jpg,Real,Real,1e-06,QF40,40
R00097,real_11335.jpg,Real,Real,0.000114,QF40,40
R00484,real_16628.jpg,Real,Real,0.0159,QF40,40
R00394,real_15475.jpg,Real,Real,0.0,QF40,40
R00650,real_18768.jpg,Real,Real,0.0,QF40,40
R03831,real_58262.jpg,Real,Real,7e-05,QF40,40
R00389,real_15416.jpg,Real,Real,0.0,QF40,40
R01090,real_23956.jpg,Real,Real,0.0,QF40,40
R00269,real_13857.jpg,Real,Real,0.0,QF40,40
R03714,real_56829.jpg,Real,Real,0.0,QF40,40
R00267,real_13848.jpg,Real,Real,6.3e-05,QF40,40
R00620,real_18420.jpg,Real,Real,0.0,QF40,40
R02445,real_41243.jpg,Real,Real,0.0,QF40,40
R03456,real_53788.jpg,Real,Real,0.009674,QF40,40
R01277,real_26315.jpg,Real,Real,0.028214,QF40,40
R03303,real_51907.jpg,Real,Real,4e-06,QF40,40
R01581,real_29991.jpg,Real,Real,0.0,QF40,40
R03055,real_48682.jpg,Real,Real,0.033325,QF40,40
R03358,real_52562.jpg,Real,Real,0.0,QF40,40
R03023,real_48251.jpg,Real,Real,0.001421,QF40,40
R02467,real_41478.jpg,Real,Real,0.0,QF40,40
R00053,real_10777.jpg,Real,Real,0.000426,QF40,40
R03844,real_58457.jpg,Real,Real,0.000406,QF40,40
R04484,real_66352.jpg,Real,Real,0.041473,QF40,40
R01406,real_27940.jpg,Real,Real,6.2e-05,QF40,40
R02649,real_43746.jpg,Real,Real,0.00518,QF40,40
R02888,real_4676.jpg,Real,Real,0.000379,QF40,40
R02700,real_44378.jpg,Real,Real,3e-06,QF40,40
R00321,real_14655.jpg,Real,Real,5.6e-05,QF40,40
R04548,real_67163.jpg,Real,Real,0.019531,QF40,40
R01261,real_26183.jpg,Real,Real,0.0,QF40,40
R00552,real_17528.jpg,Real,Real,0.000291,QF40,40
R01614,real_30504.jpg,Real,Real,0.000242,QF40,40
R00428,real_15961.jpg,Real,Real,3e-06,QF40,40
R00815,real_20748.jpg,Real,Real,0.0,QF40,40
R02799,real_45522.jpg,Real,Real,9.8e-05,QF40,40
R04228,real_63176.jpg,Real,Real,0.000492,QF40,40
R01656,real_3105.jpg,Real,Real,0.0,QF40,40
R01769,real_32479.jpg,Real,Real,2.9e-05,QF40,40
R01292,real_26487.jpg,Real,Real,1e-06,QF40,40
R03293,real_51750.jpg,Real,Real,0.007637,QF40,40
R00450,real_16202.jpg,Real,Real,0.078491,QF40,40
R00197,real_12895.jpg,Real,Real,0.001057,QF40,40
R01671,real_31164.jpg,Real,Real,0.000591,QF40,40
R02209,real_38244.jpg,Real,Real,0.002058,QF40,40
R00724,real_19624.jpg,Real,Real,0.0,QF40,40
R04559,real_67287.jpg,Real,Real,0.0,QF40,40
R04115,real_6185.jpg,Real,Real,1e-06,QF40,40
R04419,real_65560.jpg,Real,Real,0.001796,QF40,40
R02613,real_43348.jpg,Real,Real,0.0,QF40,40
R04318,real_64142.jpg,Real,Real,0.000353,QF40,40
R00862,real_21249.jpg,Real,Real,0.0,QF40,40
R00828,real_20843.jpg,Real,Real,1e-06,QF40,40
R01080,real_23854.jpg,Real,Real,0.000405,QF40,40
R03737,real_57001.jpg,Real,Real,0.032166,QF40,40
R00392,real_15422.jpg,Real,Real,0.00077,QF40,40
R04223,real_63141.jpg,Real,Real,3e-06,QF40,40
R00087,real_11128.jpg,Real,Real,0.000823,QF40,40
R00716,real_19502.jpg,Real,Real,0.017105,QF40,40
R04536,real_67.jpg,Real,Real,8.7e-05,QF40,40
R00826,real_20820.jpg,Real,Real,0.003721,QF40,40
R01397,real_27794.jpg,Real,Real,0.0,QF40,40
R01029,real_23318.jpg,Real,Real,0.001192,QF40,40
R03367,real_52653.jpg,Real,Real,0.002958,QF40,40
R04693,real_69057.jpg,Real,Real,0.000593,QF40,40
R02110,real_37069.jpg,Real,Real,0.0,QF40,40
R04335,real_64379.jpg,Real,Real,4e-06,QF40,40
R02049,real_36291.jpg,Real,Real,4.8e-05,QF40,40
R01461,real_2853.jpg,Real,Real,0.000152,QF40,40
R01528,real_29323.jpg,Real,Real,0.004299,QF40,40
R02241,real_38646.jpg,Real,Real,0.006413,QF40,40
R00042,real_10641.jpg,Real,Real,0.000536,QF40,40
R03739,real_57031.jpg,Real,Real,0.012383,QF40,40
R00473,real_1646.jpg,Real,Real,0.035065,QF40,40
R01231,real_25850.jpg,Real,Real,0.0,QF40,40
R03789,real_57702.jpg,Real,Real,0.391113,QF40,40
R00074,real_10997.jpg,Real,Real,3e-06,QF40,40
R03570,real_5501.jpg,Real,Real,0.0,QF40,40
R03439,real_53574.jpg,Real,Real,0.0,QF40,40
R03238,real_50988.jpg,Real,Real,5e-06,QF40,40
R04379,real_6495.jpg,Real,Real,0.0,QF40,40
R01904,real_34409.jpg,Real,Real,0.021988,QF40,40
R02801,real_45554.jpg,Real,Real,0.041626,QF40,40
R02548,real_42455.jpg,Real,Real,0.006168,QF40,40
R01067,real_2367.jpg,Real,Real,0.0,QF40,40
R02931,real_4721.jpg,Real,Real,3e-06,QF40,40
R04324,real_64221.jpg,Real,Real,0.002684,QF40,40
R04537,real_670.jpg,Real,Real,0.0,QF40,40
R03243,real_5106.jpg,Real,Real,0.000245,QF40,40
R01601,real_30378.jpg,Real,Real,0.0,QF40,40
R00062,real_10903.jpg,Real,Real,0.000922,QF40,40
R00257,real_13734.jpg,Real,Real,0.001438,QF40,40
R04871,real_8373.jpg,Real,Real,0.000158,QF40,40
R01785,real_32731.jpg,Real,Real,0.0,QF40,40
R00037,real_10590.jpg,Real,Real,5e-06,QF40,40
R04602,real_67811.jpg,Real,Real,0.0,QF40,40
R00298,real_14404.jpg,Real,Real,0.0,QF40,40
R02812,real_45645.jpg,Real,Real,0.0,QF40,40
R04636,real_68262.jpg,Real,Real,3.2e-05,QF40,40
R03088,real_49061.jpg,Real,Real,0.000196,QF40,40
R01992,real_3571.jpg,Real,Real,0.001285,QF40,40
R04518,real_66839.jpg,Real,Real,3e-06,QF40,40
R00436,real_16031.jpg,Real,Real,3e-06,QF40,40
R03418,real_53303.jpg,Real,Real,0.000669,QF40,40
R04315,real_6411.jpg,Real,Real,3e-06,QF40,40
R02692,real_44284.jpg,Real,Real,0.040253,QF40,40
R04046,real_60879.jpg,Real,Real,1e-05,QF40,40
R01168,real_25125.jpg,Real,Real,1.6e-05,QF40,40
R01762,real_3242.jpg,Real,Real,0.0,QF40,40
R01691,real_31434.jpg,Real,Real,0.076538,QF40,40
R04550,real_67170.jpg,Real,Real,0.073181,QF40,40
R00776,real_20320.jpg,Real,Real,0.087891,QF40,40
R03930,real_59404.jpg,Real,Real,0.014503,QF40,40
R01063,real_23613.jpg,Real,Real,0.009674,QF40,40
R00115,real_11526.jpg,Real,Real,1.9e-05,QF40,40
R04095,real_61627.jpg,Real,Real,0.0,QF40,40
R03025,real_48263.jpg,Real,Real,0.0,QF40,40
R04303,real_63953.jpg,Real,Real,0.001972,QF40,40
R03160,real_49999.jpg,Real,Real,0.0,QF40,40
R00693,real_19288.jpg,Real,Real,1e-06,QF40,40
R00957,real_2233.jpg,Real,Real,0.0,QF40,40
R02883,real_46679.jpg,Real,Fake,0.608887,QF40,40
R00742,real_19911.jpg,Real,Real,0.000141,QF40,40
R01130,real_24526.jpg,Real,Real,0.000215,QF40,40
R02787,real_45418.jpg,Real,Real,0.000298,QF40,40
R00493,real_16795.jpg,Real,Real,0.024277,QF40,40
R01934,real_34910.jpg,Real,Real,0.174561,QF40,40
R00743,real_19936.jpg,Real,Real,0.015839,QF40,40
R04813,real_7647.jpg,Real,Real,0.003721,QF40,40
R00709,real_19439.jpg,Real,Real,0.046997,QF40,40
R04555,real_67254.jpg,Real,Real,2.4e-05,QF40,40
R03937,real_59469.jpg,Real,Real,0.001549,QF40,40
R02348,real_39880.jpg,Real,Real,0.02655,QF40,40
R02304,real_3935.jpg,Real,Fake,0.663574,QF40,40
R01164,real_25072.jpg,Real,Real,9.9e-05,QF40,40
R01136,real_24644.jpg,Real,Real,0.017242,QF40,40
R00431,real_15967.jpg,Real,Real,1e-06,QF40,40
R00916,real_21910.jpg,Real,Real,1e-06,QF40,40
R00433,real_15986.jpg,Real,Real,0.0,QF40,40
R03588,real_55186.jpg,Real,Real,9.8e-05,QF40,40
R02018,real_36012.jpg,Real,Real,0.008347,QF40,40
R03806,real_57916.jpg,Real,Real,0.000469,QF40,40
R04713,real_69278.jpg,Real,Real,4.2e-05,QF40,40
R04117,real_61871.jpg,Real,Real,0.001356,QF40,40
R03674,real_56364.jpg,Real,Real,0.0,QF40,40
R02752,real_4508.jpg,Real,Real,1e-06,QF40,40
R00402,real_15636.jpg,Real,Real,0.000457,QF40,40
R01703,real_31688.jpg,Real,Real,0.0,QF40,40
R01158,real_24966.jpg,Real,Real,0.112,QF40,40
R00352,real_15016.jpg,Real,Real,3.5e-05,QF40,40
R02431,real_41067.jpg,Real,Real,0.0,QF40,40
R02520,real_42145.jpg,Real,Real,0.0,QF40,40
R00372,real_15227.jpg,Real,Real,3e-06,QF40,40
R02506,real_41997.jpg,Real,Real,0.041229,QF40,40
R00098,real_11340.jpg,Real,Real,0.094482,QF40,40
R00418,real_15852.jpg,Real,Fake,0.560059,QF40,40
R02668,real_43947.jpg,Real,Real,5e-06,QF40,40
R00363,real_15150.jpg,Real,Real,0.042175,QF40,40
R00759,real_2010.jpg,Real,Real,0.006588,QF40,40
R00019,real_10255.jpg,Real,Real,0.0,QF40,40
R00596,real_18121.jpg,Real,Real,0.000755,QF40,40
R02136,real_37388.jpg,Real,Real,0.014389,QF40,40
R02475,real_4155.jpg,Real,Real,0.011032,QF40,40
R00859,real_2123.jpg,Real,Real,0.0,QF40,40
R02849,real_4619.jpg,Real,Real,4e-06,QF40,40
R02727,real_44763.jpg,Real,Real,7e-06,QF40,40
R04460,real_66064.jpg,Real,Real,3.7e-05,QF40,40
R01462,real_28554.jpg,Real,Real,5.8e-05,QF40,40
R01276,real_26298.jpg,Real,Real,0.000497,QF40,40
R02716,real_44629.jpg,Real,Real,0.0,QF40,40
R01149,real_24883.jpg,Real,Real,0.0,QF40,40
R00144,real_11970.jpg,Real,Real,0.000137,QF40,40
R01081,real_23860.jpg,Real,Real,0.08728,QF40,40
R03347,real_52455.jpg,Real,Real,0.00012,QF40,40
R04807,real_7546.jpg,Real,Real,0.017105,QF40,40
R03152,real_49913.jpg,Real,Real,4e-06,QF40,40
R01478,real_28657.jpg,Real,Real,0.0,QF40,40
R02230,real_38538.jpg,Real,Real,0.134399,QF40,40
R02119,real_37143.jpg,Real,Real,0.0,QF40,40
R02834,real_45951.jpg,Real,Real,1e-06,QF40,40
R01816,real_33274.jpg,Real,Real,0.00109,QF40,40
R02731,real_4480.jpg,Real,Real,0.000826,QF40,40
R00284,real_14169.jpg,Real,Real,0.0,QF40,40
R04903,real_8724.jpg,Real,Fake,0.791992,QF40,40
R00066,real_10948.jpg,Real,Fake,0.797363,QF40,40
R04717,real_69318.jpg,Real,Real,0.105774,QF40,40
R01314,real_2671.jpg,Real,Real,5e-06,QF40,40
R00306,real_14466.jpg,Real,Real,0.002226,QF40,40
R01653,real_30960.jpg,Real,Real,1e-06,QF40,40
R03176,real_5025.jpg,Real,Real,5e-06,QF40,40
R04951,real_9382.jpg,Real,Real,0.004738,QF40,40
R00008,real_10077.jpg,Real,Real,0.002369,QF40,40
R04553,real_67246.jpg,Real,Real,0.002369,QF40,40
R00105,real_1142.jpg,Real,Real,0.276855,QF40,40
R02672,real_44041.jpg,Real,Real,0.0,QF40,40
R00534,real_17314.jpg,Real,Real,0.0,QF40,40
R01104,real_24139.jpg,Real,Real,0.387207,QF40,40
R04829,real_7845.jpg,Real,Real,4e-06,QF40,40
R01139,real_24681.jpg,Real,Real,0.0,QF40,40
R00546,real_17469.jpg,Real,Real,1e-06,QF40,40
R04827,real_7821.jpg,Real,Real,0.001543,QF40,40
R01733,real_32068.jpg,Real,Real,0.000634,QF40,40
R04887,real_851.jpg,Real,Real,4e-06,QF40,40
R04418,real_65552.jpg,Real,Real,6e-06,QF40,40
R04316,real_64125.jpg,Real,Real,0.10376,QF40,40
R02432,real_41069.jpg,Real,Real,0.402344,QF40,40
R02958,real_47517.jpg,Real,Real,0.031494,QF40,40
R02086,real_36721.jpg,Real,Real,0.022293,QF40,40
R00009,real_10081.jpg,Real,Real,1e-06,QF40,40
R00594,real_18111.jpg,Real,Real,0.000507,QF40,40
R01295,real_26503.jpg,Real,Real,6e-06,QF40,40
R00572,real_17917.jpg,Real,Real,0.256104,QF40,40
R02879,real_46614.jpg,Real,Real,0.000798,QF40,40
R01986,real_35636.jpg,Real,Real,0.000609,QF40,40
R02779,real_45358.jpg,Real,Real,0.0,QF40,40
R03964,real_59816.jpg,Real,Real,0.0,QF40,40
R04933,real_9053.jpg,Real,Real,1e-06,QF40,40
R00762,real_20111.jpg,Real,Real,0.0,QF40,40
R04631,real_68169.jpg,Real,Real,0.000701,QF40,40
R01597,real_3031.jpg,Real,Real,0.000257,QF40,40
R03049,real_48606.jpg,Real,Real,0.000123,QF40,40
R02485,real_41680.jpg,Real,Real,0.090759,QF40,40
R04114,real_61833.jpg,Real,Real,0.009056,QF40,40
R00848,real_21020.jpg,Real,Real,0.0,QF40,40
R03389,real_52934.jpg,Real,Real,0.0,QF40,40
R02687,real_44231.jpg,Real,Real,1e-06,QF40,40
R01170,real_25141.jpg,Real,Real,8.4e-05,QF40,40
R04103,real_61687.jpg,Real,Real,0.000371,QF40,40
R01921,real_34756.jpg,Real,Fake,0.725586,QF40,40
R00168,real_12348.jpg,Real,Real,0.001116,QF40,40
R04002,real_6034.jpg,Real,Real,0.0,QF40,40
R00855,real_21170.jpg,Real,Real,0.0,QF40,40
R04359,real_64705.jpg,Real,Real,0.007149,QF40,40
R01606,real_30428.jpg,Real,Real,0.174072,QF40,40
R00898,real_21743.jpg,Real,Real,2e-06,QF40,40
R03475,real_54012.jpg,Real,Real,2e-06,QF40,40
R02895,real_46856.jpg,Real,Real,0.010567,QF40,40
R02270,real_39037.jpg,Real,Real,0.0,QF40,40
R04160,real_62396.jpg,Real,Real,0.002058,QF40,40
R02277,real_39109.jpg,Real,Real,0.002684,QF40,40
R01679,real_31261.jpg,Real,Real,0.031494,QF40,40
R03165,real_50090.jpg,Real,Real,0.0,QF40,40
R04831,real_7867.jpg,Real,Real,0.000115,QF40,40
R02623,real_43451.jpg,Real,Real,0.0,QF40,40
R02846,real_46153.jpg,Real,Fake,0.790527,QF40,40
R03027,real_48279.jpg,Real,Real,0.105591,QF40,40
R04929,real_9015.jpg,Real,Real,0.0,QF40,40
R04862,real_8232.jpg,Real,Real,0.0,QF40,40
R03119,real_49475.jpg,Real,Real,0.00202,QF40,40
R00052,real_10775.jpg,Real,Fake,0.870117,QF40,40
R03701,real_56687.jpg,Real,Real,0.0,QF40,40
R04121,real_61913.jpg,Real,Real,0.0,QF40,40
R03116,real_49345.jpg,Real,Real,0.0,QF40,40
R01716,real_31838.jpg,Real,Real,0.041931,QF40,40
R01779,real_32647.jpg,Real,Real,0.004135,QF40,40
R02743,real_44875.jpg,Real,Real,0.000701,QF40,40
R04765,real_69953.jpg,Real,Real,0.092041,QF40,40
R04645,real_68378.jpg,Real,Real,0.0,QF40,40
R00583,real_17998.jpg,Real,Real,0.005665,QF40,40
R01639,real_30745.jpg,Real,Real,0.003511,QF40,40
R01351,real_27243.jpg,Real,Real,0.000411,QF40,40
R02800,real_45546.jpg,Real,Real,8e-06,QF40,40
R00519,real_17104.jpg,Real,Real,1e-06,QF40,40
R01781,real_32678.jpg,Real,Real,0.0,QF40,40
R03018,real_48180.jpg,Real,Real,0.00415,QF40,40
R00163,real_12294.jpg,Real,Real,2.5e-05,QF40,40
R02617,real_43381.jpg,Real,Real,0.000121,QF40,40
R03940,real_59501.jpg,Real,Real,0.000308,QF40,40
R00935,real_22099.jpg,Real,Real,0.022324,QF40,40
R02773,real_45297.jpg,Real,Real,0.000417,QF40,40
R01196,real_25475.jpg,Real,Real,0.0,QF40,40
R01301,real_26533.jpg,Real,Real,0.0,QF40,40
R03474,real_5401.jpg,Real,Real,0.000155,QF40,40
R04851,real_809.jpg,Real,Real,1e-06,QF40,40
R04206,real_62989.jpg,Real,Real,0.0,QF40,40
R02902,real_46909.jpg,Real,Real,0.015671,QF40,40
R04398,real_65295.jpg,Real,Real,0.000151,QF40,40
R04776,real_7102.jpg,Real,Real,0.026306,QF40,40
R02302,real_39338.jpg,Real,Real,0.0,QF40,40
R00454,real_1628.jpg,Real,Real,0.0,QF40,40
R02193,real_38093.jpg,Real,Real,0.14917,QF40,40
R01750,real_32251.jpg,Real,Real,0.00201,QF40,40
R04245,real_63370.jpg,Real,Real,1e-06,QF40,40
R01110,real_24222.jpg,Real,Real,3e-06,QF40,40
R01060,real_23602.jpg,Real,Real,2e-06,QF40,40
R01700,real_31590.jpg,Real,Real,0.47998,QF40,40
R02016,real_3601.jpg,Real,Real,0.010056,QF40,40
R01516,real_29137.jpg,Real,Real,0.00019,QF40,40
R03236,real_50969.jpg,Real,Real,0.0,QF40,40
R02451,real_41281.jpg,Real,Real,0.0,QF40,40
R01721,real_31931.jpg,Real,Real,0.000182,QF40,40
R02297,real_39283.jpg,Real,Real,0.0,QF40,40
R03340,real_52377.jpg,Real,Real,0.001675,QF40,40
R02460,real_41353.jpg,Real,Real,7.4e-05,QF40,40
R03761,real_57279.jpg,Real,Real,0.179077,QF40,40
R02878,real_466.jpg,Real,Real,0.0,QF40,40
R00932,real_2208.jpg,Real,Real,0.000376,QF40,40
R03132,real_49654.jpg,Real,Real,1.4e-05,QF40,40
R04983,real_9789.jpg,Real,Real,0.000269,QF40,40
R01373,real_27533.jpg,Real,Real,0.074524,QF40,40
R02028,real_361.jpg,Real,Real,0.000546,QF40,40
R04748,real_69716.jpg,Real,Real,0.006798,QF40,40
R00413,real_15783.jpg,Real,Real,0.000261,QF40,40
R01117,real_24312.jpg,Real,Real,9.1e-05,QF40,40
R01856,real_33726.jpg,Real,Real,9.1e-05,QF40,40
R02912,real_4700.jpg,Real,Real,0.0,QF40,40
R02149,real_3755.jpg,Real,Real,0.002323,QF40,40
R00997,real_22804.jpg,Real,Real,0.00021,QF40,40
R01331,real_26968.jpg,Real,Real,1e-06,QF40,40
R00700,real_19319.jpg,Real,Real,6.5e-05,QF40,40
R01958,real_35232.jpg,Real,Real,0.002182,QF40,40
R02759,real_45193.jpg,Real,Real,0.002182,QF40,40
R00393,real_15449.jpg,Real,Real,0.000167,QF40,40
R01336,real_27025.jpg,Real,Real,0.0,QF40,40
R03755,real_57252.jpg,Real,Real,0.005302,QF40,40
R00723,real_19621.jpg,Real,Real,0.0,QF40,40
R04702,real_69197.jpg,Real,Real,0.0,QF40,40
R01874,real_33968.jpg,Real,Real,0.0,QF40,40
R03676,real_56387.jpg,Real,Real,0.065857,QF40,40
R04116,real_61855.jpg,Real,Real,6e-06,QF40,40
R00109,real_11455.jpg,Real,Real,0.00214,QF40,40
R03869,real_58706.jpg,Real,Real,0.0,QF40,40
R01864,real_33835.jpg,Real,Real,0.0,QF40,40
R00603,real_18201.jpg,Real,Real,0.000807,QF40,40
R01477,real_28655.jpg,Real,Real,0.00399,QF40,40
R02901,real_46888.jpg,Real,Real,0.000997,QF40,40
R01396,real_27790.jpg,Real,Real,5.1e-05,QF40,40
R04010,real_60505.jpg,Real,Real,0.019241,QF40,40
R03063,real_48757.jpg,Real,Real,0.019348,QF40,40
R02636,real_43609.jpg,Real,Real,0.0,QF40,40
R02212,real_38344.jpg,Real,Real,0.003235,QF40,40
R00602,real_18187.jpg,Real,Real,0.085388,QF40,40
R03874,real_58744.jpg,Real,Real,0.0,QF40,40
R02324,real_39555.jpg,Real,Real,0.020599,QF40,40
R00470,real_16430.jpg,Real,Real,2.6e-05,QF40,40
R01108,real_24196.jpg,Real,Real,0.001279,QF40,40
R03601,real_55352.jpg,Real,Real,0.000227,QF40,40
R03196,real_50532.jpg,Real,Real,0.010094,QF40,40
R04039,real_60795.jpg,Real,Real,0.001889,QF40,40
R03572,real_55020.jpg,Real,Real,0.020294,QF40,40
R02611,real_43343.jpg,Real,Real,0.0,QF40,40
R01010,real_23014.jpg,Real,Real,0.123596,QF40,40
R00771,real_20240.jpg,Real,Real,0.0,QF40,40
R02410,real_40851.jpg,Real,Real,3e-06,QF40,40
R01873,real_3396.jpg,Real,Real,4e-06,QF40,40
R00265,real_13817.jpg,Real,Real,0.0,QF40,40
R02306,real_39389.jpg,Real,Real,4e-05,QF40,40
R04595,real_6774.jpg,Real,Real,2e-06,QF40,40
R00643,real_18722.jpg,Real,Real,6.4e-05,QF40,40
R03118,real_49444.jpg,Real,Real,7.4e-05,QF40,40
R00446,real_16152.jpg,Real,Real,0.098755,QF40,40
R03580,real_55145.jpg,Real,Real,0.0,QF40,40
R02411,real_40852.jpg,Real,Real,9.8e-05,QF40,40
R00044,real_10662.jpg,Real,Real,0.0,QF40,40
R02870,real_46492.jpg,Real,Real,1e-06,QF40,40
R00198,real_12911.jpg,Real,Real,0.000139,QF40,40
R01976,real_35437.jpg,Real,Real,0.017853,QF40,40
R00871,real_21401.jpg,Real,Real,5.3e-05,QF40,40
R01003,real_22893.jpg,Real,Real,0.0,QF40,40
R04879,real_845.jpg,Real,Real,1e-06,QF40,40
R04053,real_60984.jpg,Real,Real,3e-06,QF40,40
R02013,real_35976.jpg,Real,Real,9e-06,QF40,40
R02949,real_47396.jpg,Real,Real,0.001649,QF40,40
R04703,real_69217.jpg,Real,Real,0.032715,QF40,40
R04849,real_8072.jpg,Real,Real,0.000165,QF40,40
R02877,real_46594.jpg,Real,Real,0.038177,QF40,40
R04170,real_62549.jpg,Real,Real,0.009674,QF40,40
R00515,real_1708.jpg,Real,Real,0.0,QF40,40
R00036,real_10567.jpg,Real,Real,0.0,QF40,40
R03094,real_49108.jpg,Real,Real,0.003172,QF40,40
R00081,real_11092.jpg,Real,Real,3.8e-05,QF40,40
R04472,real_6618.jpg,Real,Real,8e-06,QF40,40
R03069,real_48890.jpg,Real,Real,0.0,QF40,40
R02384,real_40473.jpg,Real,Real,0.0,QF40,40
R02323,real_39535.jpg,Real,Real,0.182983,QF40,40
R02618,real_43389.jpg,Real,Real,0.0,QF40,40
R01557,real_29684.jpg,Real,Real,0.000124,QF40,40
R02928,real_47157.jpg,Real,Real,0.0,QF40,40
R00429,real_15964.jpg,Real,Real,0.000755,QF40,40
R02693,real_44304.jpg,Real,Real,6.1e-05,QF40,40
R04888,real_8545.jpg,Real,Real,0.0,QF40,40
R02191,real_38072.jpg,Real,Real,2.9e-05,QF40,40
R03097,real_49128.jpg,Real,Real,0.0,QF40,40
R00233,real_13401.jpg,Real,Real,0.0,QF40,40
R02591,real_42995.jpg,Real,Real,0.0,QF40,40
R04389,real_65109.jpg,Real,Real,0.000458,QF40,40
R03759,real_57275.jpg,Real,Real,0.114197,QF40,40
R00353,real_15030.jpg,Real,Real,0.0,QF40,40
R00685,real_19191.jpg,Real,Real,2.9e-05,QF40,40
R01079,real_23848.jpg,Real,Real,0.042328,QF40,40
R01091,real_23963.jpg,Real,Real,4e-06,QF40,40
R00684,real_19185.jpg,Real,Real,5.8e-05,QF40,40
R03178,real_50309.jpg,Real,Real,0.0,QF40,40
R01505,real_28983.jpg,Real,Real,0.001285,QF40,40
R01106,real_24150.jpg,Real,Real,5e-06,QF40,40
R02060,real_3645.jpg,Real,Real,1.7e-05,QF40,40
R04059,real_61137.jpg,Real,Real,0.0,QF40,40
R03219,real_5073.jpg,Real,Real,0.0,QF40,40
R02828,real_45885.jpg,Real,Real,0.005302,QF40,40
R01400,real_27825.jpg,Real,Real,0.005428,QF40,40
R02557,real_42550.jpg,Real,Real,1e-06,QF40,40
R03215,real_507.jpg,Real,Real,0.0,QF40,40
R04498,real_66506.jpg,Real,Real,0.315674,QF40,40
R00457,real_16329.jpg,Real,Real,0.081665,QF40,40
R01448,real_28326.jpg,Real,Real,0.000245,QF40,40
R04467,real_66149.jpg,Real,Real,0.031494,QF40,40
R02079,real_36640.jpg,Real,Real,0.0,QF40,40
R00380,real_15346.jpg,Real,Real,0.000659,QF40,40
R00190,real_12721.jpg,Real,Real,0.164551,QF40,40
R02987,real_47871.jpg,Real,Real,0.000205,QF40,40
R02737,real_44839.jpg,Real,Real,3.5e-05,QF40,40
R00658,real_1885.jpg,Real,Real,0.0,QF40,40
R03480,real_54068.jpg,Real,Real,0.005981,QF40,40
R01646,real_30886.jpg,Real,Real,0.16626,QF40,40
R02488,real_41709.jpg,Real,Real,0.0,QF40,40
R01903,real_3440.jpg,Real,Real,0.024933,QF40,40
R02842,real_46036.jpg,Real,Real,0.055298,QF40,40
R00408,real_15727.jpg,Real,Real,0.008987,QF40,40
R04586,real_67636.jpg,Real,Real,0.0,QF40,40
R04621,real_68006.jpg,Real,Real,0.000191,QF40,40
R03690,real_56607.jpg,Real,Real,3e-06,QF40,40
R02991,real_47936.jpg,Real,Real,0.0,QF40,40
R01946,real_35018.jpg,Real,Real,0.000351,QF40,40
R03417,real_5330.jpg,Real,Real,0.000116,QF40,40
R02474,real_41546.jpg,Real,Real,5.7e-05,QF40,40
R01407,real_27946.jpg,Real,Real,0.00132,QF40,40
R02135,real_37387.jpg,Real,Real,0.000575,QF40,40
R01468,real_28578.jpg,Real,Real,0.000392,QF40,40
R04999,real_999.jpg,Real,Real,6e-06,QF40,40
R03388,real_52924.jpg,Real,Real,0.0,QF40,40
R04173,real_62570.jpg,Real,Real,0.007549,QF40,40
R00641,real_18698.jpg,Real,Real,0.0,QF40,40
R01730,real_32045.jpg,Real,Real,0.004005,QF40,40
R03821,real_58162.jpg,Real,Real,0.00126,QF40,40
R02434,real_41154.jpg,Real,Real,1e-06,QF40,40
R04526,real_66912.jpg,Real,Real,0.0,QF40,40
R04535,real_66985.jpg,Real,Real,0.0,QF40,40
R03261,real_51346.jpg,Real,Real,0.041534,QF40,40
R04944,real_9219.jpg,Real,Real,0.023102,QF40,40
R04934,real_9057.jpg,Real,Real,0.00013,QF40,40
R04405,real_65381.jpg,Real,Real,0.000106,QF40,40
R04073,real_61309.jpg,Real,Real,1.9e-05,QF40,40
R00586,real_1804.jpg,Real,Real,2.7e-05,QF40,40
R00403,real_15655.jpg,Real,Real,0.0,QF40,40
R01776,real_32600.jpg,Real,Real,0.000762,QF40,40
R00099,real_11345.jpg,Real,Real,0.330078,QF40,40
R00874,real_21417.jpg,Real,Real,4e-06,QF40,40
R01357,real_2738.jpg,Real,Real,4e-06,QF40,40
R00289,real_14284.jpg,Real,Real,0.025085,QF40,40
R00677,real_19091.jpg,Real,Real,0.000368,QF40,40
R03148,real_49862.jpg,Real,Real,0.012428,QF40,40
R04273,real_63646.jpg,Real,Real,2.2e-05,QF40,40
R03607,real_55437.jpg,Real,Real,0.000782,QF40,40
R01338,real_2706.jpg,Real,Real,3e-06,QF40,40
R01370,real_27496.jpg,Real,Real,0.004925,QF40,40
R04601,real_67794.jpg,Real,Real,0.000813,QF40,40
R00420,real_15868.jpg,Real,Real,1e-06,QF40,40
R03163,real_50065.jpg,Real,Real,0.092529,QF40,40
R01245,real_26.jpg,Real,Real,0.2771,QF40,40
R00877,real_21453.jpg,Real,Real,0.330322,QF40,40
R04719,real_69354.jpg,Real,Real,0.005241,QF40,40
R02935,real_47242.jpg,Real,Real,0.000249,QF40,40
R03232,real_50909.jpg,Real,Real,0.07196,QF40,40
R03903,real_59062.jpg,Real,Real,0.005161,QF40,40
R00622,real_1850.jpg,Real,Real,0.002165,QF40,40
R03873,real_5873.jpg,Real,Real,0.103394,QF40,40
R04578,real_67559.jpg,Real,Real,0.000203,QF40,40
R01369,real_27495.jpg,Real,Real,0.0,QF40,40
R04031,real_6073.jpg,Real,Real,2e-06,QF40,40
R01285,real_2638.jpg,Real,Real,0.103394,QF40,40
R00495,real_16808.jpg,Real,Real,0.187866,QF40,40
R02337,real_3969.jpg,Real,Real,0.055206,QF40,40
R04065,real_61217.jpg,Real,Real,0.006824,QF40,40
R00347,real_14974.jpg,Real,Real,0.000157,QF40,40
R00096,real_11311.jpg,Real,Real,0.004868,QF40,40
R03843,real_58455.jpg,Real,Real,2.6e-05,QF40,40
R03366,real_52640.jpg,Real,Real,4e-05,QF40,40
R03179,real_50315.jpg,Real,Real,0.001383,QF40,40
R04704,real_69220.jpg,Real,Real,1.3e-05,QF40,40
R00838,real_2098.jpg,Real,Real,0.442871,QF40,40
R03959,real_59758.jpg,Real,Real,0.209106,QF40,40
R04558,real_67286.jpg,Real,Real,1.8e-05,QF40,40
R02032,real_36131.jpg,Real,Real,1e-05,QF40,40
R01216,real_25686.jpg,Real,Real,3e-06,QF40,40
R02920,real_47066.jpg,Real,Real,9e-06,QF40,40
R01027,real_23297.jpg,Real,Real,2e-06,QF40,40
R03871,real_58722.jpg,Real,Real,0.007904,QF40,40
R04886,real_8500.jpg,Real,Real,0.001495,QF40,40
R02891,real_46798.jpg,Real,Real,6e-06,QF40,40
R01806,real_33108.jpg,Real,Real,0.0,QF40,40
R01829,real_33479.jpg,Real,Real,2.3e-05,QF40,40
R03768,real_57374.jpg,Real,Real,0.066101,QF40,40
R04722,real_69433.jpg,Real,Real,0.03656,QF40,40
R01346,real_27201.jpg,Real,Real,0.026108,QF40,40
R04790,real_7298.jpg,Real,Real,0.010696,QF40,40
R00778,real_20344.jpg,Real,Real,0.01297,QF40,40
R00667,real_18963.jpg,Real,Real,3.7e-05,QF40,40
R01599,real_30352.jpg,Real,Real,0.0,QF40,40
R01157,real_24950.jpg,Real,Real,0.008675,QF40,40
R01349,real_27225.jpg,Real,Real,0.00094,QF40,40
R02545,real_42435.jpg,Real,Real,0.003376,QF40,40
R00385,real_15398.jpg,Real,Real,1.5e-05,QF40,40
R02443,real_41215.jpg,Real,Real,0.000951,QF40,40
R04210,real_6303.jpg,Real,Real,0.049316,QF40,40
R00979,real_22614.jpg,Real,Real,0.000301,QF40,40
R04539,real_67033.jpg,Real,Real,0.002226,QF40,40
R04503,real_66584.jpg,Real,Real,0.007175,QF40,40
R00171,real_12383.jpg,Real,Fake,0.885254,QF40,40
R03852,real_58520.jpg,Real,Real,0.010056,QF40,40
R00752,real_20020.jpg,Real,Real,0.0,QF40,40
R03202,real_50563.jpg,Real,Real,6e-06,QF40,40
R03534,real_54723.jpg,Real,Real,1e-06,QF40,40
R00050,real_10763.jpg,Real,Real,0.089905,QF40,40
R02789,real_45424.jpg,Real,Real,0.0,QF40,40
R01860,real_33792.jpg,Real,Real,0.0,QF40,40
R00111,real_1149.jpg,Real,Real,7e-06,QF40,40
R01883,real_34092.jpg,Real,Real,0.000989,QF40,40
R04917,real_8845.jpg,Real,Real,0.001796,QF40,40
R00359,real_15122.jpg,Real,Real,6e-06,QF40,40
R00070,real_10979.jpg,Real,Real,0.0,QF40,40
R01183,real_25371.jpg,Real,Real,0.004574,QF40,40
R02587,real_42922.jpg,Real,Real,1.7e-05,QF40,40
R01774,real_32592.jpg,Real,Real,0.000505,QF40,40
R03923,real_59335.jpg,Real,Real,0.011292,QF40,40
R03658,real_5609.jpg,Real,Real,0.0,QF40,40
R01711,real_31745.jpg,Real,Real,0.0,QF40,40
R03813,real_58024.jpg,Real,Real,0.00011,QF40,40
R01293,real_26488.jpg,Real,Real,0.000156,QF40,40
R03562,real_54960.jpg,Real,Real,1e-06,QF40,40
R04809,real_7555.jpg,Real,Real,0.0,QF40,40
R03301,real_51888.jpg,Real,Real,0.002602,QF40,40
R02343,real_39774.jpg,Real,Real,9.8e-05,QF40,40
R03846,real_58465.jpg,Real,Real,9e-05,QF40,40
R01146,real_24832.jpg,Real,Real,0.003416,QF40,40
R04041,real_60802.jpg,Real,Real,6e-06,QF40,40
R04232,real_63214.jpg,Real,Real,0.015427,QF40,40
R03584,real_55175.jpg,Real,Real,0.0,QF40,40
R00244,real_13601.jpg,Real,Real,5.6e-05,QF40,40
R04637,real_68275.jpg,Real,Real,0.000398,QF40,40
R02702,real_44404.jpg,Real,Real,2e-06,QF40,40
R03738,real_57009.jpg,Real,Real,0.207397,QF40,40
R00145,real_1199.jpg,Real,Real,0.004681,QF40,40
R03734,real_56977.jpg,Real,Real,0.009521,QF40,40
R03465,real_53917.jpg,Real,Real,0.070557,QF40,40
R03662,real_5621.jpg,Real,Real,4.6e-05,QF40,40
R03624,real_55662.jpg,Real,Real,4e-06,QF40,40
R04177,real_6260.jpg,Real,Real,4e-06,QF40,40
R03775,real_5752.jpg,Real,Real,0.0001,QF40,40
R02767,real_45244.jpg,Real,Real,0.00227,QF40,40
R01540,real_29467.jpg,Real,Real,0.0,QF40,40
R03678,real_56442.jpg,Real,Real,0.021332,QF40,40
R03254,real_51244.jpg,Real,Real,0.001249,QF40,40
R04038,real_60794.jpg,Real,Real,0.000166,QF40,40
R04007,real_60449.jpg,Real,Real,0.013123,QF40,40
R04127,real_61983.jpg,Real,Real,0.002779,QF40,40
R02425,real_41020.jpg,Real,Real,0.0,QF40,40
R03506,real_54391.jpg,Real,Real,0.015366,QF40,40
R01192,real_25436.jpg,Real,Real,0.0,QF40,40
R04480,real_66283.jpg,Real,Real,0.261719,QF40,40
R03089,real_49063.jpg,Real,Real,1e-06,QF40,40
R01555,real_29676.jpg,Real,Real,0.00032,QF40,40
R02960,real_47536.jpg,Real,Real,0.0,QF40,40
R02472,real_41531.jpg,Real,Real,7.4e-05,QF40,40
R04767,real_69965.jpg,Real,Real,0.000305,QF40,40
R02626,real_43504.jpg,Real,Real,0.0,QF40,40
R00706,real_19373.jpg,Real,Real,0.066956,QF40,40
R01783,real_32706.jpg,Real,Real,0.0,QF40,40
R02859,real_46367.jpg,Real,Real,0.0,QF40,40
R04428,real_65686.jpg,Real,Real,0.022415,QF40,40
R03032,real_48338.jpg,Real,Real,0.0,QF40,40
R04366,real_64799.jpg,Real,Real,4.1e-05,QF40,40
R03080,real_49006.jpg,Real,Real,2e-06,QF40,40
R03958,real_59749.jpg,Real,Real,0.0,QF40,40
R00229,real_13343.jpg,Real,Real,0.086304,QF40,40
R00366,real_1517.jpg,Real,Real,4e-06,QF40,40
R00807,real_2066.jpg,Real,Real,7.2e-05,QF40,40
R02252,real_38760.jpg,Real,Real,0.0,QF40,40
R03476,real_54020.jpg,Real,Real,0.0,QF40,40
R04130,real_62053.jpg,Real,Real,0.0,QF40,40
R04834,real_7926.jpg,Real,Real,0.000376,QF40,40
R03346,real_52433.jpg,Real,Real,6.8e-05,QF40,40
R02235,real_38596.jpg,Real,Real,0.000109,QF40,40
R04706,real_69236.jpg,Real,Real,8.7e-05,QF40,40
R01971,real_35377.jpg,Real,Real,0.0,QF40,40
R00499,real_16875.jpg,Real,Real,0.163452,QF40,40
R02382,real_40418.jpg,Real,Real,0.035156,QF40,40
R01019,real_23156.jpg,Real,Real,0.005913,QF40,40
R02677,real_4412.jpg,Real,Real,0.317383,QF40,40
R02258,real_38838.jpg,Real,Real,0.012383,QF40,40
R01668,real_31153.jpg,Real,Real,0.018021,QF40,40
R00140,real_11936.jpg,Real,Real,0.0,QF40,40
R03951,real_59623.jpg,Real,Real,0.018585,QF40,40
R00310,real_1454.jpg,Real,Real,1e-06,QF40,40
R01076,real_2380.jpg,Real,Real,0.065491,QF40,40
R01077,real_23836.jpg,Real,Real,0.002359,QF40,40
R01078,real_23845.jpg,Real,Real,0.00021,QF40,40
R01093,real_23992.jpg,Real,Real,1.3e-05,QF40,40
R03305,real_5192.jpg,Real,Real,0.009712,QF40,40
R00945,real_22181.jpg,Real,Real,0.02002,QF40,40
R02722,real_44707.jpg,Real,Real,0.000171,QF40,40
R03769,real_57387.jpg,Real,Real,0.000405,QF40,40
R03539,real_54789.jpg,Real,Real,0.000305,QF40,40
R01802,real_32970.jpg,Real,Real,0.000274,QF40,40
R02447,real_41258.jpg,Real,Real,8.5e-05,QF40,40
R04237,real_63281.jpg,Real,Real,0.000521,QF40,40
R01252,real_26085.jpg,Real,Real,0.015602,QF40,40
R02964,real_47595.jpg,Real,Real,0.0,QF40,40
R00985,real_22666.jpg,Real,Real,0.0,QF40,40
R00962,real_22447.jpg,Real,Real,0.0,QF40,40
R04723,real_6944.jpg,Real,Real,0.001574,QF40,40
R04687,real_68971.jpg,Real,Real,5.8e-05,QF40,40
R03037,real_4836.jpg,Real,Real,0.0,QF40,40
R00023,real_10319.jpg,Real,Real,6.8e-05,QF40,40
R01033,real_23351.jpg,Real,Fake,0.793945,QF40,40
R00332,real_14746.jpg,Real,Real,0.0,QF40,40
R04437,real_65800.jpg,Real,Real,0.086304,QF40,40
R02496,real_4182.jpg,Real,Real,0.049683,QF40,40
R02158,real_37661.jpg,Real,Real,3e-06,QF40,40
R02282,real_3919.jpg,Real,Fake,0.73291,QF40,40
R04669,real_68776.jpg,Real,Real,0.0,QF40,40
R03583,real_55174.jpg,Real,Real,0.0,QF40,40
R00349,real_14988.jpg,Real,Real,2e-06,QF40,40
R00134,real_11852.jpg,Real,Real,0.0,QF40,40
R02634,real_4358.jpg,Real,Real,0.02121,QF40,40
R00207,real_13038.jpg,Real,Real,0.200928,QF40,40
R02865,real_46447.jpg,Real,Real,3.9e-05,QF40,40
R04724,real_69465.jpg,Real,Real,0.000416,QF40,40
R01551,real_29622.jpg,Real,Real,0.005913,QF40,40
R00001,real_10007.jpg,Real,Real,0.0,QF40,40
R00490,real_16740.jpg,Real,Real,0.0,QF40,40
R03645,real_5587.jpg,Real,Real,0.290527,QF40,40
R00021,real_103.jpg,Real,Real,0.000429,QF40,40
R01013,real_23074.jpg,Real,Real,1e-06,QF40,40
R01949,real_35093.jpg,Real,Real,1.9e-05,QF40,40
R00239,real_13473.jpg,Real,Real,1e-06,QF40,40
R01592,real_30155.jpg,Real,Real,0.019089,QF40,40
R00093,real_11241.jpg,Real,Real,0.098572,QF40,40
R04118,real_61874.jpg,Real,Real,0.0,QF40,40
R03343,real_52409.jpg,Real,Real,3e-06,QF40,40
R03809,real_57942.jpg,Real,Real,0.028214,QF40,40
R03153,real_4992.jpg,Real,Real,0.003099,QF40,40
R04207,real_63000.jpg,Real,Real,0.000894,QF40,40
R02147,real_37533.jpg,Real,Real,1.3e-05,QF40,40
R00904,real_218.jpg,Real,Real,0.448486,QF40,40
R02308,real_39429.jpg,Real,Real,0.008575,QF40,40
R04998,real_998.jpg,Real,Real,0.146606,QF40,40
R02237,real_38613.jpg,Real,Real,0.00227,QF40,40
R03889,real_58908.jpg,Real,Real,0.0,QF40,40
R04956,real_9451.jpg,Real,Real,0.0,QF40,40
R01341,real_2712.jpg,Real,Real,3e-05,QF40,40
R03188,real_50445.jpg,Real,Real,0.0,QF40,40
R04071,real_61284.jpg,Real,Real,8.5e-05,QF40,40
R01014,real_23078.jpg,Real,Real,1.5e-05,QF40,40
F01608,fake_29522.jpg,Fake,Fake,0.999512,QF40,40
F02925,fake_46861.jpg,Fake,Fake,1.0,QF40,40
F01955,fake_33634.jpg,Fake,Fake,0.960449,QF40,40
F04107,fake_61900.jpg,Fake,Fake,0.985352,QF40,40
F01353,fake_26402.jpg,Fake,Fake,1.0,QF40,40
F02277,fake_38193.jpg,Fake,Fake,0.999512,QF40,40
F04268,fake_63811.jpg,Fake,Fake,1.0,QF40,40
F04058,fake_61273.jpg,Fake,Fake,0.960938,QF40,40
F00013,fake_10183.jpg,Fake,Fake,1.0,QF40,40
F01938,fake_33472.jpg,Fake,Fake,0.985352,QF40,40
F03010,fake_47972.jpg,Fake,Fake,1.0,QF40,40
F02857,fake_45969.jpg,Fake,Fake,0.99707,QF40,40
F04554,fake_67363.jpg,Fake,Fake,0.998047,QF40,40
F01138,fake_23961.jpg,Fake,Fake,0.953125,QF40,40
F04334,fake_64669.jpg,Fake,Fake,0.999512,QF40,40
F04025,fake_60870.jpg,Fake,Fake,0.995117,QF40,40
F01720,fake_30835.jpg,Fake,Fake,0.92334,QF40,40
F03971,fake_60279.jpg,Fake,Fake,0.996582,QF40,40
F03997,fake_60545.jpg,Fake,Fake,1.0,QF40,40
F01538,fake_28577.jpg,Fake,Fake,1.0,QF40,40
F01881,fake_32710.jpg,Fake,Fake,1.0,QF40,40
F00810,fake_20334.jpg,Fake,Fake,0.98877,QF40,40
F03495,fake_54347.jpg,Fake,Fake,0.994629,QF40,40
F01821,fake_3204.jpg,Fake,Fake,0.980957,QF40,40
F03714,fake_57105.jpg,Fake,Fake,1.0,QF40,40
F02104,fake_35557.jpg,Fake,Fake,1.0,QF40,40
F03755,fake_57645.jpg,Fake,Fake,0.999512,QF40,40
F02571,fake_42492.jpg,Fake,Fake,1.0,QF40,40
F00920,fake_21605.jpg,Fake,Fake,1.0,QF40,40
F00164,fake_11907.jpg,Fake,Fake,0.991211,QF40,40
F02511,fake_41732.jpg,Fake,Fake,1.0,QF40,40
F02492,fake_41427.jpg,Fake,Fake,0.995117,QF40,40
F03970,fake_60275.jpg,Fake,Fake,0.791504,QF40,40
F00412,fake_15196.jpg,Fake,Fake,1.0,QF40,40
F03148,fake_49793.jpg,Fake,Fake,0.974609,QF40,40
F02909,fake_46661.jpg,Fake,Fake,0.999512,QF40,40
F03423,fake_53485.jpg,Fake,Fake,0.951172,QF40,40
F00365,fake_14608.jpg,Fake,Fake,0.998535,QF40,40
F03270,fake_51477.jpg,Fake,Fake,0.935547,QF40,40
F04847,fake_7982.jpg,Fake,Real,0.222534,QF40,40
F01682,fake_30453.jpg,Fake,Fake,0.544434,QF40,40
F04027,fake_60897.jpg,Fake,Fake,1.0,QF40,40
F02620,fake_43160.jpg,Fake,Fake,1.0,QF40,40
F03928,fake_59868.jpg,Fake,Fake,0.537109,QF40,40
F04885,fake_8497.jpg,Fake,Fake,0.99707,QF40,40
F01155,fake_24152.jpg,Fake,Fake,1.0,QF40,40
F00807,fake_20303.jpg,Fake,Fake,0.997559,QF40,40
F00170,fake_1202.jpg,Fake,Fake,1.0,QF40,40
F04167,fake_62602.jpg,Fake,Fake,0.880859,QF40,40
F00756,fake_19816.jpg,Fake,Fake,0.994629,QF40,40
F03701,fake_56896.jpg,Fake,Fake,0.956543,QF40,40
F01378,fake_26724.jpg,Fake,Fake,1.0,QF40,40
F04404,fake_65528.jpg,Fake,Fake,0.902344,QF40,40
F00708,fake_19167.jpg,Fake,Fake,0.95459,QF40,40
F01871,fake_32629.jpg,Fake,Fake,0.999512,QF40,40
F00695,fake_19025.jpg,Fake,Fake,1.0,QF40,40
F02107,fake_35591.jpg,Fake,Fake,0.894531,QF40,40
F03232,fake_50969.jpg,Fake,Fake,0.999512,QF40,40
F03674,fake_56525.jpg,Fake,Fake,0.98877,QF40,40
F01311,fake_25843.jpg,Fake,Fake,1.0,QF40,40
F01535,fake_285.jpg,Fake,Fake,0.943848,QF40,40
F02044,fake_34746.jpg,Fake,Fake,0.991211,QF40,40
F01270,fake_25341.jpg,Fake,Fake,1.0,QF40,40
F01229,fake_24895.jpg,Fake,Real,0.463867,QF40,40
F03716,fake_57169.jpg,Fake,Fake,1.0,QF40,40
F00798,fake_20198.jpg,Fake,Fake,0.569824,QF40,40
F04837,fake_7800.jpg,Fake,Fake,0.903809,QF40,40
F04528,fake_6703.jpg,Fake,Fake,1.0,QF40,40
F02194,fake_3689.jpg,Fake,Fake,0.999512,QF40,40
F04203,fake_63095.jpg,Fake,Fake,0.992188,QF40,40
F01904,fake_32954.jpg,Fake,Fake,1.0,QF40,40
F02313,fake_38739.jpg,Fake,Fake,1.0,QF40,40
F03587,fake_554.jpg,Fake,Fake,1.0,QF40,40
F01604,fake_29442.jpg,Fake,Fake,0.78125,QF40,40
F01555,fake_28876.jpg,Fake,Fake,0.992188,QF40,40
F00018,fake_10253.jpg,Fake,Fake,0.999023,QF40,40
F00141,fake_11608.jpg,Fake,Fake,1.0,QF40,40
F02270,fake_38115.jpg,Fake,Fake,1.0,QF40,40
F03764,fake_57782.jpg,Fake,Fake,0.975098,QF40,40
F03695,fake_56791.jpg,Fake,Fake,0.985352,QF40,40
F04042,fake_61126.jpg,Fake,Fake,0.979492,QF40,40
F02423,fake_40420.jpg,Fake,Fake,1.0,QF40,40
F04682,fake_68736.jpg,Fake,Fake,0.99707,QF40,40
F01176,fake_24395.jpg,Fake,Fake,0.999023,QF40,40
F01796,fake_3171.jpg,Fake,Fake,0.999512,QF40,40
F00282,fake_13451.jpg,Fake,Fake,1.0,QF40,40
F03634,fake_5608.jpg,Fake,Fake,1.0,QF40,40
F01369,fake_26614.jpg,Fake,Fake,1.0,QF40,40
F01698,fake_30642.jpg,Fake,Fake,0.999512,QF40,40
F00307,fake_13786.jpg,Fake,Fake,1.0,QF40,40
F04427,fake_65863.jpg,Fake,Fake,0.999512,QF40,40
F01782,fake_31491.jpg,Fake,Fake,0.993164,QF40,40
F02654,fake_43512.jpg,Fake,Fake,0.97998,QF40,40
F02727,fake_44413.jpg,Fake,Fake,0.988281,QF40,40
F04308,fake_64349.jpg,Fake,Fake,0.985352,QF40,40
F01643,fake_30.jpg,Fake,Fake,1.0,QF40,40
F04896,fake_8653.jpg,Fake,Fake,1.0,QF40,40
F01581,fake_29178.jpg,Fake,Fake,0.79834,QF40,40
F03739,fake_57397.jpg,Fake,Fake,1.0,QF40,40
F04302,fake_64302.jpg,Fake,Fake,0.964844,QF40,40
F02300,fake_38520.jpg,Fake,Fake,1.0,QF40,40
F04796,fake_7280.jpg,Fake,Fake,1.0,QF40,40
F03671,fake_565.jpg,Fake,Fake,1.0,QF40,40
F00390,fake_14935.jpg,Fake,Fake,1.0,QF40,40
F01004,fake_22544.jpg,Fake,Fake,0.979492,QF40,40
F03824,fake_58697.jpg,Fake,Fake,0.967773,QF40,40
F03675,fake_5654.jpg,Fake,Fake,0.992676,QF40,40
F04664,fake_68555.jpg,Fake,Fake,0.999023,QF40,40
F02074,fake_35080.jpg,Fake,Fake,0.839355,QF40,40
F00960,fake_22036.jpg,Fake,Fake,0.999512,QF40,40
F01429,fake_27244.jpg,Fake,Fake,1.0,QF40,40
F00681,fake_18830.jpg,Fake,Fake,0.971191,QF40,40
F00118,fake_11388.jpg,Fake,Fake,1.0,QF40,40
F00199,fake_12441.jpg,Fake,Fake,1.0,QF40,40
F03019,fake_4810.jpg,Fake,Fake,0.993164,QF40,40
F00344,fake_14329.jpg,Fake,Fake,0.750977,QF40,40
F00531,fake_16605.jpg,Fake,Fake,1.0,QF40,40
F00101,fake_11208.jpg,Fake,Fake,1.0,QF40,40
F04160,fake_62544.jpg,Fake,Fake,0.999023,QF40,40
F00419,fake_15290.jpg,Fake,Fake,0.944824,QF40,40
F02416,fake_40308.jpg,Fake,Fake,1.0,QF40,40
F00586,fake_17488.jpg,Fake,Fake,0.997559,QF40,40
F01028,fake_22819.jpg,Fake,Fake,1.0,QF40,40
F01464,fake_27541.jpg,Fake,Fake,1.0,QF40,40
F02785,fake_4529.jpg,Fake,Fake,0.937012,QF40,40
F04333,fake_64666.jpg,Fake,Fake,0.788086,QF40,40
F03094,fake_49081.jpg,Fake,Fake,0.75293,QF40,40
F02390,fake_39844.jpg,Fake,Fake,0.999512,QF40,40
F03243,fake_51113.jpg,Fake,Real,0.288574,QF40,40
F00881,fake_21150.jpg,Fake,Fake,0.797852,QF40,40
F01480,fake_27751.jpg,Fake,Fake,0.989746,QF40,40
F00384,fake_14839.jpg,Fake,Fake,0.968262,QF40,40
F03942,fake_59987.jpg,Fake,Fake,0.775391,QF40,40
F01307,fake_25772.jpg,Fake,Fake,0.98877,QF40,40
F00008,fake_10114.jpg,Fake,Fake,1.0,QF40,40
F00603,fake_17671.jpg,Fake,Real,0.226807,QF40,40
F02740,fake_44663.jpg,Fake,Fake,0.996094,QF40,40
F04438,fake_65962.jpg,Fake,Fake,0.973145,QF40,40
F04950,fake_9385.jpg,Fake,Fake,1.0,QF40,40
F03177,fake_50118.jpg,Fake,Fake,0.962891,QF40,40
F04836,fake_7795.jpg,Fake,Fake,1.0,QF40,40
F04178,fake_62692.jpg,Fake,Fake,1.0,QF40,40
F01916,fake_33116.jpg,Fake,Fake,0.766602,QF40,40
F04694,fake_68876.jpg,Fake,Fake,0.885254,QF40,40
F03113,fake_49365.jpg,Fake,Fake,1.0,QF40,40
F01345,fake_26338.jpg,Fake,Fake,0.998535,QF40,40
F02942,fake_47005.jpg,Fake,Fake,0.999023,QF40,40
F00362,fake_14522.jpg,Fake,Fake,1.0,QF40,40
F00604,fake_17702.jpg,Fake,Fake,0.991211,QF40,40
F02693,fake_44024.jpg,Fake,Fake,0.994629,QF40,40
F02757,fake_44863.jpg,Fake,Fake,0.999512,QF40,40
F01485,fake_27826.jpg,Fake,Fake,0.914062,QF40,40
F04582,fake_67670.jpg,Fake,Fake,1.0,QF40,40
F02020,fake_3444.jpg,Fake,Fake,0.98584,QF40,40
F04655,fake_68450.jpg,Fake,Fake,0.937012,QF40,40
F02414,fake_40248.jpg,Fake,Fake,0.997559,QF40,40
F02488,fake_41378.jpg,Fake,Fake,0.918945,QF40,40
F04689,fake_68821.jpg,Fake,Fake,0.654785,QF40,40
F04826,fake_7622.jpg,Fake,Fake,0.994629,QF40,40
F01220,fake_24770.jpg,Fake,Fake,0.99707,QF40,40
F00314,fake_13851.jpg,Fake,Fake,0.875488,QF40,40
F00830,fake_20568.jpg,Fake,Real,0.241333,QF40,40
F01042,fake_22978.jpg,Fake,Fake,0.996582,QF40,40
F03103,fake_49256.jpg,Fake,Fake,0.989258,QF40,40
F04498,fake_66596.jpg,Fake,Fake,0.999023,QF40,40
F00969,fake_22134.jpg,Fake,Fake,0.836426,QF40,40
F01244,fake_25041.jpg,Fake,Fake,0.995605,QF40,40
F03782,fake_57996.jpg,Fake,Fake,0.999512,QF40,40
F03093,fake_49077.jpg,Fake,Real,0.237061,QF40,40
F01684,fake_30461.jpg,Fake,Fake,0.960449,QF40,40
F00900,fake_21426.jpg,Fake,Fake,0.946289,QF40,40
F01124,fake_2384.jpg,Fake,Fake,0.998535,QF40,40
F04202,fake_63092.jpg,Fake,Real,0.333496,QF40,40
F01453,fake_27462.jpg,Fake,Fake,0.988281,QF40,40
F03664,fake_56397.jpg,Fake,Fake,0.992676,QF40,40
F03312,fake_51974.jpg,Fake,Fake,0.865723,QF40,40
F03173,fake_50083.jpg,Fake,Fake,1.0,QF40,40
F03274,fake_51534.jpg,Fake,Fake,1.0,QF40,40
F04076,fake_61437.jpg,Fake,Fake,0.935059,QF40,40
F00478,fake_16114.jpg,Fake,Fake,1.0,QF40,40
F03197,fake_50359.jpg,Fake,Fake,1.0,QF40,40
F04169,fake_62607.jpg,Fake,Fake,1.0,QF40,40
F01494,fake_27987.jpg,Fake,Fake,0.992676,QF40,40
F00406,fake_15165.jpg,Fake,Fake,0.869141,QF40,40
F01503,fake_28104.jpg,Fake,Fake,0.955078,QF40,40
F01550,fake_28760.jpg,Fake,Fake,1.0,QF40,40
F00558,fake_17069.jpg,Fake,Real,0.246216,QF40,40
F04327,fake_6458.jpg,Fake,Fake,0.998535,QF40,40
F01344,fake_26324.jpg,Fake,Fake,1.0,QF40,40
F04409,fake_6557.jpg,Fake,Fake,0.999023,QF40,40
F02788,fake_45303.jpg,Fake,Fake,1.0,QF40,40
F01295,fake_25652.jpg,Fake,Fake,1.0,QF40,40
F02855,fake_45958.jpg,Fake,Fake,1.0,QF40,40
F03502,fake_54480.jpg,Fake,Fake,1.0,QF40,40
F02969,fake_47395.jpg,Fake,Fake,1.0,QF40,40
F03372,fake_52748.jpg,Fake,Fake,0.989258,QF40,40
F02185,fake_36737.jpg,Fake,Fake,0.947754,QF40,40
F00928,fake_2171.jpg,Fake,Fake,1.0,QF40,40
F04863,fake_8214.jpg,Fake,Fake,1.0,QF40,40
F04629,fake_68194.jpg,Fake,Fake,0.994141,QF40,40
F04667,fake_68595.jpg,Fake,Fake,0.956055,QF40,40
F04729,fake_69289.jpg,Fake,Fake,0.921875,QF40,40
F03371,fake_52727.jpg,Fake,Fake,1.0,QF40,40
F03626,fake_56032.jpg,Fake,Fake,1.0,QF40,40
F03342,fake_52415.jpg,Fake,Real,0.343994,QF40,40
F01668,fake_30210.jpg,Fake,Fake,1.0,QF40,40
F03849,fake_58940.jpg,Fake,Fake,0.907715,QF40,40
F03815,fake_58543.jpg,Fake,Fake,0.99707,QF40,40
F01799,fake_31733.jpg,Fake,Real,0.343994,QF40,40
F03640,fake_56129.jpg,Fake,Real,0.117554,QF40,40
F02280,fake_38220.jpg,Fake,Fake,0.99707,QF40,40
F04002,fake_60593.jpg,Fake,Fake,0.996582,QF40,40
F00902,fake_21474.jpg,Fake,Fake,0.520996,QF40,40
F02681,fake_43934.jpg,Fake,Fake,1.0,QF40,40
F04110,fake_61950.jpg,Fake,Fake,0.997559,QF40,40
F02653,fake_43510.jpg,Fake,Fake,1.0,QF40,40
F02633,fake_43294.jpg,Fake,Fake,0.996582,QF40,40
F01724,fake_309.jpg,Fake,Fake,0.923828,QF40,40
F03411,fake_53344.jpg,Fake,Fake,0.71582,QF40,40
F00759,fake_19823.jpg,Fake,Fake,1.0,QF40,40
F00148,fake_11691.jpg,Fake,Fake,1.0,QF40,40
F01162,fake_24240.jpg,Fake,Fake,1.0,QF40,40
F02454,fake_40815.jpg,Fake,Fake,1.0,QF40,40
F03758,fake_57679.jpg,Fake,Fake,0.988281,QF40,40
F02712,fake_44275.jpg,Fake,Fake,1.0,QF40,40
F01509,fake_28167.jpg,Fake,Fake,1.0,QF40,40
F01143,fake_24006.jpg,Fake,Fake,0.983887,QF40,40
F02256,fake_37898.jpg,Fake,Fake,0.995605,QF40,40
F00242,fake_12939.jpg,Fake,Fake,0.812988,QF40,40
F01045,fake_22992.jpg,Fake,Fake,0.995117,QF40,40
F04301,fake_64289.jpg,Fake,Fake,0.986816,QF40,40
F01914,fake_33079.jpg,Fake,Real,0.381348,QF40,40
F04387,fake_65351.jpg,Fake,Fake,1.0,QF40,40
F01473,fake_27611.jpg,Fake,Fake,0.98877,QF40,40
F04832,fake_7738.jpg,Fake,Fake,1.0,QF40,40
F02389,fake_39840.jpg,Fake,Fake,0.999512,QF40,40
F02386,fake_39815.jpg,Fake,Fake,0.976562,QF40,40
F01536,fake_28521.jpg,Fake,Fake,0.994141,QF40,40
F04823,fake_7580.jpg,Fake,Fake,1.0,QF40,40
F01482,fake_27766.jpg,Fake,Fake,1.0,QF40,40
F02210,fake_37314.jpg,Fake,Fake,1.0,QF40,40
F00599,fake_17630.jpg,Fake,Fake,0.899414,QF40,40
F04869,fake_830.jpg,Fake,Fake,0.999512,QF40,40
F02247,fake_37849.jpg,Fake,Fake,0.820312,QF40,40
F03425,fake_53506.jpg,Fake,Fake,0.989258,QF40,40
F00228,fake_12741.jpg,Fake,Fake,0.945312,QF40,40
F04328,fake_64588.jpg,Fake,Fake,1.0,QF40,40
F03333,fake_52320.jpg,Fake,Fake,0.999512,QF40,40
F00896,fake_21392.jpg,Fake,Fake,1.0,QF40,40
F03081,fake_48850.jpg,Fake,Fake,1.0,QF40,40
F02921,fake_46832.jpg,Fake,Fake,0.934082,QF40,40
F00429,fake_15375.jpg,Fake,Fake,0.994629,QF40,40
F01180,fake_24427.jpg,Fake,Fake,0.998047,QF40,40
F01626,fake_29758.jpg,Fake,Fake,1.0,QF40,40
F01760,fake_31274.jpg,Fake,Fake,0.987793,QF40,40
F04469,fake_6620.jpg,Fake,Real,0.006027,QF40,40
F02881,fake_46308.jpg,Fake,Fake,0.999023,QF40,40
F04969,fake_9644.jpg,Fake,Fake,1.0,QF40,40
F03922,fake_59835.jpg,Fake,Fake,0.992188,QF40,40
F00921,fake_21632.jpg,Fake,Fake,1.0,QF40,40
F04684,fake_68760.jpg,Fake,Fake,0.880859,QF40,40
F00956,fake_22006.jpg,Fake,Fake,0.828125,QF40,40
F00319,fake_13930.jpg,Fake,Fake,0.976562,QF40,40
F00071,fake_10875.jpg,Fake,Fake,1.0,QF40,40
F01582,fake_2918.jpg,Fake,Fake,0.984863,QF40,40
F00340,fake_14241.jpg,Fake,Fake,1.0,QF40,40
F00736,fake_1952.jpg,Fake,Fake,1.0,QF40,40
F00923,fake_21645.jpg,Fake,Fake,1.0,QF40,40
F02543,fake_42199.jpg,Fake,Fake,1.0,QF40,40
F03154,fake_49839.jpg,Fake,Real,0.188721,QF40,40
F03688,fake_5669.jpg,Fake,Fake,0.972168,QF40,40
F00545,fake_16817.jpg,Fake,Fake,0.976562,QF40,40
F03213,fake_50555.jpg,Fake,Real,0.222412,QF40,40
F02514,fake_41759.jpg,Fake,Fake,0.999512,QF40,40
F00576,fake_17357.jpg,Fake,Fake,0.996094,QF40,40
F03879,fake_59289.jpg,Fake,Fake,1.0,QF40,40
F00002,fake_10018.jpg,Fake,Fake,0.927246,QF40,40
F00323,fake_13994.jpg,Fake,Fake,0.98291,QF40,40
F01029,fake_22825.jpg,Fake,Fake,0.998535,QF40,40
F00761,fake_19847.jpg,Fake,Fake,0.992188,QF40,40
F01795,fake_31672.jpg,Fake,Fake,0.976074,QF40,40
F00836,fake_2063.jpg,Fake,Fake,1.0,QF40,40
F04092,fake_61636.jpg,Fake,Fake,1.0,QF40,40
F01526,fake_28358.jpg,Fake,Fake,0.923828,QF40,40
F04949,fake_9381.jpg,Fake,Fake,1.0,QF40,40
F01099,fake_23572.jpg,Fake,Fake,1.0,QF40,40
F00513,fake_16421.jpg,Fake,Fake,1.0,QF40,40
F04946,fake_9271.jpg,Fake,Fake,0.996094,QF40,40
F03293,fake_5174.jpg,Fake,Fake,0.87793,QF40,40
F03705,fake_56977.jpg,Fake,Fake,0.993164,QF40,40
F01334,fake_26223.jpg,Fake,Fake,1.0,QF40,40
F00667,fake_18567.jpg,Fake,Fake,0.999512,QF40,40
F04005,fake_60622.jpg,Fake,Fake,0.867676,QF40,40
F04378,fake_65256.jpg,Fake,Fake,0.999512,QF40,40
F02069,fake_35030.jpg,Fake,Fake,1.0,QF40,40
F02325,fake_38904.jpg,Fake,Fake,0.996582,QF40,40
F03667,fake_56430.jpg,Fake,Fake,0.947754,QF40,40
F00683,fake_18845.jpg,Fake,Fake,0.999023,QF40,40
F00293,fake_13567.jpg,Fake,Fake,0.798828,QF40,40
F01903,fake_32935.jpg,Fake,Fake,0.966797,QF40,40
F03353,fake_52540.jpg,Fake,Fake,1.0,QF40,40
F04138,fake_62331.jpg,Fake,Fake,0.999512,QF40,40
F00510,fake_16405.jpg,Fake,Fake,0.636719,QF40,40
F00312,fake_13843.jpg,Fake,Fake,0.999023,QF40,40
F04546,fake_67233.jpg,Fake,Fake,1.0,QF40,40
F02724,fake_44384.jpg,Fake,Fake,1.0,QF40,40
F03665,fake_56416.jpg,Fake,Fake,0.987305,QF40,40
F03837,fake_5882.jpg,Fake,Fake,0.999023,QF40,40
F01073,fake_23257.jpg,Fake,Fake,0.999512,QF40,40
F04843,fake_7902.jpg,Fake,Fake,1.0,QF40,40
F03635,fake_56084.jpg,Fake,Fake,1.0,QF40,40
F04313,fake_64376.jpg,Fake,Real,0.075562,QF40,40
F03259,fake_51324.jpg,Fake,Fake,0.991211,QF40,40
F03389,fake_52905.jpg,Fake,Fake,0.977539,QF40,40
F04067,fake_61392.jpg,Fake,Fake,0.561035,QF40,40
F01742,fake_31114.jpg,Fake,Fake,0.998535,QF40,40
F01763,fake_31298.jpg,Fake,Fake,0.615723,QF40,40
F02807,fake_45495.jpg,Fake,Fake,1.0,QF40,40
F03817,fake_58563.jpg,Fake,Fake,0.996094,QF40,40
F01431,fake_27286.jpg,Fake,Fake,0.97168,QF40,40
F00748,fake_1972.jpg,Fake,Real,0.171143,QF40,40
F02420,fake_40354.jpg,Fake,Fake,1.0,QF40,40
F04250,fake_63631.jpg,Fake,Fake,0.900879,QF40,40
F02739,fake_44627.jpg,Fake,Fake,0.998047,QF40,40
F02555,fake_42293.jpg,Fake,Fake,0.991211,QF40,40
F04556,fake_67384.jpg,Fake,Fake,0.998047,QF40,40
F03164,fake_49958.jpg,Fake,Fake,0.99707,QF40,40
F04282,fake_6403.jpg,Fake,Fake,0.904785,QF40,40
F01006,fake_22556.jpg,Fake,Fake,0.998047,QF40,40
F02951,fake_47106.jpg,Fake,Fake,0.998535,QF40,40
F01417,fake_27106.jpg,Fake,Fake,0.990723,QF40,40
F00287,fake_13502.jpg,Fake,Fake,1.0,QF40,40
F04686,fake_68791.jpg,Fake,Fake,1.0,QF40,40
F02776,fake_45190.jpg,Fake,Fake,0.770996,QF40,40
F03066,fake_48713.jpg,Fake,Real,0.085999,QF40,40
F04101,fake_61766.jpg,Fake,Fake,0.978027,QF40,40
F04735,fake_69377.jpg,Fake,Fake,1.0,QF40,40
F02120,fake_35788.jpg,Fake,Fake,0.934082,QF40,40
F01379,fake_26729.jpg,Fake,Fake,0.998047,QF40,40
F01438,fake_27353.jpg,Fake,Fake,0.938477,QF40,40
F03772,fake_57863.jpg,Fake,Fake,0.996094,QF40,40
F02692,fake_44019.jpg,Fake,Fake,1.0,QF40,40
F03623,fake_56002.jpg,Fake,Fake,0.997559,QF40,40
F03768,fake_57816.jpg,Fake,Fake,0.988281,QF40,40
F03658,fake_56337.jpg,Fake,Fake,0.938477,QF40,40
F03776,fake_57926.jpg,Fake,Fake,1.0,QF40,40
F01478,fake_27719.jpg,Fake,Fake,0.910645,QF40,40
F02080,fake_3514.jpg,Fake,Fake,0.654297,QF40,40
F02837,fake_45769.jpg,Fake,Fake,0.994629,QF40,40
F01059,fake_23084.jpg,Fake,Fake,0.92041,QF40,40
F00908,fake_21492.jpg,Fake,Fake,1.0,QF40,40
F04310,fake_64369.jpg,Fake,Fake,0.983887,QF40,40
F01288,fake_25559.jpg,Fake,Fake,0.99707,QF40,40
F00685,fake_1886.jpg,Fake,Fake,0.996582,QF40,40
F03403,fake_53220.jpg,Fake,Fake,0.998047,QF40,40
F03885,fake_59356.jpg,Fake,Fake,0.987305,QF40,40
F00931,fake_21743.jpg,Fake,Fake,1.0,QF40,40
F00470,fake_16007.jpg,Fake,Fake,0.999512,QF40,40
F04700,fake_68915.jpg,Fake,Fake,0.999512,QF40,40
F01310,fake_25838.jpg,Fake,Fake,0.999512,QF40,40
F00345,fake_1433.jpg,Fake,Fake,0.997559,QF40,40
F01022,fake_22738.jpg,Fake,Fake,0.993652,QF40,40
F00654,fake_18337.jpg,Fake,Fake,0.97998,QF40,40
F03198,fake_50364.jpg,Fake,Fake,0.808105,QF40,40
F03793,fake_5820.jpg,Fake,Fake,0.994629,QF40,40
F04680,fake_68724.jpg,Fake,Real,0.423828,QF40,40
F04339,fake_64727.jpg,Fake,Fake,0.786621,QF40,40
F03789,fake_58078.jpg,Fake,Fake,1.0,QF40,40
F02784,fake_45280.jpg,Fake,Real,0.33252,QF40,40
F02985,fake_47568.jpg,Fake,Fake,0.999023,QF40,40
F04973,fake_9692.jpg,Fake,Fake,1.0,QF40,40
F02340,fake_3911.jpg,Fake,Fake,0.993652,QF40,40
F03571,fake_55295.jpg,Fake,Fake,1.0,QF40,40
F02397,fake_39982.jpg,Fake,Fake,1.0,QF40,40
F01706,fake_30715.jpg,Fake,Fake,0.716797,QF40,40
F02795,fake_45352.jpg,Fake,Fake,1.0,QF40,40
F02014,fake_34354.jpg,Fake,Fake,0.91748,QF40,40
F03955,fake_60109.jpg,Fake,Fake,0.993652,QF40,40
F03627,fake_56039.jpg,Fake,Fake,1.0,QF40,40
F02465,fake_41.jpg,Fake,Fake,0.997559,QF40,40
F02031,fake_34565.jpg,Fake,Real,0.179565,QF40,40
F00982,fake_22311.jpg,Fake,Fake,0.996582,QF40,40
F04947,fake_9296.jpg,Fake,Fake,0.995117,QF40,40
F00769,fake_19914.jpg,Fake,Real,0.06488,QF40,40
F04458,fake_66129.jpg,Fake,Fake,0.994629,QF40,40
F00064,fake_10811.jpg,Fake,Fake,0.998535,QF40,40
F02759,fake_44883.jpg,Fake,Fake,0.999023,QF40,40
F00935,fake_2179.jpg,Fake,Fake,0.999512,QF40,40
F03718,fake_57190.jpg,Fake,Fake,1.0,QF40,40
F01894,fake_32855.jpg,Fake,Fake,0.908203,QF40,40
F01739,fake_31090.jpg,Fake,Fake,0.999023,QF40,40
F04099,fake_61744.jpg,Fake,Fake,1.0,QF40,40
F04029,fake_60933.jpg,Fake,Fake,0.996582,QF40,40
F00856,fake_20886.jpg,Fake,Fake,0.950195,QF40,40
F04933,fake_9153.jpg,Fake,Fake,0.986816,QF40,40
F04004,fake_60616.jpg,Fake,Fake,0.996094,QF40,40
F03370,fake_5269.jpg,Fake,Fake,0.90918,QF40,40
F00458,fake_15781.jpg,Fake,Real,0.391846,QF40,40
F01753,fake_31206.jpg,Fake,Fake,0.958008,QF40,40
F03905,fake_59663.jpg,Fake,Fake,0.999512,QF40,40
F01759,fake_31262.jpg,Fake,Fake,1.0,QF40,40
F02670,fake_43801.jpg,Fake,Fake,1.0,QF40,40
F04078,fake_61444.jpg,Fake,Fake,0.999512,QF40,40
F00897,fake_21407.jpg,Fake,Fake,0.99707,QF40,40
F00012,fake_10182.jpg,Fake,Fake,1.0,QF40,40
F04676,fake_68700.jpg,Fake,Fake,0.999023,QF40,40
F04965,fake_9578.jpg,Fake,Fake,1.0,QF40,40
F03550,fake_55071.jpg,Fake,Fake,0.645996,QF40,40
F01520,fake_28287.jpg,Fake,Fake,0.999512,QF40,40
F00418,fake_15274.jpg,Fake,Fake,0.999512,QF40,40
F04465,fake_66177.jpg,Fake,Fake,0.993652,QF40,40
F03965,fake_60231.jpg,Fake,Real,0.024094,QF40,40
F00848,fake_20744.jpg,Fake,Fake,1.0,QF40,40
F03808,fake_58448.jpg,Fake,Fake,0.944336,QF40,40
F00110,fake_11279.jpg,Fake,Fake,0.999023,QF40,40
F04102,fake_6178.jpg,Fake,Fake,1.0,QF40,40
F00277,fake_13425.jpg,Fake,Fake,0.999512,QF40,40
F03335,fake_52351.jpg,Fake,Fake,0.999512,QF40,40
F02506,fake_41643.jpg,Fake,Fake,0.998047,QF40,40
F04048,fake_61160.jpg,Fake,Fake,0.853516,QF40,40
F02762,fake_44958.jpg,Fake,Fake,1.0,QF40,40
F04075,fake_61436.jpg,Fake,Real,0.407471,QF40,40
F02170,fake_36531.jpg,Fake,Fake,1.0,QF40,40
F02977,fake_47482.jpg,Fake,Fake,1.0,QF40,40
F00878,fake_21120.jpg,Fake,Fake,0.995117,QF40,40
F04570,fake_67545.jpg,Fake,Fake,0.94043,QF40,40
F02391,fake_39850.jpg,Fake,Fake,0.996094,QF40,40
F02923,fake_46857.jpg,Fake,Fake,1.0,QF40,40
F02180,fake_36644.jpg,Fake,Fake,1.0,QF40,40
F01217,fake_24722.jpg,Fake,Fake,1.0,QF40,40
F04638,fake_68274.jpg,Fake,Fake,0.993652,QF40,40
F02806,fake_45492.jpg,Fake,Fake,1.0,QF40,40
F01927,fake_3334.jpg,Fake,Fake,1.0,QF40,40
F00416,fake_15262.jpg,Fake,Real,0.001099,QF40,40
F02353,fake_39290.jpg,Fake,Fake,1.0,QF40,40
F04312,fake_64374.jpg,Fake,Fake,1.0,QF40,40
F03430,fake_53561.jpg,Fake,Fake,0.506348,QF40,40
F03832,fake_58752.jpg,Fake,Fake,0.771484,QF40,40
F01713,fake_30771.jpg,Fake,Fake,0.99707,QF40,40
F01912,fake_33066.jpg,Fake,Fake,0.955078,QF40,40
F04335,fake_64678.jpg,Fake,Fake,1.0,QF40,40
F01123,fake_23838.jpg,Fake,Fake,1.0,QF40,40
F02922,fake_46855.jpg,Fake,Fake,1.0,QF40,40
F04516,fake_66872.jpg,Fake,Fake,0.960938,QF40,40
F01654,fake_30106.jpg,Fake,Fake,0.999512,QF40,40
F03076,fake_48833.jpg,Fake,Real,0.309082,QF40,40
F00662,fake_18460.jpg,Fake,Fake,0.991211,QF40,40
F03339,fake_52375.jpg,Fake,Fake,0.998535,QF40,40
F02122,fake_35815.jpg,Fake,Fake,1.0,QF40,40
F02957,fake_47237.jpg,Fake,Fake,0.97998,QF40,40
F00144,fake_11646.jpg,Fake,Fake,1.0,QF40,40
F02026,fake_34508.jpg,Fake,Fake,0.994141,QF40,40
F04521,fake_66935.jpg,Fake,Fake,0.96875,QF40,40
F03914,fake_59750.jpg,Fake,Fake,1.0,QF40,40
F01002,fake_22540.jpg,Fake,Fake,1.0,QF40,40
F01842,fake_32276.jpg,Fake,Fake,0.977539,QF40,40
F00633,fake_18012.jpg,Fake,Fake,0.943848,QF40,40
F00517,fake_16447.jpg,Fake,Fake,0.999023,QF40,40
F00779,fake_2000.jpg,Fake,Fake,0.999512,QF40,40
F00284,fake_13483.jpg,Fake,Fake,0.992188,QF40,40
F03297,fake_51807.jpg,Fake,Fake,0.950195,QF40,40
F03570,fake_55291.jpg,Fake,Fake,0.911621,QF40,40
F00454,fake_15738.jpg,Fake,Fake,1.0,QF40,40
F00487,fake_16185.jpg,Fake,Real,0.114746,QF40,40
F03727,fake_57261.jpg,Fake,Fake,0.997559,QF40,40
F00673,fake_18671.jpg,Fake,Fake,0.967773,QF40,40
F04234,fake_63488.jpg,Fake,Fake,1.0,QF40,40
F01736,fake_31046.jpg,Fake,Fake,0.99707,QF40,40
F03941,fake_59985.jpg,Fake,Fake,1.0,QF40,40
F00641,fake_18167.jpg,Fake,Fake,0.931152,QF40,40
F03572,fake_5530.jpg,Fake,Fake,0.999512,QF40,40
F00803,fake_2028.jpg,Fake,Fake,1.0,QF40,40
F01296,fake_25653.jpg,Fake,Fake,0.999512,QF40,40
F00616,fake_17797.jpg,Fake,Real,0.3396,QF40,40
F02929,fake_4693.jpg,Fake,Fake,0.739258,QF40,40
F00078,fake_10950.jpg,Fake,Fake,1.0,QF40,40
F02105,fake_35575.jpg,Fake,Fake,0.97168,QF40,40
F04066,fake_61358.jpg,Fake,Fake,0.960449,QF40,40
F04867,fake_8294.jpg,Fake,Fake,0.74707,QF40,40
F03996,fake_60531.jpg,Fake,Fake,0.958496,QF40,40
F00389,fake_14927.jpg,Fake,Fake,1.0,QF40,40
F03299,fake_5182.jpg,Fake,Fake,0.997559,QF40,40
F00032,fake_10481.jpg,Fake,Fake,1.0,QF40,40
F02225,fake_37497.jpg,Fake,Fake,0.994141,QF40,40
F04786,fake_706.jpg,Fake,Fake,1.0,QF40,40
F00396,fake_15030.jpg,Fake,Fake,0.993164,QF40,40
F01137,fake_23959.jpg,Fake,Fake,0.978516,QF40,40
F02401,fake_40018.jpg,Fake,Fake,0.999023,QF40,40
F03827,fake_58712.jpg,Fake,Fake,1.0,QF40,40
F01171,fake_24340.jpg,Fake,Fake,0.999512,QF40,40
F03798,fake_58281.jpg,Fake,Fake,0.921875,QF40,40
F02531,fake_41972.jpg,Fake,Fake,0.998535,QF40,40
F00937,fake_2180.jpg,Fake,Fake,0.974609,QF40,40
F03544,fake_55018.jpg,Fake,Fake,0.791016,QF40,40
F02450,fake_40748.jpg,Fake,Fake,0.945801,QF40,40
F04744,fake_69437.jpg,Fake,Fake,0.99707,QF40,40
F04349,fake_64830.jpg,Fake,Fake,0.997559,QF40,40
F04174,fake_6264.jpg,Fake,Fake,1.0,QF40,40
F01116,fake_23780.jpg,Fake,Fake,1.0,QF40,40
F02431,fake_4055.jpg,Fake,Fake,0.996094,QF40,40
F04490,fake_66503.jpg,Fake,Fake,0.972656,QF40,40
F04757,fake_6956.jpg,Fake,Fake,0.990723,QF40,40
F00527,fake_16588.jpg,Fake,Fake,1.0,QF40,40
F03858,fake_59041.jpg,Fake,Fake,0.996582,QF40,40
F04727,fake_69260.jpg,Fake,Real,0.117554,QF40,40
F03345,fake_52489.jpg,Fake,Fake,0.848633,QF40,40
F04974,fake_9717.jpg,Fake,Fake,0.999023,QF40,40
F03593,fake_55482.jpg,Fake,Fake,0.996582,QF40,40
F03537,fake_54960.jpg,Fake,Fake,0.988281,QF40,40
F01715,fake_3078.jpg,Fake,Fake,0.614258,QF40,40
F04470,fake_66210.jpg,Fake,Fake,0.690918,QF40,40
F01063,fake_23121.jpg,Fake,Fake,0.999023,QF40,40
F04013,fake_60735.jpg,Fake,Fake,1.0,QF40,40
F02378,fake_39658.jpg,Fake,Fake,1.0,QF40,40
F04416,fake_65740.jpg,Fake,Fake,0.999512,QF40,40
F00432,fake_15395.jpg,Fake,Fake,0.980957,QF40,40
F04038,fake_61021.jpg,Fake,Fake,0.991211,QF40,40
F04918,fake_8960.jpg,Fake,Fake,1.0,QF40,40
F04261,fake_63727.jpg,Fake,Fake,1.0,QF40,40
F00425,fake_15358.jpg,Fake,Fake,0.965332,QF40,40
F03140,fake_4963.jpg,Fake,Fake,1.0,QF40,40
F01044,fake_2299.jpg,Fake,Fake,1.0,QF40,40
F03752,fake_57551.jpg,Fake,Fake,1.0,QF40,40
F02330,fake_38937.jpg,Fake,Fake,1.0,QF40,40
F00518,fake_16460.jpg,Fake,Fake,1.0,QF40,40
F03874,fake_59223.jpg,Fake,Fake,0.783691,QF40,40
F03015,fake_48053.jpg,Fake,Fake,1.0,QF40,40
F00710,fake_19186.jpg,Fake,Fake,0.853027,QF40,40
F02663,fake_43620.jpg,Fake,Fake,0.996094,QF40,40
F03474,fake_54146.jpg,Fake,Fake,0.96582,QF40,40
F04909,fake_8858.jpg,Fake,Fake,1.0,QF40,40
F02729,fake_4443.jpg,Fake,Fake,0.778809,QF40,40
F00659,fake_1840.jpg,Fake,Fake,1.0,QF40,40
F02408,fake_40140.jpg,Fake,Fake,0.986328,QF40,40
F04411,fake_65617.jpg,Fake,Fake,1.0,QF40,40
F02136,fake_35961.jpg,Fake,Fake,1.0,QF40,40
F03138,fake_4962.jpg,Fake,Real,0.319336,QF40,40
F01251,fake_25081.jpg,Fake,Fake,1.0,QF40,40
F03743,fake_57427.jpg,Fake,Fake,0.629883,QF40,40
F02012,fake_34324.jpg,Fake,Fake,1.0,QF40,40
F04996,fake_9939.jpg,Fake,Fake,0.958984,QF40,40
F04421,fake_65826.jpg,Fake,Fake,0.995117,QF40,40
F01773,fake_31370.jpg,Fake,Fake,0.993652,QF40,40
F02779,fake_45202.jpg,Fake,Fake,1.0,QF40,40
F02678,fake_43859.jpg,Fake,Fake,0.999512,QF40,40
F03219,fake_50686.jpg,Fake,Fake,1.0,QF40,40
F01605,fake_2946.jpg,Fake,Fake,0.950195,QF40,40
F04487,fake_66461.jpg,Fake,Fake,0.875488,QF40,40
F03390,fake_52912.jpg,Fake,Fake,0.992188,QF40,40
F02595,fake_42806.jpg,Fake,Fake,1.0,QF40,40
F03288,fake_51676.jpg,Fake,Real,0.475342,QF40,40
F04990,fake_9866.jpg,Fake,Fake,0.999512,QF40,40
F02771,fake_45086.jpg,Fake,Fake,0.999512,QF40,40
F02349,fake_39207.jpg,Fake,Fake,0.998535,QF40,40
F00938,fake_21814.jpg,Fake,Fake,0.978516,QF40,40
F02269,fake_38102.jpg,Fake,Fake,0.956055,QF40,40
F02057,fake_34897.jpg,Fake,Fake,1.0,QF40,40
F04009,fake_60668.jpg,Fake,Fake,1.0,QF40,40
F00528,fake_16589.jpg,Fake,Real,0.008675,QF40,40
F03402,fake_53173.jpg,Fake,Fake,0.998047,QF40,40
F04968,fake_9627.jpg,Fake,Fake,1.0,QF40,40
F02892,fake_4641.jpg,Fake,Fake,0.991699,QF40,40
F02894,fake_46436.jpg,Fake,Fake,0.999023,QF40,40
F01933,fake_3342.jpg,Fake,Fake,0.996094,QF40,40
F04972,fake_9671.jpg,Fake,Fake,0.999512,QF40,40
F04948,fake_9319.jpg,Fake,Fake,0.982422,QF40,40
F03358,fake_52607.jpg,Fake,Fake,1.0,QF40,40
F02445,fake_40701.jpg,Fake,Fake,1.0,QF40,40
F04575,fake_67607.jpg,Fake,Fake,0.999512,QF40,40
F01506,fake_2813.jpg,Fake,Fake,0.990234,QF40,40
F04342,fake_64758.jpg,Fake,Fake,0.589844,QF40,40
F01087,fake_23440.jpg,Fake,Fake,0.999512,QF40,40
F03577,fake_55346.jpg,Fake,Fake,1.0,QF40,40
F00033,fake_10483.jpg,Fake,Fake,0.950684,QF40,40
F04922,fake_8986.jpg,Fake,Fake,1.0,QF40,40
F02860,fake_46.jpg,Fake,Fake,1.0,QF40,40
F03492,fake_54325.jpg,Fake,Fake,0.546875,QF40,40
F04344,fake_64762.jpg,Fake,Fake,0.825195,QF40,40
F02838,fake_45771.jpg,Fake,Fake,1.0,QF40,40
F01505,fake_28127.jpg,Fake,Real,0.001501,QF40,40
F03089,fake_49060.jpg,Fake,Fake,0.989746,QF40,40
F00990,fake_2241.jpg,Fake,Fake,1.0,QF40,40
F01956,fake_33656.jpg,Fake,Fake,0.997559,QF40,40
F03002,fake_47798.jpg,Fake,Fake,0.999023,QF40,40
F01078,fake_23313.jpg,Fake,Fake,0.979492,QF40,40
F01258,fake_252.jpg,Fake,Fake,0.934082,QF40,40
F00506,fake_16370.jpg,Fake,Fake,0.805176,QF40,40
F04147,fake_62400.jpg,Fake,Fake,1.0,QF40,40
F02793,fake_45343.jpg,Fake,Fake,1.0,QF40,40
F02669,fake_43718.jpg,Fake,Fake,1.0,QF40,40
F03334,fake_52337.jpg,Fake,Fake,0.882324,QF40,40
F00816,fake_20380.jpg,Fake,Fake,0.98291,QF40,40
F03354,fake_52550.jpg,Fake,Fake,1.0,QF40,40
F03211,fake_50531.jpg,Fake,Fake,1.0,QF40,40
F02327,fake_38926.jpg,Fake,Fake,1.0,QF40,40
F03071,fake_48772.jpg,Fake,Fake,1.0,QF40,40
F02260,fake_3797.jpg,Fake,Fake,0.769531,QF40,40
F00213,fake_12570.jpg,Fake,Fake,1.0,QF40,40
F02002,fake_34227.jpg,Fake,Fake,0.993652,QF40,40
F03754,fake_57633.jpg,Fake,Fake,0.876465,QF40,40
F03660,fake_56352.jpg,Fake,Real,0.000403,QF40,40
F02518,fake_41777.jpg,Fake,Fake,1.0,QF40,40
F01935,fake_33432.jpg,Fake,Fake,0.987305,QF40,40
F04704,fake_68961.jpg,Fake,Fake,0.860352,QF40,40
F04493,fake_66534.jpg,Fake,Fake,0.832031,QF40,40
F01443,fake_27389.jpg,Fake,Fake,1.0,QF40,40
F01675,fake_30310.jpg,Fake,Fake,1.0,QF40,40
F04539,fake_67156.jpg,Fake,Fake,1.0,QF40,40
F01418,fake_2711.jpg,Fake,Real,0.454834,QF40,40
F02444,fake_40695.jpg,Fake,Fake,1.0,QF40,40
F04504,fake_66709.jpg,Fake,Fake,0.993164,QF40,40
F00449,fake_1564.jpg,Fake,Fake,0.991699,QF40,40
F01785,fake_31545.jpg,Fake,Fake,1.0,QF40,40
F04722,fake_69226.jpg,Fake,Fake,1.0,QF40,40
F04871,fake_8306.jpg,Fake,Fake,0.983887,QF40,40
F04399,fake_65505.jpg,Fake,Fake,0.82959,QF40,40
F00166,fake_11933.jpg,Fake,Fake,1.0,QF40,40
F00842,fake_20677.jpg,Fake,Fake,1.0,QF40,40
F00916,fake_21565.jpg,Fake,Fake,1.0,QF40,40
F04614,fake_68003.jpg,Fake,Fake,0.96582,QF40,40
F02745,fake_44717.jpg,Fake,Fake,1.0,QF40,40
F01771,fake_31330.jpg,Fake,Fake,0.92334,QF40,40
F02613,fake_43091.jpg,Fake,Fake,0.999023,QF40,40
F04219,fake_63361.jpg,Fake,Fake,0.993164,QF40,40
F03784,fake_58018.jpg,Fake,Fake,0.993164,QF40,40
F04289,fake_64116.jpg,Fake,Fake,1.0,QF40,40
F04159,fake_62522.jpg,Fake,Fake,0.832031,QF40,40
F02117,fake_3576.jpg,Fake,Fake,0.962402,QF40,40
F03518,fake_5464.jpg,Fake,Fake,0.972168,QF40,40
F01557,fake_2890.jpg,Fake,Fake,0.882812,QF40,40
F04604,fake_67923.jpg,Fake,Fake,0.966797,QF40,40
F00020,fake_10285.jpg,Fake,Fake,0.97998,QF40,40
F04978,fake_9770.jpg,Fake,Fake,0.997559,QF40,40
F02914,fake_46752.jpg,Fake,Fake,1.0,QF40,40
F00238,fake_12912.jpg,Fake,Fake,0.951172,QF40,40
F03045,fake_48450.jpg,Fake,Fake,1.0,QF40,40
F04833,fake_7739.jpg,Fake,Fake,1.0,QF40,40
F01974,fake_33851.jpg,Fake,Fake,0.999023,QF40,40
F04353,fake_64881.jpg,Fake,Fake,0.999512,QF40,40
F00498,fake_16264.jpg,Fake,Fake,0.999512,QF40,40
F04241,fake_63558.jpg,Fake,Real,0.206299,QF40,40
F03127,fake_49511.jpg,Fake,Fake,1.0,QF40,40
F00038,fake_10507.jpg,Fake,Fake,1.0,QF40,40
F04260,fake_63723.jpg,Fake,Fake,0.998535,QF40,40
F03296,fake_51793.jpg,Fake,Fake,0.674316,QF40,40
F01222,fake_24807.jpg,Fake,Fake,0.996094,QF40,40
F01877,fake_32670.jpg,Fake,Real,0.062683,QF40,40
F02229,fake_37569.jpg,Fake,Fake,1.0,QF40,40
F03145,fake_49756.jpg,Fake,Fake,0.89502,QF40,40
F00827,fake_2053.jpg,Fake,Fake,1.0,QF40,40
F01343,fake_26301.jpg,Fake,Fake,1.0,QF40,40
F00106,fake_11248.jpg,Fake,Fake,0.991211,QF40,40
F01590,fake_29262.jpg,Fake,Fake,0.998047,QF40,40
F01332,fake_26193.jpg,Fake,Fake,0.973633,QF40,40
F00053,fake_10682.jpg,Fake,Fake,0.999023,QF40,40
F02168,fake_36486.jpg,Fake,Fake,1.0,QF40,40
F00584,fake_17455.jpg,Fake,Fake,0.997559,QF40,40
F01484,fake_27822.jpg,Fake,Fake,0.998047,QF40,40
F04326,fake_64555.jpg,Fake,Fake,0.994629,QF40,40
F02028,fake_34547.jpg,Fake,Real,0.075012,QF40,40
F00749,fake_19730.jpg,Fake,Fake,1.0,QF40,40
F02680,fake_43896.jpg,Fake,Fake,0.994629,QF40,40
F03501,fake_54471.jpg,Fake,Fake,0.996094,QF40,40
F02413,fake_40229.jpg,Fake,Fake,1.0,QF40,40
F03771,fake_57855.jpg,Fake,Fake,1.0,QF40,40
F01671,fake_3024.jpg,Fake,Fake,1.0,QF40,40
F02871,fake_4616.jpg,Fake,Fake,1.0,QF40,40
F00171,fake_12046.jpg,Fake,Fake,0.99707,QF40,40
F01613,fake_29592.jpg,Fake,Fake,0.825195,QF40,40
F00023,fake_10360.jpg,Fake,Fake,0.993652,QF40,40
F04090,fake_61606.jpg,Fake,Fake,1.0,QF40,40
F00486,fake_16180.jpg,Fake,Real,0.005577,QF40,40
F03753,fake_57581.jpg,Fake,Fake,1.0,QF40,40
F02271,fake_3813.jpg,Fake,Fake,1.0,QF40,40
F01945,fake_33531.jpg,Fake,Fake,0.999512,QF40,40
F01635,fake_29850.jpg,Fake,Real,0.138062,QF40,40
F04218,fake_63327.jpg,Fake,Fake,0.980957,QF40,40
F03128,fake_49526.jpg,Fake,Fake,0.999023,QF40,40
F01202,fake_24620.jpg,Fake,Real,0.368164,QF40,40
F01702,fake_3068.jpg,Fake,Fake,1.0,QF40,40
F03462,fake_54014.jpg,Fake,Fake,0.997559,QF40,40
F00666,fake_18497.jpg,Fake,Fake,0.904785,QF40,40
F00149,fake_11692.jpg,Fake,Fake,0.995117,QF40,40
F03317,fake_52060.jpg,Fake,Fake,0.976074,QF40,40
F03429,fake_53552.jpg,Fake,Fake,0.980469,QF40,40
F03867,fake_59170.jpg,Fake,Fake,0.998047,QF40,40
F00028,fake_10420.jpg,Fake,Fake,0.97998,QF40,40
F00193,fake_1233.jpg,Fake,Fake,1.0,QF40,40
F00746,fake_19699.jpg,Fake,Fake,0.992676,QF40,40
F03657,fake_56332.jpg,Fake,Fake,0.59082,QF40,40
F04211,fake_63249.jpg,Fake,Fake,1.0,QF40,40
F03206,fake_50468.jpg,Fake,Fake,1.0,QF40,40
F04824,fake_7594.jpg,Fake,Fake,1.0,QF40,40
F04176,fake_62663.jpg,Fake,Fake,0.991211,QF40,40
F00090,fake_11116.jpg,Fake,Fake,1.0,QF40,40
F04475,fake_66281.jpg,Fake,Fake,0.993164,QF40,40
F04336,fake_64692.jpg,Fake,Fake,1.0,QF40,40
F04811,fake_7472.jpg,Fake,Fake,1.0,QF40,40
F01920,fake_33203.jpg,Fake,Fake,0.997559,QF40,40
F00989,fake_22409.jpg,Fake,Fake,0.899902,QF40,40
F01665,fake_30192.jpg,Fake,Fake,1.0,QF40,40
F02677,fake_43854.jpg,Fake,Fake,1.0,QF40,40
F04324,fake_64547.jpg,Fake,Fake,0.743652,QF40,40
F03102,fake_49247.jpg,Fake,Fake,1.0,QF40,40
F04403,fake_65525.jpg,Fake,Fake,0.999512,QF40,40
F02298,fake_38493.jpg,Fake,Fake,1.0,QF40,40
F03847,fake_5891.jpg,Fake,Fake,0.985352,QF40,40
F03850,fake_58946.jpg,Fake,Fake,1.0,QF40,40
F03694,fake_56789.jpg,Fake,Fake,1.0,QF40,40
F00872,fake_21035.jpg,Fake,Fake,1.0,QF40,40
F04553,fake_67355.jpg,Fake,Fake,1.0,QF40,40
F01855,fake_32394.jpg,Fake,Fake,0.999023,QF40,40
F02318,fake_38846.jpg,Fake,Fake,1.0,QF40,40
F04284,fake_64069.jpg,Fake,Fake,0.991211,QF40,40
F01303,fake_25747.jpg,Fake,Fake,1.0,QF40,40
F03870,fake_59184.jpg,Fake,Fake,0.999512,QF40,40
F00548,fake_1690.jpg,Fake,Fake,1.0,QF40,40
F04542,fake_67199.jpg,Fake,Fake,0.989258,QF40,40
F03730,fake_57294.jpg,Fake,Fake,0.999512,QF40,40
F01756,fake_31220.jpg,Fake,Fake,1.0,QF40,40
F03797,fake_58249.jpg,Fake,Real,0.00014,QF40,40
F01299,fake_25683.jpg,Fake,Fake,0.91748,QF40,40
F00081,fake_10992.jpg,Fake,Fake,0.992676,QF40,40
F03001,fake_47777.jpg,Fake,Fake,0.992188,QF40,40
F03471,fake_54110.jpg,Fake,Fake,0.974121,QF40,40
F00192,fake_12326.jpg,Fake,Fake,0.984375,QF40,40
F03040,fake_48370.jpg,Fake,Fake,1.0,QF40,40
F03729,fake_57284.jpg,Fake,Fake,0.978027,QF40,40
F01544,fake_28660.jpg,Fake,Fake,1.0,QF40,40
F03910,fake_5969.jpg,Fake,Fake,1.0,QF40,40
F01909,fake_33010.jpg,Fake,Fake,0.999023,QF40,40
F02114,fake_357.jpg,Fake,Fake,1.0,QF40,40
F04892,fake_8570.jpg,Fake,Fake,1.0,QF40,40
F02874,fake_4623.jpg,Fake,Fake,0.997559,QF40,40
F00305,fake_1378.jpg,Fake,Fake,1.0,QF40,40
F04541,fake_67183.jpg,Fake,Fake,1.0,QF40,40
F04060,fake_61280.jpg,Fake,Fake,0.996582,QF40,40
F03441,fake_53694.jpg,Fake,Fake,1.0,QF40,40
F00763,fake_1986.jpg,Fake,Fake,0.999023,QF40,40
F02406,fake_40108.jpg,Fake,Fake,1.0,QF40,40
F03044,fake_48439.jpg,Fake,Fake,1.0,QF40,40
F01015,fake_22685.jpg,Fake,Fake,1.0,QF40,40
F00474,fake_16081.jpg,Fake,Fake,0.922852,QF40,40
F00678,fake_1877.jpg,Fake,Fake,0.996094,QF40,40
F00117,fake_11365.jpg,Fake,Fake,0.98584,QF40,40
F02831,fake_45711.jpg,Fake,Fake,1.0,QF40,40
F01551,fake_28777.jpg,Fake,Fake,0.966797,QF40,40
F02222,fake_37468.jpg,Fake,Fake,0.996094,QF40,40
F04754,fake_69542.jpg,Fake,Fake,1.0,QF40,40
F00261,fake_13265.jpg,Fake,Fake,1.0,QF40,40
F00364,fake_14607.jpg,Fake,Fake,0.992188,QF40,40
F03362,fake_5263.jpg,Fake,Fake,0.996094,QF40,40
F00767,fake_19903.jpg,Fake,Fake,0.964844,QF40,40
F04792,fake_7198.jpg,Fake,Fake,1.0,QF40,40
F00677,fake_18726.jpg,Fake,Real,0.086609,QF40,40
F03646,fake_56167.jpg,Fake,Fake,0.563477,QF40,40
F03082,fake_48859.jpg,Fake,Fake,0.98877,QF40,40
F02938,fake_46990.jpg,Fake,Fake,1.0,QF40,40
F02346,fake_39184.jpg,Fake,Fake,0.999023,QF40,40
F03542,fake_550.jpg,Fake,Fake,0.97998,QF40,40
F00111,fake_11282.jpg,Fake,Fake,0.997559,QF40,40
F03490,fake_54312.jpg,Fake,Fake,0.890625,QF40,40
F04806,fake_7426.jpg,Fake,Fake,1.0,QF40,40
F01681,fake_30440.jpg,Fake,Fake,0.999023,QF40,40
F00565,fake_17156.jpg,Fake,Fake,0.999023,QF40,40
F02636,fake_43317.jpg,Fake,Fake,0.999023,QF40,40
F04506,fake_66752.jpg,Fake,Fake,1.0,QF40,40
F02035,fake_34662.jpg,Fake,Fake,0.987305,QF40,40
F02396,fake_39920.jpg,Fake,Fake,1.0,QF40,40
F03062,fake_48640.jpg,Fake,Fake,0.988281,QF40,40
F01814,fake_3194.jpg,Fake,Fake,0.989258,QF40,40
F00776,fake_19995.jpg,Fake,Fake,0.99707,QF40,40
F01691,fake_30556.jpg,Fake,Fake,0.99707,QF40,40
F01242,fake_25029.jpg,Fake,Fake,0.998047,QF40,40
F04802,fake_7342.jpg,Fake,Fake,1.0,QF40,40
F02747,fake_44746.jpg,Fake,Fake,0.998535,QF40,40
F00490,fake_16193.jpg,Fake,Fake,1.0,QF40,40
F00082,fake_10997.jpg,Fake,Fake,0.999512,QF40,40
F03507,fake_54524.jpg,Fake,Fake,0.995117,QF40,40
F03205,fake_50447.jpg,Fake,Fake,1.0,QF40,40
F03549,fake_55069.jpg,Fake,Fake,0.880371,QF40,40
F00086,fake_11074.jpg,Fake,Fake,1.0,QF40,40
F04561,fake_67410.jpg,Fake,Fake,1.0,QF40,40
F04143,fake_62370.jpg,Fake,Fake,0.945801,QF40,40
F03763,fake_57721.jpg,Fake,Fake,0.999512,QF40,40
F02798,fake_45406.jpg,Fake,Fake,1.0,QF40,40
F04966,fake_9593.jpg,Fake,Fake,0.945312,QF40,40
F04904,fake_8727.jpg,Fake,Fake,1.0,QF40,40
F03184,fake_5019.jpg,Fake,Fake,0.995605,QF40,40
F04592,fake_67812.jpg,Fake,Fake,1.0,QF40,40
F02475,fake_41144.jpg,Fake,Fake,0.996094,QF40,40
F04096,fake_6168.jpg,Fake,Fake,0.999512,QF40,40
F02611,fake_4307.jpg,Fake,Fake,1.0,QF40,40
F02948,fake_47094.jpg,Fake,Fake,1.0,QF40,40
F04014,fake_60760.jpg,Fake,Fake,0.982422,QF40,40
F01254,fake_25137.jpg,Fake,Fake,0.991211,QF40,40
F04876,fake_8345.jpg,Fake,Fake,0.98877,QF40,40
F04271,fake_63899.jpg,Fake,Fake,0.880371,QF40,40
F02932,fake_46952.jpg,Fake,Fake,1.0,QF40,40
F03220,fake_50701.jpg,Fake,Fake,0.999512,QF40,40
F01597,fake_29362.jpg,Fake,Fake,0.974609,QF40,40
F00191,fake_12321.jpg,Fake,Fake,1.0,QF40,40
F00629,fake_17968.jpg,Fake,Fake,1.0,QF40,40
F02009,fake_34285.jpg,Fake,Fake,1.0,QF40,40
F03829,fake_58732.jpg,Fake,Real,0.000223,QF40,40
F02065,fake_34996.jpg,Fake,Fake,0.935059,QF40,40
F02638,fake_43376.jpg,Fake,Fake,1.0,QF40,40
F03318,fake_52069.jpg,Fake,Fake,0.977051,QF40,40
F04209,fake_63197.jpg,Fake,Fake,0.926758,QF40,40
F00918,fake_21588.jpg,Fake,Fake,0.989258,QF40,40
F04831,fake_7720.jpg,Fake,Fake,0.920898,QF40,40
F01624,fake_29743.jpg,Fake,Fake,1.0,QF40,40
F04204,fake_63130.jpg,Fake,Fake,0.924316,QF40,40
F02591,fake_42783.jpg,Fake,Fake,1.0,QF40,40
F02464,fake_40984.jpg,Fake,Fake,1.0,QF40,40
F04163,fake_62578.jpg,Fake,Fake,0.993652,QF40,40
F01788,fake_31597.jpg,Fake,Fake,0.944824,QF40,40
F04807,fake_7451.jpg,Fake,Fake,1.0,QF40,40
F03078,fake_48837.jpg,Fake,Real,0.367188,QF40,40
F03469,fake_54101.jpg,Fake,Fake,0.983887,QF40,40
F01531,fake_28436.jpg,Fake,Fake,0.599121,QF40,40
F04583,fake_67680.jpg,Fake,Fake,0.966309,QF40,40
F03642,fake_56133.jpg,Fake,Fake,0.945801,QF40,40
F02201,fake_37094.jpg,Fake,Fake,0.98877,QF40,40
F00318,fake_13900.jpg,Fake,Fake,1.0,QF40,40
F01080,fake_23346.jpg,Fake,Fake,1.0,QF40,40
F00443,fake_1558.jpg,Fake,Fake,1.0,QF40,40
F00861,fake_20941.jpg,Fake,Fake,0.999512,QF40,40
F04108,fake_61911.jpg,Fake,Fake,0.960449,QF40,40
F01082,fake_23371.jpg,Fake,Fake,0.999512,QF40,40
F02839,fake_4579.jpg,Fake,Fake,0.996094,QF40,40
F03788,fake_58068.jpg,Fake,Fake,0.990234,QF40,40
F01700,fake_30659.jpg,Fake,Fake,0.991699,QF40,40
F04430,fake_65893.jpg,Fake,Real,0.34668,QF40,40
F03058,fake_48607.jpg,Fake,Fake,1.0,QF40,40
F00984,fake_22328.jpg,Fake,Fake,0.998535,QF40,40
F00413,fake_15206.jpg,Fake,Fake,1.0,QF40,40
F01831,fake_32169.jpg,Fake,Fake,1.0,QF40,40
F04659,fake_68487.jpg,Fake,Fake,0.999023,QF40,40
F03227,fake_50888.jpg,Fake,Fake,1.0,QF40,40
F04064,fake_61336.jpg,Fake,Fake,0.995605,QF40,40
F02849,fake_45923.jpg,Fake,Fake,0.998535,QF40,40
F01186,fake_24501.jpg,Fake,Fake,0.998047,QF40,40
F01100,fake_23585.jpg,Fake,Fake,0.999512,QF40,40
F00790,fake_2012.jpg,Fake,Fake,0.988281,QF40,40
F04359,fake_64955.jpg,Fake,Fake,0.995605,QF40,40
F01081,fake_23354.jpg,Fake,Fake,1.0,QF40,40
F02610,fake_43046.jpg,Fake,Fake,0.550293,QF40,40
F01843,fake_32283.jpg,Fake,Fake,1.0,QF40,40
F00095,fake_11144.jpg,Fake,Fake,1.0,QF40,40
F01271,fake_25343.jpg,Fake,Fake,1.0,QF40,40
F03059,fake_48611.jpg,Fake,Real,0.009193,QF40,40
F04150,fake_62433.jpg,Fake,Fake,0.999512,QF40,40
F04886,fake_8512.jpg,Fake,Fake,0.970215,QF40,40
F03435,fake_53605.jpg,Fake,Fake,0.891602,QF40,40
F01127,fake_23859.jpg,Fake,Fake,1.0,QF40,40
F04035,fake_60982.jpg,Fake,Fake,0.999023,QF40,40
F02019,fake_34433.jpg,Fake,Fake,1.0,QF40,40
F04930,fake_9102.jpg,Fake,Fake,1.0,QF40,40
F00660,fake_18400.jpg,Fake,Fake,0.974609,QF40,40
F02916,fake_46763.jpg,Fake,Fake,0.994629,QF40,40
F00050,fake_10629.jpg,Fake,Fake,1.0,QF40,40
F02635,fake_43310.jpg,Fake,Fake,1.0,QF40,40
F01511,fake_2818.jpg,Fake,Fake,0.989746,QF40,40
F01395,fake_26886.jpg,Fake,Fake,1.0,QF40,40
F00817,fake_2043.jpg,Fake,Fake,1.0,QF40,40
F04195,fake_63001.jpg,Fake,Fake,0.991699,QF40,40
F00750,fake_19735.jpg,Fake,Fake,0.991211,QF40,40
F02840,fake_45817.jpg,Fake,Fake,0.996094,QF40,40
F03863,fake_5910.jpg,Fake,Fake,0.999512,QF40,40
F04645,fake_68343.jpg,Fake,Fake,0.756836,QF40,40
F01649,fake_30073.jpg,Fake,Fake,0.995117,QF40,40
F02632,fake_4329.jpg,Fake,Fake,0.997559,QF40,40
F02603,fake_4296.jpg,Fake,Fake,0.999512,QF40,40
F02243,fake_37777.jpg,Fake,Real,0.376709,QF40,40
F02516,fake_41764.jpg,Fake,Fake,1.0,QF40,40
F04154,fake_62482.jpg,Fake,Fake,0.976562,QF40,40
F01667,fake_30200.jpg,Fake,Fake,0.960449,QF40,40
F04256,fake_63675.jpg,Fake,Fake,1.0,QF40,40
F04894,fake_8614.jpg,Fake,Fake,0.999512,QF40,40
F03791,fake_58171.jpg,Fake,Fake,1.0,QF40,40
F02320,fake_3887.jpg,Fake,Fake,0.800781,QF40,40
F00725,fake_19364.jpg,Fake,Fake,0.976562,QF40,40
F03176,fake_50111.jpg,Fake,Fake,1.0,QF40,40
F00472,fake_16074.jpg,Fake,Fake,0.993652,QF40,40
F01554,fake_28872.jpg,Fake,Fake,0.996582,QF40,40
F02308,fake_38619.jpg,Fake,Fake,1.0,QF40,40
F01300,fake_25710.jpg,Fake,Fake,1.0,QF40,40
F02937,fake_4697.jpg,Fake,Fake,0.999512,QF40,40
F00858,fake_20906.jpg,Fake,Fake,1.0,QF40,40
F04468,fake_66184.jpg,Fake,Fake,0.701172,QF40,40
F04731,fake_69306.jpg,Fake,Fake,0.615723,QF40,40
F03327,fake_52214.jpg,Fake,Fake,0.999023,QF40,40
F00404,fake_15148.jpg,Fake,Fake,0.998535,QF40,40
F00125,fake_11446.jpg,Fake,Fake,0.998535,QF40,40
F04652,fake_68410.jpg,Fake,Fake,0.912109,QF40,40
F03534,fake_54892.jpg,Fake,Real,0.465088,QF40,40
F02162,fake_36423.jpg,Fake,Fake,0.962402,QF40,40
F04319,fake_64470.jpg,Fake,Fake,0.774902,QF40,40
F03834,fake_5877.jpg,Fake,Fake,0.993164,QF40,40
F02042,fake_34739.jpg,Fake,Fake,1.0,QF40,40
F02470,fake_41102.jpg,Fake,Fake,1.0,QF40,40
F00511,fake_16407.jpg,Fake,Real,0.174561,QF40,40
F03416,fake_53425.jpg,Fake,Fake,0.996582,QF40,40
F04805,fake_7370.jpg,Fake,Fake,0.901855,QF40,40
F02359,fake_39367.jpg,Fake,Fake,0.99707,QF40,40
F03818,fake_58591.jpg,Fake,Fake,0.97168,QF40,40
F02392,fake_39856.jpg,Fake,Fake,1.0,QF40,40
F02030,fake_34562.jpg,Fake,Fake,0.99707,QF40,40
F01978,fake_33927.jpg,Fake,Fake,0.966797,QF40,40
F03208,fake_50491.jpg,Fake,Fake,1.0,QF40,40
F00005,fake_10072.jpg,Fake,Fake,1.0,QF40,40
F01758,fake_31230.jpg,Fake,Fake,0.999023,QF40,40
F02402,fake_40021.jpg,Fake,Fake,0.766113,QF40,40
F04762,fake_69663.jpg,Fake,Fake,0.999023,QF40,40
F03975,fake_60352.jpg,Fake,Fake,1.0,QF40,40
F03092,fake_49076.jpg,Fake,Fake,0.993652,QF40,40
F01722,fake_30861.jpg,Fake,Fake,1.0,QF40,40
F02289,fake_38326.jpg,Fake,Fake,1.0,QF40,40
F02751,fake_44778.jpg,Fake,Fake,1.0,QF40,40
F01614,fake_29595.jpg,Fake,Fake,1.0,QF40,40
F01184,fake_24479.jpg,Fake,Fake,1.0,QF40,40
F01591,fake_29263.jpg,Fake,Fake,1.0,QF40,40
F02006,fake_34275.jpg,Fake,Real,0.451172,QF40,40
F01153,fake_24140.jpg,Fake,Fake,1.0,QF40,40
F02809,fake_45513.jpg,Fake,Fake,0.990234,QF40,40
F04835,fake_7793.jpg,Fake,Real,0.177979,QF40,40
F02659,fake_43562.jpg,Fake,Fake,1.0,QF40,40
F00096,fake_1116.jpg,Fake,Fake,1.0,QF40,40
F02089,fake_35254.jpg,Fake,Fake,0.991211,QF40,40
F00127,fake_11462.jpg,Fake,Fake,1.0,QF40,40
F03826,fake_58710.jpg,Fake,Fake,0.969727,QF40,40
F00888,fake_21282.jpg,Fake,Fake,0.998535,QF40,40
F02292,fake_3837.jpg,Fake,Fake,1.0,QF40,40
F01039,fake_22938.jpg,Fake,Fake,0.999512,QF40,40
F02329,fake_38933.jpg,Fake,Fake,0.997559,QF40,40
F03415,fake_534.jpg,Fake,Fake,0.882324,QF40,40
F03105,fake_49269.jpg,Fake,Fake,0.976074,QF40,40
F02814,fake_45560.jpg,Fake,Fake,1.0,QF40,40
F00575,fake_17333.jpg,Fake,Fake,0.97998,QF40,40
F03433,fake_53600.jpg,Fake,Fake,0.998535,QF40,40
F02306,fake_3859.jpg,Fake,Real,0.232544,QF40,40
F01711,fake_30757.jpg,Fake,Fake,0.999023,QF40,40
F01350,fake_26385.jpg,Fake,Fake,0.999512,QF40,40
F03249,fake_51155.jpg,Fake,Fake,0.989258,QF40,40
F03119,fake_49431.jpg,Fake,Fake,0.895508,QF40,40
F02992,fake_47676.jpg,Fake,Fake,1.0,QF40,40
F03540,fake_54992.jpg,Fake,Fake,1.0,QF40,40
F04144,fake_62372.jpg,Fake,Fake,1.0,QF40,40
F03983,fake_60414.jpg,Fake,Fake,1.0,QF40,40
F02123,fake_35820.jpg,Fake,Real,0.148315,QF40,40
F02024,fake_34470.jpg,Fake,Fake,0.972168,QF40,40
F02282,fake_38261.jpg,Fake,Fake,1.0,QF40,40
F01441,fake_27382.jpg,Fake,Fake,1.0,QF40,40
F04264,fake_63781.jpg,Fake,Fake,0.993164,QF40,40
F00236,fake_12835.jpg,Fake,Fake,0.999512,QF40,40
F04477,fake_66339.jpg,Fake,Fake,0.993164,QF40,40
F04594,fake_67843.jpg,Fake,Fake,1.0,QF40,40
F04895,fake_8615.jpg,Fake,Fake,0.999512,QF40,40
F04670,fake_68639.jpg,Fake,Fake,0.98877,QF40,40
F00451,fake_1566.jpg,Fake,Fake,0.861328,QF40,40
F04808,fake_7454.jpg,Fake,Fake,0.987793,QF40,40
F03011,fake_48003.jpg,Fake,Fake,0.98584,QF40,40
F00674,fake_18677.jpg,Fake,Fake,1.0,QF40,40
F04784,fake_701.jpg,Fake,Fake,0.999512,QF40,40
F04472,fake_66246.jpg,Fake,Fake,0.994629,QF40,40
F02174,fake_36613.jpg,Fake,Fake,0.987793,QF40,40
F04081,fake_61465.jpg,Fake,Fake,0.998047,QF40,40
F04929,fake_9098.jpg,Fake,Fake,1.0,QF40,40
F00504,fake_16337.jpg,Fake,Real,0.339844,QF40,40
F02485,fake_41330.jpg,Fake,Fake,0.99707,QF40,40
F01115,fake_23768.jpg,Fake,Fake,1.0,QF40,40
F03528,fake_54842.jpg,Fake,Fake,1.0,QF40,40
F00915,fake_21557.jpg,Fake,Fake,0.984375,QF40,40
F01397,fake_26900.jpg,Fake,Fake,0.999512,QF40,40
F00997,fake_22493.jpg,Fake,Fake,1.0,QF40,40
F01253,fake_25125.jpg,Fake,Fake,0.995117,QF40,40
F03615,fake_55896.jpg,Fake,Fake,0.998047,QF40,40
F00988,fake_22403.jpg,Fake,Fake,1.0,QF40,40
F02999,fake_47769.jpg,Fake,Fake,0.985352,QF40,40
F04956,fake_9473.jpg,Fake,Fake,0.991211,QF40,40
F03670,fake_56496.jpg,Fake,Fake,0.999512,QF40,40
F00270,fake_13352.jpg,Fake,Fake,0.98291,QF40,40
F04135,fake_62205.jpg,Fake,Fake,0.996582,QF40,40
F01109,fake_23694.jpg,Fake,Fake,0.997559,QF40,40
F04515,fake_66865.jpg,Fake,Fake,0.999512,QF40,40
F04225,fake_63401.jpg,Fake,Fake,0.95752,QF40,40
F00949,fake_21934.jpg,Fake,Fake,0.869629,QF40,40
F02988,fake_476.jpg,Fake,Fake,1.0,QF40,40
F00766,fake_19899.jpg,Fake,Fake,1.0,QF40,40
F01496,fake_28014.jpg,Fake,Fake,0.999023,QF40,40
F04065,fake_61353.jpg,Fake,Fake,0.996094,QF40,40
F02257,fake_37925.jpg,Fake,Fake,0.999023,QF40,40
F02171,fake_36548.jpg,Fake,Real,0.362549,QF40,40
F01221,fake_24784.jpg,Fake,Fake,0.99707,QF40,40
F01347,fake_2635.jpg,Fake,Fake,0.999512,QF40,40
F01406,fake_2700.jpg,Fake,Fake,0.997559,QF40,40
F01774,fake_31391.jpg,Fake,Fake,0.998535,QF40,40
F01401,fake_26951.jpg,Fake,Fake,0.999023,QF40,40
F03034,fake_48293.jpg,Fake,Fake,1.0,QF40,40
R04351,real_64598.jpg,Real,Real,0.205811,QF20,20
R04113,real_61817.jpg,Real,Real,0.000432,QF20,20
R04884,real_8487.jpg,Real,Real,2e-05,QF20,20
R01665,real_31107.jpg,Real,Real,0.000479,QF20,20
R01757,real_32395.jpg,Real,Real,2e-06,QF20,20
R03639,real_55818.jpg,Real,Real,0.002199,QF20,20
R04421,real_6560.jpg,Real,Real,0.0,QF20,20
R03637,real_55812.jpg,Real,Real,0.000283,QF20,20
R03035,real_48352.jpg,Real,Real,0.00071,QF20,20
R03516,real_54490.jpg,Real,Real,0.022888,QF20,20
R04758,real_69855.jpg,Real,Real,0.0,QF20,20
R01918,real_34729.jpg,Real,Real,0.078369,QF20,20
R00902,real_21779.jpg,Real,Real,0.015541,QF20,20
R01123,real_24384.jpg,Real,Real,2.2e-05,QF20,20
R02689,real_44260.jpg,Real,Real,0.075867,QF20,20
R01961,real_35264.jpg,Real,Real,0.016922,QF20,20
R00835,real_20971.jpg,Real,Real,0.000591,QF20,20
R02395,real_40645.jpg,Real,Real,0.003235,QF20,20
R01304,real_26565.jpg,Real,Real,0.0,QF20,20
R00919,real_21928.jpg,Real,Real,0.000155,QF20,20
R00164,real_1230.jpg,Real,Real,0.00075,QF20,20
R04093,real_61605.jpg,Real,Real,0.0,QF20,20
R03317,real_52172.jpg,Real,Real,0.001037,QF20,20
R00931,real_22078.jpg,Real,Real,0.002323,QF20,20
R00840,real_20985.jpg,Real,Real,0.010529,QF20,20
R04919,real_8856.jpg,Real,Real,6e-06,QF20,20
R00294,real_1436.jpg,Real,Real,1e-06,QF20,20
R02424,real_41019.jpg,Real,Fake,0.76709,QF20,20
R02575,real_4281.jpg,Real,Real,0.00037,QF20,20
R00800,real_20633.jpg,Real,Real,0.062225,QF20,20
R04751,real_69799.jpg,Real,Real,0.002108,QF20,20
R01175,real_25208.jpg,Real,Real,0.031372,QF20,20
R01451,real_28339.jpg,Real,Real,8.5e-05,QF20,20
R02067,real_36503.jpg,Real,Real,9.3e-05,QF20,20
R00717,real_19507.jpg,Real,Real,0.004265,QF20,20
R02851,real_46222.jpg,Real,Real,0.019501,QF20,20
R01423,real_28098.jpg,Real,Real,0.00123,QF20,20
R04965,real_9578.jpg,Real,Real,0.006313,QF20,20
R04963,real_9561.jpg,Real,Real,0.0,QF20,20
R02688,real_4425.jpg,Real,Real,0.006958,QF20,20
R00544,real_17460.jpg,Real,Real,0.095886,QF20,20
R04902,real_8716.jpg,Real,Real,2.1e-05,QF20,20
R03812,real_58016.jpg,Real,Real,0.005821,QF20,20
R03686,real_56543.jpg,Real,Real,0.04248,QF20,20
R03910,real_59109.jpg,Real,Real,0.000169,QF20,20
R01878,real_34025.jpg,Real,Real,0.008614,QF20,20
R00731,real_19711.jpg,Real,Real,0.0,QF20,20
R04137,real_62142.jpg,Real,Real,0.032837,QF20,20
R01850,real_33672.jpg,Real,Real,0.000614,QF20,20
R01490,real_28800.jpg,Real,Real,0.0,QF20,20
R04465,real_66131.jpg,Real,Real,0.0,QF20,20
R03833,real_58270.jpg,Real,Real,0.000231,QF20,20
R01688,real_31397.jpg,Real,Real,0.0,QF20,20
R00226,real_13252.jpg,Real,Real,0.000118,QF20,20
R04781,real_7210.jpg,Real,Real,0.289062,QF20,20
R00377,real_15334.jpg,Real,Real,1e-06,QF20,20
R01494,real_28839.jpg,Real,Real,4e-06,QF20,20
R04111,real_61792.jpg,Real,Real,0.033386,QF20,20
R03324,real_52254.jpg,Real,Real,0.000162,QF20,20
R02664,real_43899.jpg,Real,Real,0.0,QF20,20
R02342,real_39772.jpg,Real,Real,2e-06,QF20,20
R00970,real_22539.jpg,Real,Real,0.000222,QF20,20
R02253,real_38765.jpg,Real,Real,0.052521,QF20,20
R03227,real_50831.jpg,Real,Real,0.013329,QF20,20
R04662,real_68670.jpg,Real,Real,0.013329,QF20,20
R03066,real_48872.jpg,Real,Real,0.0,QF20,20
R04247,real_63388.jpg,Real,Real,0.009781,QF20,20
R00222,real_13178.jpg,Real,Real,2e-06,QF20,20
R03065,real_48842.jpg,Real,Real,0.068176,QF20,20
R01449,real_2833.jpg,Real,Real,0.117798,QF20,20
R03241,real_5104.jpg,Real,Real,1.4e-05,QF20,20
R03339,real_52376.jpg,Real,Real,3e-06,QF20,20
R03380,real_52781.jpg,Real,Real,1.2e-05,QF20,20
R00033,real_10545.jpg,Real,Real,1.4e-05,QF20,20
R01189,real_25417.jpg,Real,Real,0.00088,QF20,20
R01200,real_25541.jpg,Real,Real,0.137329,QF20,20
R01421,real_28068.jpg,Real,Real,3.8e-05,QF20,20
R02097,real_36889.jpg,Real,Real,0.0,QF20,20
R04892,real_8641.jpg,Real,Real,0.000129,QF20,20
R01240,real_25952.jpg,Real,Real,0.0,QF20,20
R03488,real_54143.jpg,Real,Real,0.045959,QF20,20
R00048,real_10749.jpg,Real,Real,0.471436,QF20,20
R01611,real_30492.jpg,Real,Real,7.1e-05,QF20,20
R01527,real_29318.jpg,Real,Real,2e-06,QF20,20
R03773,real_5748.jpg,Real,Real,0.058899,QF20,20
R02822,real_4584.jpg,Real,Fake,0.700195,QF20,20
R04732,real_69538.jpg,Real,Real,0.023605,QF20,20
R00203,real_12979.jpg,Real,Real,0.000291,QF20,20
R01435,real_28206.jpg,Real,Real,0.000165,QF20,20
R02473,real_41534.jpg,Real,Real,0.000398,QF20,20
R02906,real_46946.jpg,Real,Real,0.000223,QF20,20
R01383,real_27640.jpg,Real,Real,0.000104,QF20,20
R04763,real_69894.jpg,Real,Real,0.013428,QF20,20
R00895,real_21697.jpg,Real,Real,0.002878,QF20,20
R00701,real_1932.jpg,Real,Real,0.128052,QF20,20
R01031,real_23333.jpg,Real,Real,0.0,QF20,20
R00147,real_12030.jpg,Real,Real,0.003443,QF20,20
R02392,real_4060.jpg,Real,Real,0.0,QF20,20
R02293,real_39275.jpg,Real,Real,0.0,QF20,20
R01337,real_27055.jpg,Real,Real,0.008476,QF20,20
R01455,real_28412.jpg,Real,Real,0.0,QF20,20
R01141,real_24704.jpg,Real,Real,0.0,QF20,20
R02058,real_3642.jpg,Real,Real,0.158081,QF20,20
R01799,real_32944.jpg,Real,Real,0.008064,QF20,20
R01124,real_24405.jpg,Real,Real,0.01519,QF20,20
R04222,real_63140.jpg,Real,Real,0.007904,QF20,20
R01747,real_32230.jpg,Real,Real,3.5e-05,QF20,20
R04991,real_9928.jpg,Real,Real,0.008743,QF20,20
R03626,real_55698.jpg,Real,Real,0.013741,QF20,20
R00295,real_14364.jpg,Real,Real,3.8e-05,QF20,20
R01107,real_24186.jpg,Real,Real,0.000525,QF20,20
R04895,real_8659.jpg,Real,Real,0.000141,QF20,20
R02994,real_4796.jpg,Real,Real,9.6e-05,QF20,20
R03377,real_52732.jpg,Real,Real,5e-06,QF20,20
R01411,real_28002.jpg,Real,Real,0.000123,QF20,20
R04022,real_60638.jpg,Real,Real,0.001024,QF20,20
R04070,real_61273.jpg,Real,Real,5e-06,QF20,20
R03850,real_58510.jpg,Real,Real,0.0,QF20,20
R01759,real_3240.jpg,Real,Real,0.063354,QF20,20
R00419,real_15854.jpg,Real,Real,0.023285,QF20,20
R01409,real_27975.jpg,Real,Real,0.002947,QF20,20
R00185,real_12607.jpg,Real,Real,0.003679,QF20,20
R00964,real_22460.jpg,Real,Real,0.0,QF20,20
R04158,real_62362.jpg,Real,Real,0.182251,QF20,20
R01756,real_32393.jpg,Real,Real,0.164429,QF20,20
R03421,real_53354.jpg,Real,Real,0.004181,QF20,20
R04646,real_68387.jpg,Real,Real,1.9e-05,QF20,20
R01125,real_24407.jpg,Real,Fake,0.87793,QF20,20
R02314,real_39466.jpg,Real,Real,0.030045,QF20,20
R01777,real_32627.jpg,Real,Real,0.0,QF20,20
R01657,real_31051.jpg,Real,Real,0.028976,QF20,20
R00031,real_10508.jpg,Real,Real,0.237183,QF20,20
R00777,real_20333.jpg,Real,Real,0.003248,QF20,20
R03105,real_49184.jpg,Real,Real,3e-06,QF20,20
R03948,real_59586.jpg,Real,Real,5.7e-05,QF20,20
R02469,real_41493.jpg,Real,Fake,0.71582,QF20,20
R02196,real_38140.jpg,Real,Real,0.070068,QF20,20
R01793,real_32823.jpg,Real,Real,0.0,QF20,20
R00118,real_11617.jpg,Real,Real,0.003839,QF20,20
R00432,real_15971.jpg,Real,Real,0.0,QF20,20
R00297,real_14397.jpg,Real,Real,0.002424,QF20,20
R04110,real_61780.jpg,Real,Real,0.000721,QF20,20
R01249,real_26053.jpg,Real,Real,4.3e-05,QF20,20
R03141,real_49810.jpg,Real,Real,4.5e-05,QF20,20
R02075,real_36608.jpg,Real,Real,1e-05,QF20,20
R03537,real_54757.jpg,Real,Real,0.000495,QF20,20
R04153,real_62300.jpg,Real,Real,0.000661,QF20,20
R00072,real_10990.jpg,Real,Real,0.033478,QF20,20
R02747,real_44918.jpg,Real,Real,0.0,QF20,20
R04837,real_7941.jpg,Real,Real,0.002684,QF20,20
R04882,real_8470.jpg,Real,Real,1.3e-05,QF20,20
R03454,real_53771.jpg,Real,Real,0.013535,QF20,20
R01707,real_3170.jpg,Real,Real,0.000181,QF20,20
R00795,real_20566.jpg,Real,Real,0.0,QF20,20
R01208,real_25594.jpg,Real,Real,0.003363,QF20,20
R04690,real_69035.jpg,Real,Real,0.018234,QF20,20
R02157,real_3766.jpg,Real,Real,0.036011,QF20,20
R02781,real_45373.jpg,Real,Real,0.12146,QF20,20
R02539,real_42385.jpg,Real,Real,0.003172,QF20,20
R03933,real_5944.jpg,Real,Real,0.067688,QF20,20
R03542,real_54810.jpg,Real,Real,0.0,QF20,20
R03189,real_50467.jpg,Real,Real,8e-06,QF20,20
R02211,real_38293.jpg,Real,Real,2e-06,QF20,20
R01140,real_24699.jpg,Real,Real,0.0,QF20,20
R00089,real_11143.jpg,Real,Real,0.005867,QF20,20
R01021,real_23194.jpg,Real,Real,0.008644,QF20,20
R04322,real_6421.jpg,Real,Real,0.136597,QF20,20
R04453,real_65993.jpg,Real,Real,0.010368,QF20,20
R04058,real_61094.jpg,Real,Real,2e-06,QF20,20
R04399,real_65313.jpg,Real,Real,0.0,QF20,20
R02596,real_4305.jpg,Real,Real,0.000238,QF20,20
R03556,real_54910.jpg,Real,Real,2e-06,QF20,20
R01591,real_30149.jpg,Real,Real,4.6e-05,QF20,20
R04521,real_66870.jpg,Real,Real,4.8e-05,QF20,20
R01059,real_23584.jpg,Real,Real,0.174683,QF20,20
R00640,real_18693.jpg,Real,Real,0.002531,QF20,20
R03974,real_59927.jpg,Real,Real,0.002058,QF20,20
R04101,real_61685.jpg,Real,Real,2e-06,QF20,20
R02685,real_44181.jpg,Real,Real,0.076416,QF20,20
R03960,real_59765.jpg,Real,Real,0.076416,QF20,20
R03247,real_51116.jpg,Real,Real,0.000958,QF20,20
R00252,real_13671.jpg,Real,Real,0.0,QF20,20
R04152,real_62274.jpg,Real,Fake,0.51709,QF20,20
R02462,real_41435.jpg,Real,Real,1e-05,QF20,20
R01202,real_25559.jpg,Real,Real,0.02562,QF20,20
R03162,real_50047.jpg,Real,Real,0.024841,QF20,20
R04588,real_67647.jpg,Real,Real,0.024841,QF20,20
R01535,real_29408.jpg,Real,Real,0.000267,QF20,20
R01359,real_27403.jpg,Real,Real,0.000735,QF20,20
R00474,real_16489.jpg,Real,Real,0.020844,QF20,20
R03824,real_58189.jpg,Real,Real,0.038696,QF20,20
R04761,real_69887.jpg,Real,Real,0.0,QF20,20
R00559,real_177.jpg,Real,Real,0.243042,QF20,20
R00888,real_21606.jpg,Real,Real,0.022675,QF20,20
R04823,real_7794.jpg,Real,Real,0.0,QF20,20
R03078,real_48993.jpg,Real,Real,0.138306,QF20,20
R02736,real_44824.jpg,Real,Real,0.000492,QF20,20
R01745,real_32216.jpg,Real,Real,0.042877,QF20,20
R02341,real_39771.jpg,Real,Real,3.3e-05,QF20,20
R04279,real_63711.jpg,Real,Real,0.034821,QF20,20
R01234,real_25890.jpg,Real,Real,0.000386,QF20,20
R04286,real_63850.jpg,Real,Real,0.236694,QF20,20
R01043,real_23446.jpg,Real,Real,0.003099,QF20,20
R01464,real_28566.jpg,Real,Real,0.012428,QF20,20
R00696,real_1930.jpg,Real,Real,0.000473,QF20,20
R02484,real_41678.jpg,Real,Real,0.000335,QF20,20
R04216,real_63072.jpg,Real,Real,0.026855,QF20,20
R03115,real_4934.jpg,Real,Real,0.015839,QF20,20
R00041,real_10620.jpg,Real,Fake,0.916016,QF20,20
R00016,real_10196.jpg,Real,Real,0.005775,QF20,20
R01579,real_29964.jpg,Real,Real,0.093018,QF20,20
R00917,real_21911.jpg,Real,Real,0.11499,QF20,20
R01655,real_30994.jpg,Real,Real,0.036438,QF20,20
R03651,real_55945.jpg,Real,Real,0.077515,QF20,20
R00043,real_10650.jpg,Real,Real,2e-06,QF20,20
R02172,real_37837.jpg,Real,Real,0.000779,QF20,20
R02961,real_47573.jpg,Real,Real,0.000229,QF20,20
R00893,real_21678.jpg,Real,Real,0.000318,QF20,20
R00876,real_21438.jpg,Real,Real,0.000173,QF20,20
R04878,real_8448.jpg,Real,Real,0.006691,QF20,20
R00365,real_15164.jpg,Real,Real,0.001897,QF20,20
R02203,real_3822.jpg,Real,Real,0.0,QF20,20
R02938,real_47290.jpg,Real,Real,0.00547,QF20,20
R00856,real_21202.jpg,Real,Real,0.002323,QF20,20
R00338,real_14842.jpg,Real,Real,4.7e-05,QF20,20
R03968,real_59890.jpg,Real,Real,0.0,QF20,20
R03946,real_59560.jpg,Real,Real,0.000127,QF20,20
R01098,real_24082.jpg,Real,Real,0.008003,QF20,20
R04068,real_61251.jpg,Real,Real,0.003443,QF20,20
R04752,real_69814.jpg,Real,Real,0.300537,QF20,20
R01504,real_28982.jpg,Real,Real,2.3e-05,QF20,20
R00811,real_20719.jpg,Real,Real,0.021164,QF20,20
R01638,real_30733.jpg,Real,Real,5.3e-05,QF20,20
R04501,real_6655.jpg,Real,Real,0.000291,QF20,20
R01041,real_23431.jpg,Real,Real,5.1e-05,QF20,20
R03501,real_54289.jpg,Real,Real,8e-06,QF20,20
R03994,real_6025.jpg,Real,Real,0.0,QF20,20
R04179,real_62621.jpg,Real,Real,0.001086,QF20,20
R04017,real_606.jpg,Real,Real,0.0,QF20,20
R01109,real_24216.jpg,Real,Real,0.0,QF20,20
R04505,real_66615.jpg,Real,Real,0.077087,QF20,20
R03972,real_59913.jpg,Real,Real,6e-06,QF20,20
R00166,real_12325.jpg,Real,Real,0.0,QF20,20
R03531,real_54710.jpg,Real,Real,0.015961,QF20,20
R00712,real_19461.jpg,Real,Real,0.02211,QF20,20
R01999,real_358.jpg,Real,Real,0.0,QF20,20
R04855,real_8127.jpg,Real,Fake,0.82666,QF20,20
R03560,real_54945.jpg,Real,Fake,0.916016,QF20,20
R04584,real_67627.jpg,Real,Real,0.0,QF20,20
R04575,real_67522.jpg,Real,Real,0.0,QF20,20
R04982,real_9780.jpg,Real,Real,1e-06,QF20,20
R04342,real_64461.jpg,Real,Real,0.059418,QF20,20
R03921,real_59294.jpg,Real,Real,0.000584,QF20,20
R04978,real_9702.jpg,Real,Real,0.019913,QF20,20
R02101,real_36943.jpg,Real,Real,0.008034,QF20,20
R03011,real_48132.jpg,Real,Real,4e-05,QF20,20
R03697,real_56666.jpg,Real,Real,0.084778,QF20,20
R01732,real_32053.jpg,Real,Real,0.058899,QF20,20
R04087,real_61513.jpg,Real,Real,0.0,QF20,20
R04910,real_8804.jpg,Real,Real,0.130493,QF20,20
R04731,real_69534.jpg,Real,Real,1e-06,QF20,20
R03003,real_48027.jpg,Real,Real,0.401123,QF20,20
R02788,real_45422.jpg,Real,Real,0.401123,QF20,20
R02248,real_3870.jpg,Real,Real,0.000532,QF20,20
R03500,real_54284.jpg,Real,Real,2e-06,QF20,20
R02366,real_40183.jpg,Real,Real,0.006363,QF20,20
R01951,real_3513.jpg,Real,Real,0.050323,QF20,20
R00965,real_22485.jpg,Real,Real,2e-05,QF20,20
R04714,real_69284.jpg,Real,Real,0.232788,QF20,20
R04283,real_63814.jpg,Real,Real,1e-06,QF20,20
R03811,real_58.jpg,Real,Real,1.5e-05,QF20,20
R00727,real_19663.jpg,Real,Real,3.2e-05,QF20,20
R01469,real_28590.jpg,Real,Real,0.017715,QF20,20
R04909,real_8794.jpg,Real,Real,0.040375,QF20,20
R01583,real_30000.jpg,Real,Real,0.000335,QF20,20
R04109,real_6178.jpg,Real,Real,0.000229,QF20,20
R04128,real_62.jpg,Real,Real,0.028488,QF20,20
R00832,real_20938.jpg,Real,Real,1e-06,QF20,20
R03009,real_48107.jpg,Real,Real,0.001883,QF20,20
R01894,real_34248.jpg,Real,Real,0.002901,QF20,20
R04754,real_69827.jpg,Real,Real,7e-06,QF20,20
R04935,real_907.jpg,Real,Real,0.0,QF20,20
R01935,real_34915.jpg,Real,Real,0.005821,QF20,20
R02838,real_46.jpg,Real,Real,0.0,QF20,20
R03590,real_55242.jpg,Real,Real,0.0,QF20,20
R00312,real_14572.jpg,Real,Real,0.086609,QF20,20
R01991,real_35701.jpg,Real,Real,0.091553,QF20,20
R03729,real_56952.jpg,Real,Real,0.000385,QF20,20
R02122,real_37237.jpg,Real,Real,7e-06,QF20,20
R01729,real_32034.jpg,Real,Real,0.005062,QF20,20
R01610,real_30489.jpg,Real,Real,0.000492,QF20,20
R00760,real_20105.jpg,Real,Real,0.000747,QF20,20
R03632,real_55715.jpg,Real,Real,0.000455,QF20,20
R02070,real_36523.jpg,Real,Real,0.01799,QF20,20
R04241,real_63322.jpg,Real,Fake,0.960449,QF20,20
R00102,real_11391.jpg,Real,Real,6.7e-05,QF20,20
R02099,real_36919.jpg,Real,Real,0.051666,QF20,20
R02980,real_47821.jpg,Real,Real,0.051666,QF20,20
R03818,real_58132.jpg,Real,Real,0.001129,QF20,20
R01743,real_32193.jpg,Real,Real,0.001024,QF20,20
R02658,real_43839.jpg,Real,Fake,0.995605,QF20,20
R02234,real_38582.jpg,Real,Real,2e-06,QF20,20
R02734,real_44813.jpg,Real,Real,0.000532,QF20,20
R04268,real_63634.jpg,Real,Real,0.012726,QF20,20
R00801,real_20635.jpg,Real,Real,0.017105,QF20,20
R04141,real_62182.jpg,Real,Real,2e-06,QF20,20
R01151,real_24888.jpg,Real,Real,1.6e-05,QF20,20
R03879,real_58812.jpg,Real,Real,0.0,QF20,20
R03117,real_49347.jpg,Real,Real,0.0,QF20,20
R04711,real_69263.jpg,Real,Real,0.000605,QF20,20
R04416,real_65533.jpg,Real,Real,1e-06,QF20,20
R04850,real_8073.jpg,Real,Real,0.090759,QF20,20
R03646,real_55873.jpg,Real,Real,0.163086,QF20,20
R00079,real_11075.jpg,Real,Real,0.000105,QF20,20
R01496,real_28870.jpg,Real,Real,0.055206,QF20,20
R02145,real_37464.jpg,Real,Fake,0.602539,QF20,20
R03510,real_5443.jpg,Real,Real,0.002541,QF20,20
R04180,real_62636.jpg,Real,Real,4.7e-05,QF20,20
R01377,real_27580.jpg,Real,Real,0.013588,QF20,20
R02338,real_39714.jpg,Real,Real,1.8e-05,QF20,20
R03095,real_4911.jpg,Real,Real,0.241089,QF20,20
R02771,real_45259.jpg,Real,Real,0.016525,QF20,20
R03226,real_50815.jpg,Real,Real,5.8e-05,QF20,20
R01997,real_35780.jpg,Real,Real,2e-06,QF20,20
R00775,real_20295.jpg,Real,Real,0.007812,QF20,20
R02595,real_4301.jpg,Real,Real,0.042175,QF20,20
R03727,real_56933.jpg,Real,Real,2e-06,QF20,20
R04461,real_6609.jpg,Real,Real,2e-06,QF20,20
R04030,real_60711.jpg,Real,Real,0.108765,QF20,20
R02357,real_40044.jpg,Real,Real,1.8e-05,QF20,20
R00588,real_18067.jpg,Real,Real,0.001472,QF20,20
R01460,real_28524.jpg,Real,Real,0.001472,QF20,20
R04454,real_6601.jpg,Real,Real,0.008217,QF20,20
R01839,real_33550.jpg,Real,Real,0.0,QF20,20
R02407,real_40803.jpg,Real,Real,0.0,QF20,20
R03408,real_53150.jpg,Real,Real,0.153687,QF20,20
R00730,real_19675.jpg,Real,Real,0.142456,QF20,20
R02041,real_36197.jpg,Real,Real,0.166992,QF20,20
R03713,real_56823.jpg,Real,Real,0.000218,QF20,20
R00676,real_19089.jpg,Real,Real,0.003027,QF20,20
R03546,real_54832.jpg,Real,Real,0.01033,QF20,20
R03211,real_50639.jpg,Real,Real,5.4e-05,QF20,20
R00833,real_20962.jpg,Real,Real,0.060425,QF20,20
R03229,real_50863.jpg,Real,Real,0.103943,QF20,20
R03217,real_50710.jpg,Real,Real,0.001668,QF20,20
R03628,real_557.jpg,Real,Real,0.000586,QF20,20
R03820,real_58158.jpg,Real,Real,0.037323,QF20,20
R00085,real_11110.jpg,Real,Real,0.0017,QF20,20
R00097,real_11335.jpg,Real,Real,0.0,QF20,20
R00484,real_16628.jpg,Real,Real,0.010452,QF20,20
R00394,real_15475.jpg,Real,Real,0.00235,QF20,20
R00650,real_18768.jpg,Real,Real,9e-06,QF20,20
R03831,real_58262.jpg,Real,Real,2.4e-05,QF20,20
R00389,real_15416.jpg,Real,Real,0.0,QF20,20
R01090,real_23956.jpg,Real,Real,0.0,QF20,20
R00269,real_13857.jpg,Real,Real,0.0,QF20,20
R03714,real_56829.jpg,Real,Real,0.0,QF20,20
R00267,real_13848.jpg,Real,Real,0.000166,QF20,20
R00620,real_18420.jpg,Real,Real,2e-06,QF20,20
R02445,real_41243.jpg,Real,Real,0.0,QF20,20
R03456,real_53788.jpg,Real,Real,0.050232,QF20,20
R01277,real_26315.jpg,Real,Real,0.019913,QF20,20
R03303,real_51907.jpg,Real,Real,6.5e-05,QF20,20
R01581,real_29991.jpg,Real,Real,0.0,QF20,20
R03055,real_48682.jpg,Real,Real,0.025864,QF20,20
R03358,real_52562.jpg,Real,Real,6e-06,QF20,20
R03023,real_48251.jpg,Real,Real,0.020172,QF20,20
R02467,real_41478.jpg,Real,Real,0.0,QF20,20
R00053,real_10777.jpg,Real,Real,0.000429,QF20,20
R03844,real_58457.jpg,Real,Real,0.003679,QF20,20
R04484,real_66352.jpg,Real,Real,0.054413,QF20,20
R01406,real_27940.jpg,Real,Real,3e-06,QF20,20
R02649,real_43746.jpg,Real,Real,0.001044,QF20,20
R02888,real_4676.jpg,Real,Real,0.000718,QF20,20
R02700,real_44378.jpg,Real,Real,0.000211,QF20,20
R00321,real_14655.jpg,Real,Real,0.000677,QF20,20
R04548,real_67163.jpg,Real,Real,0.274414,QF20,20
R01261,real_26183.jpg,Real,Real,0.000437,QF20,20
R00552,real_17528.jpg,Real,Real,0.150757,QF20,20
R01614,real_30504.jpg,Real,Real,3.9e-05,QF20,20
R00428,real_15961.jpg,Real,Real,0.001748,QF20,20
R00815,real_20748.jpg,Real,Real,0.0,QF20,20
R02799,real_45522.jpg,Real,Real,1.9e-05,QF20,20
R04228,real_63176.jpg,Real,Real,0.003403,QF20,20
R01656,real_3105.jpg,Real,Real,2.2e-05,QF20,20
R01769,real_32479.jpg,Real,Real,4.5e-05,QF20,20
R01292,real_26487.jpg,Real,Real,0.0,QF20,20
R03293,real_51750.jpg,Real,Real,0.019836,QF20,20
R00450,real_16202.jpg,Real,Real,0.042328,QF20,20
R00197,real_12895.jpg,Real,Real,0.000566,QF20,20
R01671,real_31164.jpg,Real,Real,0.001636,QF20,20
R02209,real_38244.jpg,Real,Real,0.000631,QF20,20
R00724,real_19624.jpg,Real,Real,0.0,QF20,20
R04559,real_67287.jpg,Real,Real,1e-06,QF20,20
R04115,real_6185.jpg,Real,Real,0.000166,QF20,20
R04419,real_65560.jpg,Real,Real,0.001934,QF20,20
R02613,real_43348.jpg,Real,Real,0.000664,QF20,20
R04318,real_64142.jpg,Real,Real,0.000323,QF20,20
R00862,real_21249.jpg,Real,Real,0.0,QF20,20
R00828,real_20843.jpg,Real,Real,0.0,QF20,20
R01080,real_23854.jpg,Real,Real,0.010857,QF20,20
R03737,real_57001.jpg,Real,Real,0.06076,QF20,20
R00392,real_15422.jpg,Real,Real,0.000368,QF20,20
R04223,real_63141.jpg,Real,Real,0.0,QF20,20
R00087,real_11128.jpg,Real,Real,0.00018,QF20,20
R00716,real_19502.jpg,Real,Real,0.001579,QF20,20
R04536,real_67.jpg,Real,Real,0.0,QF20,20
R00826,real_20820.jpg,Real,Real,0.010406,QF20,20
R01397,real_27794.jpg,Real,Real,1.8e-05,QF20,20
R01029,real_23318.jpg,Real,Real,0.02626,QF20,20
R03367,real_52653.jpg,Real,Real,0.001727,QF20,20
R04693,real_69057.jpg,Real,Real,0.018021,QF20,20
R02110,real_37069.jpg,Real,Real,0.0,QF20,20
R04335,real_64379.jpg,Real,Real,0.000391,QF20,20
R02049,real_36291.jpg,Real,Real,0.009018,QF20,20
R01461,real_2853.jpg,Real,Real,0.019348,QF20,20
R01528,real_29323.jpg,Real,Real,0.045776,QF20,20
R02241,real_38646.jpg,Real,Real,0.012772,QF20,20
R00042,real_10641.jpg,Real,Real,0.009712,QF20,20
R03739,real_57031.jpg,Real,Real,0.172485,QF20,20
R00473,real_1646.jpg,Real,Real,0.250977,QF20,20
R01231,real_25850.jpg,Real,Real,4e-06,QF20,20
R03789,real_57702.jpg,Real,Real,0.356689,QF20,20
R00074,real_10997.jpg,Real,Real,0.0,QF20,20
R03570,real_5501.jpg,Real,Real,3e-06,QF20,20
R03439,real_53574.jpg,Real,Real,1e-06,QF20,20
R03238,real_50988.jpg,Real,Real,1.7e-05,QF20,20
R04379,real_6495.jpg,Real,Real,2e-06,QF20,20
R01904,real_34409.jpg,Real,Real,0.158936,QF20,20
R02801,real_45554.jpg,Real,Real,0.119019,QF20,20
R02548,real_42455.jpg,Real,Real,0.081238,QF20,20
R01067,real_2367.jpg,Real,Real,0.0,QF20,20
R02931,real_4721.jpg,Real,Real,9.7e-05,QF20,20
R04324,real_64221.jpg,Real,Real,0.007206,QF20,20
R04537,real_670.jpg,Real,Real,0.0,QF20,20
R03243,real_5106.jpg,Real,Real,0.00202,QF20,20
R01601,real_30378.jpg,Real,Real,0.0,QF20,20
R00062,real_10903.jpg,Real,Real,0.001755,QF20,20
R00257,real_13734.jpg,Real,Real,0.000202,QF20,20
R04871,real_8373.jpg,Real,Real,0.000546,QF20,20
R01785,real_32731.jpg,Real,Real,2.4e-05,QF20,20
R00037,real_10590.jpg,Real,Real,2.8e-05,QF20,20
R04602,real_67811.jpg,Real,Real,2e-06,QF20,20
R00298,real_14404.jpg,Real,Real,3e-06,QF20,20
R02812,real_45645.jpg,Real,Real,5.9e-05,QF20,20
R04636,real_68262.jpg,Real,Real,0.010056,QF20,20
R03088,real_49061.jpg,Real,Real,0.000792,QF20,20
R01992,real_3571.jpg,Real,Real,0.004574,QF20,20
R04518,real_66839.jpg,Real,Real,6.6e-05,QF20,20
R00436,real_16031.jpg,Real,Real,3.5e-05,QF20,20
R03418,real_53303.jpg,Real,Real,0.008675,QF20,20
R04315,real_6411.jpg,Real,Real,4e-06,QF20,20
R02692,real_44284.jpg,Real,Real,0.10968,QF20,20
R04046,real_60879.jpg,Real,Real,0.001861,QF20,20
R01168,real_25125.jpg,Real,Real,3.9e-05,QF20,20
R01762,real_3242.jpg,Real,Real,0.0,QF20,20
R01691,real_31434.jpg,Real,Real,0.053986,QF20,20
R04550,real_67170.jpg,Real,Real,0.048126,QF20,20
R00776,real_20320.jpg,Real,Real,0.157959,QF20,20
R03930,real_59404.jpg,Real,Real,0.164062,QF20,20
R01063,real_23613.jpg,Real,Real,0.211426,QF20,20
R00115,real_11526.jpg,Real,Real,0.026611,QF20,20
R04095,real_61627.jpg,Real,Real,2e-06,QF20,20
R03025,real_48263.jpg,Real,Real,0.0,QF20,20
R04303,real_63953.jpg,Real,Real,0.018127,QF20,20
R03160,real_49999.jpg,Real,Real,0.0,QF20,20
R00693,real_19288.jpg,Real,Real,6.5e-05,QF20,20
R00957,real_2233.jpg,Real,Real,0.0,QF20,20
R02883,real_46679.jpg,Real,Fake,0.935059,QF20,20
R00742,real_19911.jpg,Real,Real,4.5e-05,QF20,20
R01130,real_24526.jpg,Real,Real,0.005688,QF20,20
R02787,real_45418.jpg,Real,Real,0.002003,QF20,20
R00493,real_16795.jpg,Real,Real,0.065491,QF20,20
R01934,real_34910.jpg,Real,Real,0.028656,QF20,20
R00743,real_19936.jpg,Real,Real,0.030502,QF20,20
R04813,real_7647.jpg,Real,Real,0.000843,QF20,20
R00709,real_19439.jpg,Real,Real,0.108765,QF20,20
R04555,real_67254.jpg,Real,Real,0.001008,QF20,20
R03937,real_59469.jpg,Real,Real,0.01178,QF20,20
R02348,real_39880.jpg,Real,Real,0.010612,QF20,20
R02304,real_3935.jpg,Real,Fake,0.662109,QF20,20
R01164,real_25072.jpg,Real,Real,0.010818,QF20,20
R01136,real_24644.jpg,Real,Real,0.036896,QF20,20
R00431,real_15967.jpg,Real,Real,3.5e-05,QF20,20
R00916,real_21910.jpg,Real,Real,1e-05,QF20,20
R00433,real_15986.jpg,Real,Real,0.0,QF20,20
R03588,real_55186.jpg,Real,Real,0.000158,QF20,20
R02018,real_36012.jpg,Real,Real,0.00198,QF20,20
R03806,real_57916.jpg,Real,Real,5.3e-05,QF20,20
R04713,real_69278.jpg,Real,Real,0.0,QF20,20
R04117,real_61871.jpg,Real,Real,0.006073,QF20,20
R03674,real_56364.jpg,Real,Real,0.003027,QF20,20
R02752,real_4508.jpg,Real,Real,1.3e-05,QF20,20
R00402,real_15636.jpg,Real,Real,0.031555,QF20,20
R01703,real_31688.jpg,Real,Real,0.0,QF20,20
R01158,real_24966.jpg,Real,Real,0.060211,QF20,20
R00352,real_15016.jpg,Real,Real,0.000155,QF20,20
R02431,real_41067.jpg,Real,Real,0.0,QF20,20
R02520,real_42145.jpg,Real,Real,0.0,QF20,20
R00372,real_15227.jpg,Real,Real,1.4e-05,QF20,20
R02506,real_41997.jpg,Real,Fake,0.74707,QF20,20
R00098,real_11340.jpg,Real,Fake,0.808594,QF20,20
R00418,real_15852.jpg,Real,Fake,0.665527,QF20,20
R02668,real_43947.jpg,Real,Real,0.000477,QF20,20
R00363,real_15150.jpg,Real,Real,0.416504,QF20,20
R00759,real_2010.jpg,Real,Real,0.00071,QF20,20
R00019,real_10255.jpg,Real,Real,3e-05,QF20,20
R00596,real_18121.jpg,Real,Real,0.003351,QF20,20
R02136,real_37388.jpg,Real,Real,0.073303,QF20,20
R02475,real_4155.jpg,Real,Real,0.003172,QF20,20
R00859,real_2123.jpg,Real,Real,0.0,QF20,20
R02849,real_4619.jpg,Real,Real,0.0,QF20,20
R02727,real_44763.jpg,Real,Real,0.0,QF20,20
R04460,real_66064.jpg,Real,Real,0.0,QF20,20
R01462,real_28554.jpg,Real,Real,0.000609,QF20,20
R01276,real_26298.jpg,Real,Real,0.000564,QF20,20
R02716,real_44629.jpg,Real,Real,0.000194,QF20,20
R01149,real_24883.jpg,Real,Real,1e-06,QF20,20
R00144,real_11970.jpg,Real,Real,0.007011,QF20,20
R01081,real_23860.jpg,Real,Real,0.069031,QF20,20
R03347,real_52455.jpg,Real,Real,9e-06,QF20,20
R04807,real_7546.jpg,Real,Real,0.010132,QF20,20
R03152,real_49913.jpg,Real,Real,0.00083,QF20,20
R01478,real_28657.jpg,Real,Real,0.0,QF20,20
R02230,real_38538.jpg,Real,Fake,0.539551,QF20,20
R02119,real_37143.jpg,Real,Real,0.0,QF20,20
R02834,real_45951.jpg,Real,Real,5e-06,QF20,20
R01816,real_33274.jpg,Real,Real,0.003363,QF20,20
R02731,real_4480.jpg,Real,Real,0.001904,QF20,20
R00284,real_14169.jpg,Real,Real,0.0,QF20,20
R04903,real_8724.jpg,Real,Fake,0.863281,QF20,20
R00066,real_10948.jpg,Real,Fake,0.509277,QF20,20
R04717,real_69318.jpg,Real,Real,0.312256,QF20,20
R01314,real_2671.jpg,Real,Real,0.000155,QF20,20
R00306,real_14466.jpg,Real,Real,0.010406,QF20,20
R01653,real_30960.jpg,Real,Real,0.000638,QF20,20
R03176,real_5025.jpg,Real,Real,2.7e-05,QF20,20
R04951,real_9382.jpg,Real,Real,0.038696,QF20,20
R00008,real_10077.jpg,Real,Real,0.020065,QF20,20
R04553,real_67246.jpg,Real,Real,0.020065,QF20,20
R00105,real_1142.jpg,Real,Real,0.271973,QF20,20
R02672,real_44041.jpg,Real,Real,2e-06,QF20,20
R00534,real_17314.jpg,Real,Real,0.000383,QF20,20
R01104,real_24139.jpg,Real,Real,0.044922,QF20,20
R04829,real_7845.jpg,Real,Real,0.0,QF20,20
R01139,real_24681.jpg,Real,Real,0.0,QF20,20
R00546,real_17469.jpg,Real,Real,0.00109,QF20,20
R04827,real_7821.jpg,Real,Real,0.000488,QF20,20
R01733,real_32068.jpg,Real,Real,0.001147,QF20,20
R04887,real_851.jpg,Real,Real,0.004086,QF20,20
R04418,real_65552.jpg,Real,Real,8.1e-05,QF20,20
R04316,real_64125.jpg,Real,Real,0.303467,QF20,20
R02432,real_41069.jpg,Real,Fake,0.746094,QF20,20
R02958,real_47517.jpg,Real,Fake,0.681152,QF20,20
R02086,real_36721.jpg,Real,Real,0.110474,QF20,20
R00009,real_10081.jpg,Real,Real,0.00012,QF20,20
R00594,real_18111.jpg,Real,Real,0.008987,QF20,20
R01295,real_26503.jpg,Real,Real,1e-05,QF20,20
R00572,real_17917.jpg,Real,Real,0.224365,QF20,20
R02879,real_46614.jpg,Real,Real,0.003016,QF20,20
R01986,real_35636.jpg,Real,Real,0.001202,QF20,20
R02779,real_45358.jpg,Real,Real,2.8e-05,QF20,20
R03964,real_59816.jpg,Real,Real,1.2e-05,QF20,20
R04933,real_9053.jpg,Real,Real,0.000403,QF20,20
R00762,real_20111.jpg,Real,Real,0.000318,QF20,20
R04631,real_68169.jpg,Real,Real,0.066467,QF20,20
R01597,real_3031.jpg,Real,Real,0.000259,QF20,20
R03049,real_48606.jpg,Real,Real,0.000113,QF20,20
R02485,real_41680.jpg,Real,Real,0.178833,QF20,20
R04114,real_61833.jpg,Real,Real,0.017303,QF20,20
R00848,real_21020.jpg,Real,Real,1e-06,QF20,20
R03389,real_52934.jpg,Real,Real,1e-06,QF20,20
R02687,real_44231.jpg,Real,Real,0.0,QF20,20
R01170,real_25141.jpg,Real,Real,7e-06,QF20,20
R04103,real_61687.jpg,Real,Real,0.000527,QF20,20
R01921,real_34756.jpg,Real,Real,0.405273,QF20,20
R00168,real_12348.jpg,Real,Real,0.008614,QF20,20
R04002,real_6034.jpg,Real,Real,0.0,QF20,20
R00855,real_21170.jpg,Real,Real,0.000158,QF20,20
R04359,real_64705.jpg,Real,Real,0.016983,QF20,20
R01606,real_30428.jpg,Real,Fake,0.745117,QF20,20
R00898,real_21743.jpg,Real,Real,0.0,QF20,20
R03475,real_54012.jpg,Real,Real,0.0,QF20,20
R02895,real_46856.jpg,Real,Real,0.050903,QF20,20
R02270,real_39037.jpg,Real,Real,0.0,QF20,20
R04160,real_62396.jpg,Real,Real,0.025223,QF20,20
R02277,real_39109.jpg,Real,Real,0.009087,QF20,20
R01679,real_31261.jpg,Real,Real,0.130127,QF20,20
R03165,real_50090.jpg,Real,Real,0.0,QF20,20
R04831,real_7867.jpg,Real,Real,0.00375,QF20,20
R02623,real_43451.jpg,Real,Real,0.027069,QF20,20
R02846,real_46153.jpg,Real,Fake,0.926758,QF20,20
R03027,real_48279.jpg,Real,Real,0.021088,QF20,20
R04929,real_9015.jpg,Real,Real,1e-06,QF20,20
R04862,real_8232.jpg,Real,Real,0.000429,QF20,20
R03119,real_49475.jpg,Real,Real,0.002522,QF20,20
R00052,real_10775.jpg,Real,Real,0.487061,QF20,20
R03701,real_56687.jpg,Real,Real,0.0,QF20,20
R04121,real_61913.jpg,Real,Real,0.0,QF20,20
R03116,real_49345.jpg,Real,Real,0.0,QF20,20
R01716,real_31838.jpg,Real,Real,0.175293,QF20,20
R01779,real_32647.jpg,Real,Real,0.015671,QF20,20
R02743,real_44875.jpg,Real,Real,0.007374,QF20,20
R04765,real_69953.jpg,Real,Fake,0.89502,QF20,20
R04645,real_68378.jpg,Real,Real,4.5e-05,QF20,20
R00583,real_17998.jpg,Real,Real,0.055115,QF20,20
R01639,real_30745.jpg,Real,Real,0.032104,QF20,20
R01351,real_27243.jpg,Real,Real,0.002947,QF20,20
R02800,real_45546.jpg,Real,Real,0.001289,QF20,20
R00519,real_17104.jpg,Real,Real,2e-06,QF20,20
R01781,real_32678.jpg,Real,Real,0.000125,QF20,20
R03018,real_48180.jpg,Real,Real,0.057373,QF20,20
R00163,real_12294.jpg,Real,Real,1.7e-05,QF20,20
R02617,real_43381.jpg,Real,Real,0.00214,QF20,20
R03940,real_59501.jpg,Real,Real,0.000154,QF20,20
R00935,real_22099.jpg,Real,Real,0.146484,QF20,20
R02773,real_45297.jpg,Real,Real,0.048401,QF20,20
R01196,real_25475.jpg,Real,Real,0.0,QF20,20
R01301,real_26533.jpg,Real,Real,7e-06,QF20,20
R03474,real_5401.jpg,Real,Real,0.000276,QF20,20
R04851,real_809.jpg,Real,Real,0.000185,QF20,20
R04206,real_62989.jpg,Real,Real,0.000345,QF20,20
R02902,real_46909.jpg,Real,Real,0.004383,QF20,20
R04398,real_65295.jpg,Real,Real,0.001796,QF20,20
R04776,real_7102.jpg,Real,Real,0.341797,QF20,20
R02302,real_39338.jpg,Real,Real,0.0,QF20,20
R00454,real_1628.jpg,Real,Real,0.0,QF20,20
R02193,real_38093.jpg,Real,Real,0.472656,QF20,20
R01750,real_32251.jpg,Real,Real,0.002747,QF20,20
R04245,real_63370.jpg,Real,Real,0.0,QF20,20
R01110,real_24222.jpg,Real,Real,0.020798,QF20,20
R01060,real_23602.jpg,Real,Real,0.0,QF20,20
R01700,real_31590.jpg,Real,Real,0.338135,QF20,20
R02016,real_3601.jpg,Real,Real,0.027695,QF20,20
R01516,real_29137.jpg,Real,Real,0.007755,QF20,20
R03236,real_50969.jpg,Real,Real,0.0,QF20,20
R02451,real_41281.jpg,Real,Real,0.0,QF20,20
R01721,real_31931.jpg,Real,Real,0.002581,QF20,20
R02297,real_39283.jpg,Real,Real,3e-06,QF20,20
R03340,real_52377.jpg,Real,Real,0.00259,QF20,20
R02460,real_41353.jpg,Real,Real,4.8e-05,QF20,20
R03761,real_57279.jpg,Real,Fake,0.833008,QF20,20
R02878,real_466.jpg,Real,Real,2e-06,QF20,20
R00932,real_2208.jpg,Real,Real,2.4e-05,QF20,20
R03132,real_49654.jpg,Real,Real,0.000342,QF20,20
R04983,real_9789.jpg,Real,Real,0.005577,QF20,20
R01373,real_27533.jpg,Real,Real,0.113586,QF20,20
R02028,real_361.jpg,Real,Real,6.3e-05,QF20,20
R04748,real_69716.jpg,Real,Real,0.000696,QF20,20
R00413,real_15783.jpg,Real,Real,0.000807,QF20,20
R01117,real_24312.jpg,Real,Real,0.001741,QF20,20
R01856,real_33726.jpg,Real,Real,0.001741,QF20,20
R02912,real_4700.jpg,Real,Real,0.000191,QF20,20
R02149,real_3755.jpg,Real,Real,0.028381,QF20,20
R00997,real_22804.jpg,Real,Real,0.000238,QF20,20
R01331,real_26968.jpg,Real,Real,4.2e-05,QF20,20
R00700,real_19319.jpg,Real,Real,0.000907,QF20,20
R01958,real_35232.jpg,Real,Real,0.016159,QF20,20
R02759,real_45193.jpg,Real,Real,0.016159,QF20,20
R00393,real_15449.jpg,Real,Real,0.001694,QF20,20
R01336,real_27025.jpg,Real,Real,1e-06,QF20,20
R03755,real_57252.jpg,Real,Real,0.00226,QF20,20
R00723,real_19621.jpg,Real,Real,0.0,QF20,20
R04702,real_69197.jpg,Real,Real,0.000453,QF20,20
R01874,real_33968.jpg,Real,Real,0.0,QF20,20
R03676,real_56387.jpg,Real,Real,0.118164,QF20,20
R04116,real_61855.jpg,Real,Real,0.000342,QF20,20
R00109,real_11455.jpg,Real,Real,0.018341,QF20,20
R03869,real_58706.jpg,Real,Real,0.0,QF20,20
R01864,real_33835.jpg,Real,Real,0.0,QF20,20
R00603,real_18201.jpg,Real,Real,0.019867,QF20,20
R01477,real_28655.jpg,Real,Real,0.032043,QF20,20
R02901,real_46888.jpg,Real,Real,0.002342,QF20,20
R01396,real_27790.jpg,Real,Real,0.000211,QF20,20
R04010,real_60505.jpg,Real,Real,0.015129,QF20,20
R03063,real_48757.jpg,Real,Real,0.046539,QF20,20
R02636,real_43609.jpg,Real,Real,0.0,QF20,20
R02212,real_38344.jpg,Real,Real,0.009018,QF20,20
R00602,real_18187.jpg,Real,Real,0.191895,QF20,20
R03874,real_58744.jpg,Real,Real,0.0,QF20,20
R02324,real_39555.jpg,Real,Real,0.055298,QF20,20
R00470,real_16430.jpg,Real,Real,0.000685,QF20,20
R01108,real_24196.jpg,Real,Real,0.01049,QF20,20
R03601,real_55352.jpg,Real,Real,0.001604,QF20,20
R03196,real_50532.jpg,Real,Real,0.002182,QF20,20
R04039,real_60795.jpg,Real,Real,0.394775,QF20,20
R03572,real_55020.jpg,Real,Real,0.022888,QF20,20
R02611,real_43343.jpg,Real,Real,0.0,QF20,20
R01010,real_23014.jpg,Real,Real,0.381104,QF20,20
R00771,real_20240.jpg,Real,Real,0.0,QF20,20
R02410,real_40851.jpg,Real,Real,8.6e-05,QF20,20
R01873,real_3396.jpg,Real,Real,5e-06,QF20,20
R00265,real_13817.jpg,Real,Real,5e-06,QF20,20
R02306,real_39389.jpg,Real,Real,0.000323,QF20,20
R04595,real_6774.jpg,Real,Real,4e-06,QF20,20
R00643,real_18722.jpg,Real,Real,0.003172,QF20,20
R03118,real_49444.jpg,Real,Real,0.000287,QF20,20
R00446,real_16152.jpg,Real,Real,0.334473,QF20,20
R03580,real_55145.jpg,Real,Real,0.0,QF20,20
R02411,real_40852.jpg,Real,Real,0.000381,QF20,20
R00044,real_10662.jpg,Real,Real,0.0,QF20,20
R02870,real_46492.jpg,Real,Real,4e-05,QF20,20
R00198,real_12911.jpg,Real,Real,6.1e-05,QF20,20
R01976,real_35437.jpg,Real,Real,0.074768,QF20,20
R00871,real_21401.jpg,Real,Real,0.000121,QF20,20
R01003,real_22893.jpg,Real,Real,1.8e-05,QF20,20
R04879,real_845.jpg,Real,Real,0.001294,QF20,20
R04053,real_60984.jpg,Real,Real,9.7e-05,QF20,20
R02013,real_35976.jpg,Real,Real,0.000272,QF20,20
R02949,real_47396.jpg,Real,Real,0.005322,QF20,20
R04703,real_69217.jpg,Real,Real,0.051544,QF20,20
R04849,real_8072.jpg,Real,Real,0.000386,QF20,20
R02877,real_46594.jpg,Real,Real,0.017776,QF20,20
R04170,real_62549.jpg,Real,Real,0.021332,QF20,20
R00515,real_1708.jpg,Real,Real,0.004433,QF20,20
R00036,real_10567.jpg,Real,Real,0.0,QF20,20
R03094,real_49108.jpg,Real,Real,0.000735,QF20,20
R00081,real_11092.jpg,Real,Real,6.5e-05,QF20,20
R04472,real_6618.jpg,Real,Real,1e-05,QF20,20
R03069,real_48890.jpg,Real,Real,3e-06,QF20,20
R02384,real_40473.jpg,Real,Real,1.2e-05,QF20,20
R02323,real_39535.jpg,Real,Real,0.12561,QF20,20
R02618,real_43389.jpg,Real,Real,0.0,QF20,20
R01557,real_29684.jpg,Real,Real,0.000249,QF20,20
R02928,real_47157.jpg,Real,Real,0.0,QF20,20
R00429,real_15964.jpg,Real,Real,0.000856,QF20,20
R02693,real_44304.jpg,Real,Real,7.8e-05,QF20,20
R04888,real_8545.jpg,Real,Real,1.4e-05,QF20,20
R02191,real_38072.jpg,Real,Real,0.000342,QF20,20
R03097,real_49128.jpg,Real,Real,0.0,QF20,20
R00233,real_13401.jpg,Real,Real,0.000215,QF20,20
R02591,real_42995.jpg,Real,Real,1.1e-05,QF20,20
R04389,real_65109.jpg,Real,Real,0.000257,QF20,20
R03759,real_57275.jpg,Real,Real,0.10968,QF20,20
R00353,real_15030.jpg,Real,Real,0.000575,QF20,20
R00685,real_19191.jpg,Real,Real,0.000904,QF20,20
R01079,real_23848.jpg,Real,Real,0.029144,QF20,20
R01091,real_23963.jpg,Real,Real,0.000602,QF20,20
R00684,real_19185.jpg,Real,Real,0.000166,QF20,20
R03178,real_50309.jpg,Real,Real,0.000161,QF20,20
R01505,real_28983.jpg,Real,Real,0.011597,QF20,20
R01106,real_24150.jpg,Real,Real,2e-06,QF20,20
R02060,real_3645.jpg,Real,Real,3.2e-05,QF20,20
R04059,real_61137.jpg,Real,Real,1e-06,QF20,20
R03219,real_5073.jpg,Real,Real,3e-05,QF20,20
R02828,real_45885.jpg,Real,Real,0.002398,QF20,20
R01400,real_27825.jpg,Real,Real,0.017639,QF20,20
R02557,real_42550.jpg,Real,Real,8e-06,QF20,20
R03215,real_507.jpg,Real,Real,3.5e-05,QF20,20
R04498,real_66506.jpg,Real,Fake,0.929688,QF20,20
R00457,real_16329.jpg,Real,Real,0.290527,QF20,20
R01448,real_28326.jpg,Real,Real,0.000773,QF20,20
R04467,real_66149.jpg,Real,Real,0.006718,QF20,20
R02079,real_36640.jpg,Real,Real,4e-06,QF20,20
R00380,real_15346.jpg,Real,Real,0.006691,QF20,20
R00190,real_12721.jpg,Real,Real,0.195557,QF20,20
R02987,real_47871.jpg,Real,Real,0.018799,QF20,20
R02737,real_44839.jpg,Real,Real,0.000225,QF20,20
R00658,real_1885.jpg,Real,Real,4.9e-05,QF20,20
R03480,real_54068.jpg,Real,Real,0.02092,QF20,20
R01646,real_30886.jpg,Real,Fake,0.83252,QF20,20
R02488,real_41709.jpg,Real,Real,0.000119,QF20,20
R01903,real_3440.jpg,Real,Real,0.222046,QF20,20
R02842,real_46036.jpg,Real,Real,0.036011,QF20,20
R00408,real_15727.jpg,Real,Real,0.268311,QF20,20
R04586,real_67636.jpg,Real,Real,7e-06,QF20,20
R04621,real_68006.jpg,Real,Real,0.001372,QF20,20
R03690,real_56607.jpg,Real,Real,1.8e-05,QF20,20
R02991,real_47936.jpg,Real,Real,0.0,QF20,20
R01946,real_35018.jpg,Real,Real,0.000417,QF20,20
R03417,real_5330.jpg,Real,Real,0.00375,QF20,20
R02474,real_41546.jpg,Real,Real,0.001897,QF20,20
R01407,real_27946.jpg,Real,Real,0.000504,QF20,20
R02135,real_37387.jpg,Real,Real,0.000602,QF20,20
R01468,real_28578.jpg,Real,Real,0.010406,QF20,20
R04999,real_999.jpg,Real,Real,0.000997,QF20,20
R03388,real_52924.jpg,Real,Real,0.0,QF20,20
R04173,real_62570.jpg,Real,Real,0.008812,QF20,20
R00641,real_18698.jpg,Real,Real,0.0,QF20,20
R01730,real_32045.jpg,Real,Real,0.028809,QF20,20
R03821,real_58162.jpg,Real,Real,0.00149,QF20,20
R02434,real_41154.jpg,Real,Real,1.9e-05,QF20,20
R04526,real_66912.jpg,Real,Real,0.010452,QF20,20
R04535,real_66985.jpg,Real,Real,0.0,QF20,20
R03261,real_51346.jpg,Real,Fake,0.783691,QF20,20
R04944,real_9219.jpg,Real,Real,0.036774,QF20,20
R04934,real_9057.jpg,Real,Real,0.000947,QF20,20
R04405,real_65381.jpg,Real,Real,0.000577,QF20,20
R04073,real_61309.jpg,Real,Real,9e-06,QF20,20
R00586,real_1804.jpg,Real,Real,0.001008,QF20,20
R00403,real_15655.jpg,Real,Real,0.0,QF20,20
R01776,real_32600.jpg,Real,Real,0.000345,QF20,20
R00099,real_11345.jpg,Real,Real,0.340088,QF20,20
R00874,real_21417.jpg,Real,Real,0.000129,QF20,20
R01357,real_2738.jpg,Real,Real,0.000346,QF20,20
R00289,real_14284.jpg,Real,Real,0.079895,QF20,20
R00677,real_19091.jpg,Real,Real,0.021042,QF20,20
R03148,real_49862.jpg,Real,Real,0.067444,QF20,20
R04273,real_63646.jpg,Real,Real,0.002481,QF20,20
R03607,real_55437.jpg,Real,Real,0.00071,QF20,20
R01338,real_2706.jpg,Real,Real,3.9e-05,QF20,20
R01370,real_27496.jpg,Real,Real,0.017303,QF20,20
R04601,real_67794.jpg,Real,Real,0.004265,QF20,20
R00420,real_15868.jpg,Real,Real,2.1e-05,QF20,20
R03163,real_50065.jpg,Real,Real,0.07196,QF20,20
R01245,real_26.jpg,Real,Real,0.214478,QF20,20
R00877,real_21453.jpg,Real,Real,0.39917,QF20,20
R04719,real_69354.jpg,Real,Real,0.010612,QF20,20
R02935,real_47242.jpg,Real,Real,2e-05,QF20,20
R03232,real_50909.jpg,Real,Real,0.182617,QF20,20
R03903,real_59062.jpg,Real,Real,0.01017,QF20,20
R00622,real_1850.jpg,Real,Real,0.02153,QF20,20
R03873,real_5873.jpg,Real,Real,0.377441,QF20,20
R04578,real_67559.jpg,Real,Real,0.007431,QF20,20
R01369,real_27495.jpg,Real,Real,2.2e-05,QF20,20
R04031,real_6073.jpg,Real,Real,0.000767,QF20,20
R01285,real_2638.jpg,Real,Real,0.048126,QF20,20
R00495,real_16808.jpg,Real,Real,0.330566,QF20,20
R02337,real_3969.jpg,Real,Real,0.376221,QF20,20
R04065,real_61217.jpg,Real,Real,0.103027,QF20,20
R00347,real_14974.jpg,Real,Real,5.2e-05,QF20,20
R00096,real_11311.jpg,Real,Real,0.002182,QF20,20
R03843,real_58455.jpg,Real,Real,0.000305,QF20,20
R03366,real_52640.jpg,Real,Real,0.00028,QF20,20
R03179,real_50315.jpg,Real,Real,0.000866,QF20,20
R04704,real_69220.jpg,Real,Real,9.2e-05,QF20,20
R00838,real_2098.jpg,Real,Fake,0.776855,QF20,20
R03959,real_59758.jpg,Real,Real,0.456299,QF20,20
R04558,real_67286.jpg,Real,Real,7.8e-05,QF20,20
R02032,real_36131.jpg,Real,Real,0.000169,QF20,20
R01216,real_25686.jpg,Real,Real,3.6e-05,QF20,20
R02920,real_47066.jpg,Real,Real,0.000343,QF20,20
R01027,real_23297.jpg,Real,Real,1e-05,QF20,20
R03871,real_58722.jpg,Real,Real,0.020294,QF20,20
R04886,real_8500.jpg,Real,Real,0.029709,QF20,20
R02891,real_46798.jpg,Real,Real,0.004963,QF20,20
R01806,real_33108.jpg,Real,Real,0.0,QF20,20
R01829,real_33479.jpg,Real,Real,0.000165,QF20,20
R03768,real_57374.jpg,Real,Real,0.123901,QF20,20
R04722,real_69433.jpg,Real,Real,0.029648,QF20,20
R01346,real_27201.jpg,Real,Real,0.014336,QF20,20
R04790,real_7298.jpg,Real,Real,0.004398,QF20,20
R00778,real_20344.jpg,Real,Real,0.004486,QF20,20
R00667,real_18963.jpg,Real,Real,0.013588,QF20,20
R01599,real_30352.jpg,Real,Real,9.2e-05,QF20,20
R01157,real_24950.jpg,Real,Real,0.057068,QF20,20
R01349,real_27225.jpg,Real,Real,0.005707,QF20,20
R02545,real_42435.jpg,Real,Real,0.018875,QF20,20
R00385,real_15398.jpg,Real,Real,0.000345,QF20,20
R02443,real_41215.jpg,Real,Real,0.030045,QF20,20
R04210,real_6303.jpg,Real,Real,0.045532,QF20,20
R00979,real_22614.jpg,Real,Real,0.004887,QF20,20
R04539,real_67033.jpg,Real,Real,0.005867,QF20,20
R04503,real_66584.jpg,Real,Real,0.03241,QF20,20
R00171,real_12383.jpg,Real,Fake,0.853027,QF20,20
R03852,real_58520.jpg,Real,Real,0.031433,QF20,20
R00752,real_20020.jpg,Real,Real,0.0,QF20,20
R03202,real_50563.jpg,Real,Real,2.6e-05,QF20,20
R03534,real_54723.jpg,Real,Real,0.000145,QF20,20
R00050,real_10763.jpg,Real,Real,0.027069,QF20,20
R02789,real_45424.jpg,Real,Real,2e-06,QF20,20
R01860,real_33792.jpg,Real,Real,0.0,QF20,20
R00111,real_1149.jpg,Real,Real,0.000196,QF20,20
R01883,real_34092.jpg,Real,Real,0.000664,QF20,20
R04917,real_8845.jpg,Real,Real,0.001707,QF20,20
R00359,real_15122.jpg,Real,Real,0.000106,QF20,20
R00070,real_10979.jpg,Real,Real,0.0,QF20,20
R01183,real_25371.jpg,Real,Real,0.038025,QF20,20
R02587,real_42922.jpg,Real,Real,9.7e-05,QF20,20
R01774,real_32592.jpg,Real,Real,0.001138,QF20,20
R03923,real_59335.jpg,Real,Real,0.021088,QF20,20
R03658,real_5609.jpg,Real,Real,0.0,QF20,20
R01711,real_31745.jpg,Real,Real,1.6e-05,QF20,20
R03813,real_58024.jpg,Real,Real,0.015541,QF20,20
R01293,real_26488.jpg,Real,Real,1e-06,QF20,20
R03562,real_54960.jpg,Real,Real,0.001567,QF20,20
R04809,real_7555.jpg,Real,Real,0.0,QF20,20
R03301,real_51888.jpg,Real,Real,0.047791,QF20,20
R02343,real_39774.jpg,Real,Real,0.000789,QF20,20
R03846,real_58465.jpg,Real,Real,0.006264,QF20,20
R01146,real_24832.jpg,Real,Real,0.029083,QF20,20
R04041,real_60802.jpg,Real,Real,0.001121,QF20,20
R04232,real_63214.jpg,Real,Real,0.091858,QF20,20
R03584,real_55175.jpg,Real,Real,1e-06,QF20,20
R00244,real_13601.jpg,Real,Real,2.8e-05,QF20,20
R04637,real_68275.jpg,Real,Real,0.005081,QF20,20
R02702,real_44404.jpg,Real,Real,0.000126,QF20,20
R03738,real_57009.jpg,Real,Fake,0.828125,QF20,20
R00145,real_1199.jpg,Real,Real,0.00526,QF20,20
R03734,real_56977.jpg,Real,Real,0.049225,QF20,20
R03465,real_53917.jpg,Real,Real,0.091064,QF20,20
R03662,real_5621.jpg,Real,Real,8.5e-05,QF20,20
R03624,real_55662.jpg,Real,Real,2e-06,QF20,20
R04177,real_6260.jpg,Real,Real,2e-06,QF20,20
R03775,real_5752.jpg,Real,Real,0.000644,QF20,20
R02767,real_45244.jpg,Real,Real,0.013123,QF20,20
R01540,real_29467.jpg,Real,Real,0.0,QF20,20
R03678,real_56442.jpg,Real,Real,0.029205,QF20,20
R03254,real_51244.jpg,Real,Real,8.8e-05,QF20,20
R04038,real_60794.jpg,Real,Real,4e-06,QF20,20
R04007,real_60449.jpg,Real,Real,0.04248,QF20,20
R04127,real_61983.jpg,Real,Real,0.011162,QF20,20
R02425,real_41020.jpg,Real,Real,0.000701,QF20,20
R03506,real_54391.jpg,Real,Real,0.038177,QF20,20
R01192,real_25436.jpg,Real,Real,0.0,QF20,20
R04480,real_66283.jpg,Real,Real,0.344482,QF20,20
R03089,real_49063.jpg,Real,Real,7.9e-05,QF20,20
R01555,real_29676.jpg,Real,Real,0.011032,QF20,20
R02960,real_47536.jpg,Real,Real,6e-06,QF20,20
R02472,real_41531.jpg,Real,Real,0.000654,QF20,20
R04767,real_69965.jpg,Real,Real,0.005844,QF20,20
R02626,real_43504.jpg,Real,Real,2e-06,QF20,20
R00706,real_19373.jpg,Real,Real,0.037811,QF20,20
R01783,real_32706.jpg,Real,Real,1.2e-05,QF20,20
R02859,real_46367.jpg,Real,Real,1e-06,QF20,20
R04428,real_65686.jpg,Real,Real,0.006878,QF20,20
R03032,real_48338.jpg,Real,Real,0.0,QF20,20
R04366,real_64799.jpg,Real,Real,0.000325,QF20,20
R03080,real_49006.jpg,Real,Real,0.0,QF20,20
R03958,real_59749.jpg,Real,Real,3e-06,QF20,20
R00229,real_13343.jpg,Real,Real,0.297119,QF20,20
R00366,real_1517.jpg,Real,Real,0.001912,QF20,20
R00807,real_2066.jpg,Real,Real,0.000191,QF20,20
R02252,real_38760.jpg,Real,Real,0.0,QF20,20
R03476,real_54020.jpg,Real,Real,2.6e-05,QF20,20
R04130,real_62053.jpg,Real,Real,0.0,QF20,20
R04834,real_7926.jpg,Real,Real,0.002453,QF20,20
R03346,real_52433.jpg,Real,Real,0.000473,QF20,20
R02235,real_38596.jpg,Real,Real,0.00205,QF20,20
R04706,real_69236.jpg,Real,Real,0.000843,QF20,20
R01971,real_35377.jpg,Real,Real,4.4e-05,QF20,20
R00499,real_16875.jpg,Real,Real,0.081238,QF20,20
R02382,real_40418.jpg,Real,Real,0.069824,QF20,20
R01019,real_23156.jpg,Real,Real,0.076294,QF20,20
R02677,real_4412.jpg,Real,Real,0.132446,QF20,20
R02258,real_38838.jpg,Real,Real,0.02887,QF20,20
R01668,real_31153.jpg,Real,Real,0.042816,QF20,20
R00140,real_11936.jpg,Real,Real,0.0,QF20,20
R03951,real_59623.jpg,Real,Real,0.026611,QF20,20
R00310,real_1454.jpg,Real,Real,0.000161,QF20,20
R01076,real_2380.jpg,Real,Real,0.034424,QF20,20
R01077,real_23836.jpg,Real,Real,0.093872,QF20,20
R01078,real_23845.jpg,Real,Real,0.001274,QF20,20
R01093,real_23992.jpg,Real,Real,0.025757,QF20,20
R03305,real_5192.jpg,Real,Real,0.020966,QF20,20
R00945,real_22181.jpg,Real,Real,0.131226,QF20,20
R02722,real_44707.jpg,Real,Real,0.002855,QF20,20
R03769,real_57387.jpg,Real,Real,0.001184,QF20,20
R03539,real_54789.jpg,Real,Real,0.004433,QF20,20
R01802,real_32970.jpg,Real,Real,0.01078,QF20,20
R02447,real_41258.jpg,Real,Real,6.2e-05,QF20,20
R04237,real_63281.jpg,Real,Real,0.000162,QF20,20
R01252,real_26085.jpg,Real,Fake,0.738281,QF20,20
R02964,real_47595.jpg,Real,Real,0.0,QF20,20
R00985,real_22666.jpg,Real,Real,4e-06,QF20,20
R00962,real_22447.jpg,Real,Real,1.5e-05,QF20,20
R04723,real_6944.jpg,Real,Real,0.004574,QF20,20
R04687,real_68971.jpg,Real,Real,0.001949,QF20,20
R03037,real_4836.jpg,Real,Real,1.7e-05,QF20,20
R00023,real_10319.jpg,Real,Real,0.000142,QF20,20
R01033,real_23351.jpg,Real,Fake,0.742676,QF20,20
R00332,real_14746.jpg,Real,Real,0.0,QF20,20
R04437,real_65800.jpg,Real,Fake,0.633789,QF20,20
R02496,real_4182.jpg,Real,Real,0.078918,QF20,20
R02158,real_37661.jpg,Real,Real,0.000562,QF20,20
R02282,real_3919.jpg,Real,Fake,0.780273,QF20,20
R04669,real_68776.jpg,Real,Real,1e-05,QF20,20
R03583,real_55174.jpg,Real,Real,1e-06,QF20,20
R00349,real_14988.jpg,Real,Real,2.4e-05,QF20,20
R00134,real_11852.jpg,Real,Real,0.0,QF20,20
R02634,real_4358.jpg,Real,Real,0.102112,QF20,20
R00207,real_13038.jpg,Real,Fake,0.6875,QF20,20
R02865,real_46447.jpg,Real,Real,0.000675,QF20,20
R04724,real_69465.jpg,Real,Real,0.002083,QF20,20
R01551,real_29622.jpg,Real,Real,0.011551,QF20,20
R00001,real_10007.jpg,Real,Real,0.000449,QF20,20
R00490,real_16740.jpg,Real,Real,0.0,QF20,20
R03645,real_5587.jpg,Real,Fake,0.563965,QF20,20
R00021,real_103.jpg,Real,Real,0.003351,QF20,20
R01013,real_23074.jpg,Real,Real,7e-06,QF20,20
R01949,real_35093.jpg,Real,Real,3.2e-05,QF20,20
R00239,real_13473.jpg,Real,Real,0.000627,QF20,20
R01592,real_30155.jpg,Real,Real,0.060211,QF20,20
R00093,real_11241.jpg,Real,Real,0.148315,QF20,20
R04118,real_61874.jpg,Real,Real,3e-06,QF20,20
R03343,real_52409.jpg,Real,Real,0.000245,QF20,20
R03809,real_57942.jpg,Real,Real,0.030273,QF20,20
R03153,real_4992.jpg,Real,Real,0.032471,QF20,20
R04207,real_63000.jpg,Real,Real,0.011642,QF20,20
R02147,real_37533.jpg,Real,Real,5.7e-05,QF20,20
R00904,real_218.jpg,Real,Fake,0.806641,QF20,20
R02308,real_39429.jpg,Real,Real,0.008186,QF20,20
R04998,real_998.jpg,Real,Real,0.223511,QF20,20
R02237,real_38613.jpg,Real,Real,0.031143,QF20,20
R03889,real_58908.jpg,Real,Real,0.0,QF20,20
R04956,real_9451.jpg,Real,Real,0.0,QF20,20
R01341,real_2712.jpg,Real,Real,0.000133,QF20,20
R03188,real_50445.jpg,Real,Real,0.008316,QF20,20
R04071,real_61284.jpg,Real,Real,0.000747,QF20,20
R01014,real_23078.jpg,Real,Real,0.018097,QF20,20
F01608,fake_29522.jpg,Fake,Fake,1.0,QF20,20
F02925,fake_46861.jpg,Fake,Fake,1.0,QF20,20
F01955,fake_33634.jpg,Fake,Fake,0.973145,QF20,20
F04107,fake_61900.jpg,Fake,Fake,0.99707,QF20,20
F01353,fake_26402.jpg,Fake,Fake,1.0,QF20,20
F02277,fake_38193.jpg,Fake,Fake,0.999023,QF20,20
F04268,fake_63811.jpg,Fake,Fake,1.0,QF20,20
F04058,fake_61273.jpg,Fake,Fake,0.958984,QF20,20
F00013,fake_10183.jpg,Fake,Fake,1.0,QF20,20
F01938,fake_33472.jpg,Fake,Fake,0.994141,QF20,20
F03010,fake_47972.jpg,Fake,Fake,1.0,QF20,20
F02857,fake_45969.jpg,Fake,Fake,0.999023,QF20,20
F04554,fake_67363.jpg,Fake,Fake,1.0,QF20,20
F01138,fake_23961.jpg,Fake,Fake,0.970703,QF20,20
F04334,fake_64669.jpg,Fake,Fake,0.93457,QF20,20
F04025,fake_60870.jpg,Fake,Fake,0.999512,QF20,20
F01720,fake_30835.jpg,Fake,Fake,0.84375,QF20,20
F03971,fake_60279.jpg,Fake,Fake,0.972656,QF20,20
F03997,fake_60545.jpg,Fake,Fake,0.997559,QF20,20
F01538,fake_28577.jpg,Fake,Fake,1.0,QF20,20
F01881,fake_32710.jpg,Fake,Fake,0.999512,QF20,20
F00810,fake_20334.jpg,Fake,Fake,0.996582,QF20,20
F03495,fake_54347.jpg,Fake,Fake,0.990723,QF20,20
F01821,fake_3204.jpg,Fake,Fake,0.999023,QF20,20
F03714,fake_57105.jpg,Fake,Fake,0.999512,QF20,20
F02104,fake_35557.jpg,Fake,Fake,0.998535,QF20,20
F03755,fake_57645.jpg,Fake,Fake,0.997559,QF20,20
F02571,fake_42492.jpg,Fake,Fake,1.0,QF20,20
F00920,fake_21605.jpg,Fake,Fake,1.0,QF20,20
F00164,fake_11907.jpg,Fake,Fake,0.986816,QF20,20
F02511,fake_41732.jpg,Fake,Fake,1.0,QF20,20
F02492,fake_41427.jpg,Fake,Fake,0.98291,QF20,20
F03970,fake_60275.jpg,Fake,Fake,0.990234,QF20,20
F00412,fake_15196.jpg,Fake,Fake,1.0,QF20,20
F03148,fake_49793.jpg,Fake,Fake,0.984863,QF20,20
F02909,fake_46661.jpg,Fake,Fake,1.0,QF20,20
F03423,fake_53485.jpg,Fake,Fake,0.87793,QF20,20
F00365,fake_14608.jpg,Fake,Fake,0.999023,QF20,20
F03270,fake_51477.jpg,Fake,Fake,0.895996,QF20,20
F04847,fake_7982.jpg,Fake,Fake,0.824219,QF20,20
F01682,fake_30453.jpg,Fake,Fake,0.887695,QF20,20
F04027,fake_60897.jpg,Fake,Fake,0.995605,QF20,20
F02620,fake_43160.jpg,Fake,Fake,1.0,QF20,20
F03928,fake_59868.jpg,Fake,Real,0.342041,QF20,20
F04885,fake_8497.jpg,Fake,Fake,0.998535,QF20,20
F01155,fake_24152.jpg,Fake,Fake,1.0,QF20,20
F00807,fake_20303.jpg,Fake,Fake,0.999023,QF20,20
F00170,fake_1202.jpg,Fake,Fake,1.0,QF20,20
F04167,fake_62602.jpg,Fake,Fake,0.98877,QF20,20
F00756,fake_19816.jpg,Fake,Fake,0.986328,QF20,20
F03701,fake_56896.jpg,Fake,Fake,0.983887,QF20,20
F01378,fake_26724.jpg,Fake,Fake,1.0,QF20,20
F04404,fake_65528.jpg,Fake,Fake,0.993652,QF20,20
F00708,fake_19167.jpg,Fake,Fake,0.866211,QF20,20
F01871,fake_32629.jpg,Fake,Fake,0.995117,QF20,20
F00695,fake_19025.jpg,Fake,Fake,0.995605,QF20,20
F02107,fake_35591.jpg,Fake,Fake,0.805176,QF20,20
F03232,fake_50969.jpg,Fake,Fake,0.975586,QF20,20
F03674,fake_56525.jpg,Fake,Fake,0.994141,QF20,20
F01311,fake_25843.jpg,Fake,Fake,0.949707,QF20,20
F01535,fake_285.jpg,Fake,Fake,0.981445,QF20,20
F02044,fake_34746.jpg,Fake,Fake,0.985352,QF20,20
F01270,fake_25341.jpg,Fake,Fake,1.0,QF20,20
F01229,fake_24895.jpg,Fake,Real,0.188477,QF20,20
F03716,fake_57169.jpg,Fake,Fake,1.0,QF20,20
F00798,fake_20198.jpg,Fake,Real,0.329102,QF20,20
F04837,fake_7800.jpg,Fake,Fake,0.965332,QF20,20
F04528,fake_6703.jpg,Fake,Fake,1.0,QF20,20
F02194,fake_3689.jpg,Fake,Fake,0.999023,QF20,20
F04203,fake_63095.jpg,Fake,Fake,0.998535,QF20,20
F01904,fake_32954.jpg,Fake,Fake,1.0,QF20,20
F02313,fake_38739.jpg,Fake,Fake,1.0,QF20,20
F03587,fake_554.jpg,Fake,Fake,1.0,QF20,20
F01604,fake_29442.jpg,Fake,Fake,0.890137,QF20,20
F01555,fake_28876.jpg,Fake,Fake,0.970215,QF20,20
F00018,fake_10253.jpg,Fake,Fake,0.999512,QF20,20
F00141,fake_11608.jpg,Fake,Fake,1.0,QF20,20
F02270,fake_38115.jpg,Fake,Fake,1.0,QF20,20
F03764,fake_57782.jpg,Fake,Real,0.496094,QF20,20
F03695,fake_56791.jpg,Fake,Fake,0.961914,QF20,20
F04042,fake_61126.jpg,Fake,Fake,0.824219,QF20,20
F02423,fake_40420.jpg,Fake,Fake,1.0,QF20,20
F04682,fake_68736.jpg,Fake,Fake,0.992676,QF20,20
F01176,fake_24395.jpg,Fake,Fake,0.999023,QF20,20
F01796,fake_3171.jpg,Fake,Fake,0.989746,QF20,20
F00282,fake_13451.jpg,Fake,Fake,1.0,QF20,20
F03634,fake_5608.jpg,Fake,Fake,1.0,QF20,20
F01369,fake_26614.jpg,Fake,Fake,1.0,QF20,20
F01698,fake_30642.jpg,Fake,Fake,0.994629,QF20,20
F00307,fake_13786.jpg,Fake,Fake,1.0,QF20,20
F04427,fake_65863.jpg,Fake,Fake,1.0,QF20,20
F01782,fake_31491.jpg,Fake,Fake,0.98877,QF20,20
F02654,fake_43512.jpg,Fake,Fake,0.995117,QF20,20
F02727,fake_44413.jpg,Fake,Fake,0.983398,QF20,20
F04308,fake_64349.jpg,Fake,Fake,0.999023,QF20,20
F01643,fake_30.jpg,Fake,Fake,1.0,QF20,20
F04896,fake_8653.jpg,Fake,Fake,1.0,QF20,20
F01581,fake_29178.jpg,Fake,Fake,0.840332,QF20,20
F03739,fake_57397.jpg,Fake,Fake,0.999512,QF20,20
F04302,fake_64302.jpg,Fake,Fake,0.922852,QF20,20
F02300,fake_38520.jpg,Fake,Fake,1.0,QF20,20
F04796,fake_7280.jpg,Fake,Fake,0.999512,QF20,20
F03671,fake_565.jpg,Fake,Fake,1.0,QF20,20
F00390,fake_14935.jpg,Fake,Fake,0.999023,QF20,20
F01004,fake_22544.jpg,Fake,Fake,0.974609,QF20,20
F03824,fake_58697.jpg,Fake,Fake,0.911621,QF20,20
F03675,fake_5654.jpg,Fake,Fake,0.974121,QF20,20
F04664,fake_68555.jpg,Fake,Fake,0.998535,QF20,20
F02074,fake_35080.jpg,Fake,Real,0.33374,QF20,20
F00960,fake_22036.jpg,Fake,Fake,1.0,QF20,20
F01429,fake_27244.jpg,Fake,Fake,0.999512,QF20,20
F00681,fake_18830.jpg,Fake,Fake,0.997559,QF20,20
F00118,fake_11388.jpg,Fake,Fake,1.0,QF20,20
F00199,fake_12441.jpg,Fake,Fake,1.0,QF20,20
F03019,fake_4810.jpg,Fake,Fake,0.953613,QF20,20
F00344,fake_14329.jpg,Fake,Real,0.490234,QF20,20
F00531,fake_16605.jpg,Fake,Fake,1.0,QF20,20
F00101,fake_11208.jpg,Fake,Fake,1.0,QF20,20
F04160,fake_62544.jpg,Fake,Fake,0.925293,QF20,20
F00419,fake_15290.jpg,Fake,Fake,0.975586,QF20,20
F02416,fake_40308.jpg,Fake,Fake,1.0,QF20,20
F00586,fake_17488.jpg,Fake,Fake,1.0,QF20,20
F01028,fake_22819.jpg,Fake,Fake,1.0,QF20,20
F01464,fake_27541.jpg,Fake,Fake,0.999512,QF20,20
F02785,fake_4529.jpg,Fake,Fake,0.685059,QF20,20
F04333,fake_64666.jpg,Fake,Fake,0.677246,QF20,20
F03094,fake_49081.jpg,Fake,Fake,0.882812,QF20,20
F02390,fake_39844.jpg,Fake,Fake,0.999023,QF20,20
F03243,fake_51113.jpg,Fake,Fake,0.619629,QF20,20
F00881,fake_21150.jpg,Fake,Fake,0.986816,QF20,20
F01480,fake_27751.jpg,Fake,Fake,0.972656,QF20,20
F00384,fake_14839.jpg,Fake,Fake,0.995605,QF20,20
F03942,fake_59987.jpg,Fake,Fake,0.60791,QF20,20
F01307,fake_25772.jpg,Fake,Fake,0.97168,QF20,20
F00008,fake_10114.jpg,Fake,Fake,1.0,QF20,20
F00603,fake_17671.jpg,Fake,Real,0.078918,QF20,20
F02740,fake_44663.jpg,Fake,Fake,0.993652,QF20,20
F04438,fake_65962.jpg,Fake,Fake,0.981445,QF20,20
F04950,fake_9385.jpg,Fake,Fake,1.0,QF20,20
F03177,fake_50118.jpg,Fake,Fake,0.988281,QF20,20
F04836,fake_7795.jpg,Fake,Fake,0.999512,QF20,20
F04178,fake_62692.jpg,Fake,Fake,1.0,QF20,20
F01916,fake_33116.jpg,Fake,Fake,0.852539,QF20,20
F04694,fake_68876.jpg,Fake,Fake,0.77832,QF20,20
F03113,fake_49365.jpg,Fake,Fake,1.0,QF20,20
F01345,fake_26338.jpg,Fake,Fake,0.996094,QF20,20
F02942,fake_47005.jpg,Fake,Fake,1.0,QF20,20
F00362,fake_14522.jpg,Fake,Fake,1.0,QF20,20
F00604,fake_17702.jpg,Fake,Fake,0.991211,QF20,20
F02693,fake_44024.jpg,Fake,Fake,1.0,QF20,20
F02757,fake_44863.jpg,Fake,Fake,0.999023,QF20,20
F01485,fake_27826.jpg,Fake,Fake,0.806641,QF20,20
F04582,fake_67670.jpg,Fake,Fake,0.999512,QF20,20
F02020,fake_3444.jpg,Fake,Fake,0.963379,QF20,20
F04655,fake_68450.jpg,Fake,Fake,0.83252,QF20,20
F02414,fake_40248.jpg,Fake,Fake,0.993164,QF20,20
F02488,fake_41378.jpg,Fake,Fake,0.960938,QF20,20
F04689,fake_68821.jpg,Fake,Fake,0.925293,QF20,20
F04826,fake_7622.jpg,Fake,Fake,0.99707,QF20,20
F01220,fake_24770.jpg,Fake,Fake,0.99707,QF20,20
F00314,fake_13851.jpg,Fake,Real,0.4646,QF20,20
F00830,fake_20568.jpg,Fake,Real,0.301025,QF20,20
F01042,fake_22978.jpg,Fake,Fake,0.960938,QF20,20
F03103,fake_49256.jpg,Fake,Fake,0.990723,QF20,20
F04498,fake_66596.jpg,Fake,Fake,1.0,QF20,20
F00969,fake_22134.jpg,Fake,Fake,0.738281,QF20,20
F01244,fake_25041.jpg,Fake,Fake,0.989746,QF20,20
F03782,fake_57996.jpg,Fake,Fake,0.991699,QF20,20
F03093,fake_49077.jpg,Fake,Fake,0.73291,QF20,20
F01684,fake_30461.jpg,Fake,Fake,0.923828,QF20,20
F00900,fake_21426.jpg,Fake,Fake,0.928223,QF20,20
F01124,fake_2384.jpg,Fake,Fake,0.999512,QF20,20
F04202,fake_63092.jpg,Fake,Real,0.403564,QF20,20
F01453,fake_27462.jpg,Fake,Fake,0.973633,QF20,20
F03664,fake_56397.jpg,Fake,Fake,0.973633,QF20,20
F03312,fake_51974.jpg,Fake,Fake,0.662598,QF20,20
F03173,fake_50083.jpg,Fake,Fake,1.0,QF20,20
F03274,fake_51534.jpg,Fake,Fake,1.0,QF20,20
F04076,fake_61437.jpg,Fake,Fake,0.808105,QF20,20
F00478,fake_16114.jpg,Fake,Fake,1.0,QF20,20
F03197,fake_50359.jpg,Fake,Fake,0.999023,QF20,20
F04169,fake_62607.jpg,Fake,Fake,1.0,QF20,20
F01494,fake_27987.jpg,Fake,Fake,0.890137,QF20,20
F00406,fake_15165.jpg,Fake,Fake,0.855957,QF20,20
F01503,fake_28104.jpg,Fake,Fake,0.927734,QF20,20
F01550,fake_28760.jpg,Fake,Fake,1.0,QF20,20
F00558,fake_17069.jpg,Fake,Real,0.26123,QF20,20
F04327,fake_6458.jpg,Fake,Fake,1.0,QF20,20
F01344,fake_26324.jpg,Fake,Fake,1.0,QF20,20
F04409,fake_6557.jpg,Fake,Fake,0.998047,QF20,20
F02788,fake_45303.jpg,Fake,Fake,1.0,QF20,20
F01295,fake_25652.jpg,Fake,Fake,1.0,QF20,20
F02855,fake_45958.jpg,Fake,Fake,1.0,QF20,20
F03502,fake_54480.jpg,Fake,Fake,0.999023,QF20,20
F02969,fake_47395.jpg,Fake,Fake,1.0,QF20,20
F03372,fake_52748.jpg,Fake,Fake,0.970703,QF20,20
F02185,fake_36737.jpg,Fake,Fake,0.979004,QF20,20
F00928,fake_2171.jpg,Fake,Fake,1.0,QF20,20
F04863,fake_8214.jpg,Fake,Fake,1.0,QF20,20
F04629,fake_68194.jpg,Fake,Fake,1.0,QF20,20
F04667,fake_68595.jpg,Fake,Fake,0.888184,QF20,20
F04729,fake_69289.jpg,Fake,Fake,0.956055,QF20,20
F03371,fake_52727.jpg,Fake,Fake,0.999512,QF20,20
F03626,fake_56032.jpg,Fake,Fake,1.0,QF20,20
F03342,fake_52415.jpg,Fake,Fake,0.535645,QF20,20
F01668,fake_30210.jpg,Fake,Fake,0.999512,QF20,20
F03849,fake_58940.jpg,Fake,Fake,0.970215,QF20,20
F03815,fake_58543.jpg,Fake,Fake,0.999023,QF20,20
F01799,fake_31733.jpg,Fake,Real,0.416992,QF20,20
F03640,fake_56129.jpg,Fake,Real,0.138794,QF20,20
F02280,fake_38220.jpg,Fake,Fake,0.996582,QF20,20
F04002,fake_60593.jpg,Fake,Fake,0.939941,QF20,20
F00902,fake_21474.jpg,Fake,Real,0.159302,QF20,20
F02681,fake_43934.jpg,Fake,Fake,1.0,QF20,20
F04110,fake_61950.jpg,Fake,Fake,0.999512,QF20,20
F02653,fake_43510.jpg,Fake,Fake,1.0,QF20,20
F02633,fake_43294.jpg,Fake,Fake,0.996094,QF20,20
F01724,fake_309.jpg,Fake,Fake,0.960938,QF20,20
F03411,fake_53344.jpg,Fake,Fake,0.976074,QF20,20
F00759,fake_19823.jpg,Fake,Fake,1.0,QF20,20
F00148,fake_11691.jpg,Fake,Fake,1.0,QF20,20
F01162,fake_24240.jpg,Fake,Fake,1.0,QF20,20
F02454,fake_40815.jpg,Fake,Fake,1.0,QF20,20
F03758,fake_57679.jpg,Fake,Fake,0.993164,QF20,20
F02712,fake_44275.jpg,Fake,Fake,0.999512,QF20,20
F01509,fake_28167.jpg,Fake,Fake,1.0,QF20,20
F01143,fake_24006.jpg,Fake,Fake,0.984863,QF20,20
F02256,fake_37898.jpg,Fake,Fake,0.996094,QF20,20
F00242,fake_12939.jpg,Fake,Fake,0.814941,QF20,20
F01045,fake_22992.jpg,Fake,Fake,1.0,QF20,20
F04301,fake_64289.jpg,Fake,Fake,0.999023,QF20,20
F01914,fake_33079.jpg,Fake,Fake,0.788086,QF20,20
F04387,fake_65351.jpg,Fake,Fake,0.997559,QF20,20
F01473,fake_27611.jpg,Fake,Fake,1.0,QF20,20
F04832,fake_7738.jpg,Fake,Fake,1.0,QF20,20
F02389,fake_39840.jpg,Fake,Fake,0.998535,QF20,20
F02386,fake_39815.jpg,Fake,Fake,0.956055,QF20,20
F01536,fake_28521.jpg,Fake,Fake,0.63623,QF20,20
F04823,fake_7580.jpg,Fake,Fake,1.0,QF20,20
F01482,fake_27766.jpg,Fake,Fake,1.0,QF20,20
F02210,fake_37314.jpg,Fake,Fake,0.999512,QF20,20
F00599,fake_17630.jpg,Fake,Fake,0.964844,QF20,20
F04869,fake_830.jpg,Fake,Fake,1.0,QF20,20
F02247,fake_37849.jpg,Fake,Fake,0.827637,QF20,20
F03425,fake_53506.jpg,Fake,Fake,0.803711,QF20,20
F00228,fake_12741.jpg,Fake,Fake,0.85498,QF20,20
F04328,fake_64588.jpg,Fake,Fake,1.0,QF20,20
F03333,fake_52320.jpg,Fake,Fake,0.998535,QF20,20
F00896,fake_21392.jpg,Fake,Fake,0.999512,QF20,20
F03081,fake_48850.jpg,Fake,Fake,1.0,QF20,20
F02921,fake_46832.jpg,Fake,Fake,0.716797,QF20,20
F00429,fake_15375.jpg,Fake,Fake,0.98584,QF20,20
F01180,fake_24427.jpg,Fake,Fake,0.999512,QF20,20
F01626,fake_29758.jpg,Fake,Fake,0.999512,QF20,20
F01760,fake_31274.jpg,Fake,Fake,0.999512,QF20,20
F04469,fake_6620.jpg,Fake,Real,0.047791,QF20,20
F02881,fake_46308.jpg,Fake,Fake,1.0,QF20,20
F04969,fake_9644.jpg,Fake,Fake,1.0,QF20,20
F03922,fake_59835.jpg,Fake,Fake,0.987793,QF20,20
F00921,fake_21632.jpg,Fake,Fake,1.0,QF20,20
F04684,fake_68760.jpg,Fake,Fake,0.998535,QF20,20
F00956,fake_22006.jpg,Fake,Fake,0.504395,QF20,20
F00319,fake_13930.jpg,Fake,Fake,0.741211,QF20,20
F00071,fake_10875.jpg,Fake,Fake,1.0,QF20,20
F01582,fake_2918.jpg,Fake,Fake,0.95166,QF20,20
F00340,fake_14241.jpg,Fake,Fake,0.999512,QF20,20
F00736,fake_1952.jpg,Fake,Fake,1.0,QF20,20
F00923,fake_21645.jpg,Fake,Fake,1.0,QF20,20
F02543,fake_42199.jpg,Fake,Fake,1.0,QF20,20
F03154,fake_49839.jpg,Fake,Real,0.470459,QF20,20
F03688,fake_5669.jpg,Fake,Real,0.422852,QF20,20
F00545,fake_16817.jpg,Fake,Fake,0.981934,QF20,20
F03213,fake_50555.jpg,Fake,Real,0.397217,QF20,20
F02514,fake_41759.jpg,Fake,Fake,1.0,QF20,20
F00576,fake_17357.jpg,Fake,Fake,0.941406,QF20,20
F03879,fake_59289.jpg,Fake,Fake,1.0,QF20,20
F00002,fake_10018.jpg,Fake,Fake,0.837402,QF20,20
F00323,fake_13994.jpg,Fake,Fake,0.976074,QF20,20
F01029,fake_22825.jpg,Fake,Fake,0.994141,QF20,20
F00761,fake_19847.jpg,Fake,Fake,0.999023,QF20,20
F01795,fake_31672.jpg,Fake,Fake,0.94873,QF20,20
F00836,fake_2063.jpg,Fake,Fake,1.0,QF20,20
F04092,fake_61636.jpg,Fake,Fake,0.999512,QF20,20
F01526,fake_28358.jpg,Fake,Fake,0.954102,QF20,20
F04949,fake_9381.jpg,Fake,Fake,1.0,QF20,20
F01099,fake_23572.jpg,Fake,Fake,1.0,QF20,20
F00513,fake_16421.jpg,Fake,Fake,1.0,QF20,20
F04946,fake_9271.jpg,Fake,Fake,0.989258,QF20,20
F03293,fake_5174.jpg,Fake,Fake,0.737305,QF20,20
F03705,fake_56977.jpg,Fake,Fake,0.97998,QF20,20
F01334,fake_26223.jpg,Fake,Fake,1.0,QF20,20
F00667,fake_18567.jpg,Fake,Fake,0.999512,QF20,20
F04005,fake_60622.jpg,Fake,Fake,0.819336,QF20,20
F04378,fake_65256.jpg,Fake,Fake,0.998535,QF20,20
F02069,fake_35030.jpg,Fake,Fake,1.0,QF20,20
F02325,fake_38904.jpg,Fake,Fake,0.98877,QF20,20
F03667,fake_56430.jpg,Fake,Fake,0.900391,QF20,20
F00683,fake_18845.jpg,Fake,Fake,0.99707,QF20,20
F00293,fake_13567.jpg,Fake,Fake,0.744629,QF20,20
F01903,fake_32935.jpg,Fake,Fake,0.96875,QF20,20
F03353,fake_52540.jpg,Fake,Fake,0.972168,QF20,20
F04138,fake_62331.jpg,Fake,Fake,0.995605,QF20,20
F00510,fake_16405.jpg,Fake,Fake,0.565918,QF20,20
F00312,fake_13843.jpg,Fake,Fake,0.999023,QF20,20
F04546,fake_67233.jpg,Fake,Fake,1.0,QF20,20
F02724,fake_44384.jpg,Fake,Fake,1.0,QF20,20
F03665,fake_56416.jpg,Fake,Fake,0.993164,QF20,20
F03837,fake_5882.jpg,Fake,Fake,0.998535,QF20,20
F01073,fake_23257.jpg,Fake,Fake,0.999512,QF20,20
F04843,fake_7902.jpg,Fake,Fake,1.0,QF20,20
F03635,fake_56084.jpg,Fake,Fake,1.0,QF20,20
F04313,fake_64376.jpg,Fake,Real,0.061096,QF20,20
F03259,fake_51324.jpg,Fake,Fake,0.996094,QF20,20
F03389,fake_52905.jpg,Fake,Fake,0.993164,QF20,20
F04067,fake_61392.jpg,Fake,Real,0.154419,QF20,20
F01742,fake_31114.jpg,Fake,Fake,0.999023,QF20,20
F01763,fake_31298.jpg,Fake,Fake,0.953125,QF20,20
F02807,fake_45495.jpg,Fake,Fake,1.0,QF20,20
F03817,fake_58563.jpg,Fake,Fake,0.995605,QF20,20
F01431,fake_27286.jpg,Fake,Fake,0.967773,QF20,20
F00748,fake_1972.jpg,Fake,Real,0.203125,QF20,20
F02420,fake_40354.jpg,Fake,Fake,1.0,QF20,20
F04250,fake_63631.jpg,Fake,Fake,0.960938,QF20,20
F02739,fake_44627.jpg,Fake,Fake,1.0,QF20,20
F02555,fake_42293.jpg,Fake,Fake,0.995605,QF20,20
F04556,fake_67384.jpg,Fake,Fake,0.998047,QF20,20
F03164,fake_49958.jpg,Fake,Fake,0.999023,QF20,20
F04282,fake_6403.jpg,Fake,Fake,0.974121,QF20,20
F01006,fake_22556.jpg,Fake,Fake,0.998535,QF20,20
F02951,fake_47106.jpg,Fake,Fake,1.0,QF20,20
F01417,fake_27106.jpg,Fake,Fake,0.986816,QF20,20
F00287,fake_13502.jpg,Fake,Fake,1.0,QF20,20
F04686,fake_68791.jpg,Fake,Fake,1.0,QF20,20
F02776,fake_45190.jpg,Fake,Fake,0.844727,QF20,20
F03066,fake_48713.jpg,Fake,Real,0.147827,QF20,20
F04101,fake_61766.jpg,Fake,Fake,0.916504,QF20,20
F04735,fake_69377.jpg,Fake,Fake,0.999512,QF20,20
F02120,fake_35788.jpg,Fake,Fake,0.847168,QF20,20
F01379,fake_26729.jpg,Fake,Fake,0.997559,QF20,20
F01438,fake_27353.jpg,Fake,Fake,0.996582,QF20,20
F03772,fake_57863.jpg,Fake,Fake,0.993652,QF20,20
F02692,fake_44019.jpg,Fake,Fake,1.0,QF20,20
F03623,fake_56002.jpg,Fake,Fake,1.0,QF20,20
F03768,fake_57816.jpg,Fake,Fake,0.995605,QF20,20
F03658,fake_56337.jpg,Fake,Fake,0.927734,QF20,20
F03776,fake_57926.jpg,Fake,Fake,1.0,QF20,20
F01478,fake_27719.jpg,Fake,Fake,0.996582,QF20,20
F02080,fake_3514.jpg,Fake,Fake,0.976562,QF20,20
F02837,fake_45769.jpg,Fake,Fake,0.966797,QF20,20
F01059,fake_23084.jpg,Fake,Fake,0.937988,QF20,20
F00908,fake_21492.jpg,Fake,Fake,1.0,QF20,20
F04310,fake_64369.jpg,Fake,Fake,0.943359,QF20,20
F01288,fake_25559.jpg,Fake,Fake,1.0,QF20,20
F00685,fake_1886.jpg,Fake,Fake,1.0,QF20,20
F03403,fake_53220.jpg,Fake,Fake,0.97998,QF20,20
F03885,fake_59356.jpg,Fake,Fake,0.986328,QF20,20
F00931,fake_21743.jpg,Fake,Fake,1.0,QF20,20
F00470,fake_16007.jpg,Fake,Fake,0.999023,QF20,20
F04700,fake_68915.jpg,Fake,Fake,0.999023,QF20,20
F01310,fake_25838.jpg,Fake,Fake,0.999512,QF20,20
F00345,fake_1433.jpg,Fake,Fake,1.0,QF20,20
F01022,fake_22738.jpg,Fake,Fake,0.97168,QF20,20
F00654,fake_18337.jpg,Fake,Fake,0.995117,QF20,20
F03198,fake_50364.jpg,Fake,Fake,0.876465,QF20,20
F03793,fake_5820.jpg,Fake,Fake,0.970703,QF20,20
F04680,fake_68724.jpg,Fake,Real,0.421875,QF20,20
F04339,fake_64727.jpg,Fake,Fake,0.962402,QF20,20
F03789,fake_58078.jpg,Fake,Fake,0.996094,QF20,20
F02784,fake_45280.jpg,Fake,Real,0.462402,QF20,20
F02985,fake_47568.jpg,Fake,Fake,0.999512,QF20,20
F04973,fake_9692.jpg,Fake,Fake,1.0,QF20,20
F02340,fake_3911.jpg,Fake,Fake,0.952148,QF20,20
F03571,fake_55295.jpg,Fake,Fake,0.999023,QF20,20
F02397,fake_39982.jpg,Fake,Fake,1.0,QF20,20
F01706,fake_30715.jpg,Fake,Fake,0.679688,QF20,20
F02795,fake_45352.jpg,Fake,Fake,1.0,QF20,20
F02014,fake_34354.jpg,Fake,Fake,0.858887,QF20,20
F03955,fake_60109.jpg,Fake,Fake,0.998535,QF20,20
F03627,fake_56039.jpg,Fake,Fake,1.0,QF20,20
F02465,fake_41.jpg,Fake,Fake,0.999023,QF20,20
F02031,fake_34565.jpg,Fake,Real,0.439697,QF20,20
F00982,fake_22311.jpg,Fake,Fake,0.995605,QF20,20
F04947,fake_9296.jpg,Fake,Fake,0.992676,QF20,20
F00769,fake_19914.jpg,Fake,Real,0.317383,QF20,20
F04458,fake_66129.jpg,Fake,Fake,0.942383,QF20,20
F00064,fake_10811.jpg,Fake,Fake,0.998047,QF20,20
F02759,fake_44883.jpg,Fake,Fake,0.996094,QF20,20
F00935,fake_2179.jpg,Fake,Fake,0.997559,QF20,20
F03718,fake_57190.jpg,Fake,Fake,1.0,QF20,20
F01894,fake_32855.jpg,Fake,Fake,0.993164,QF20,20
F01739,fake_31090.jpg,Fake,Fake,1.0,QF20,20
F04099,fake_61744.jpg,Fake,Fake,0.999512,QF20,20
F04029,fake_60933.jpg,Fake,Fake,0.998047,QF20,20
F00856,fake_20886.jpg,Fake,Fake,0.89502,QF20,20
F04933,fake_9153.jpg,Fake,Fake,0.956055,QF20,20
F04004,fake_60616.jpg,Fake,Fake,0.987793,QF20,20
F03370,fake_5269.jpg,Fake,Fake,0.984863,QF20,20
F00458,fake_15781.jpg,Fake,Real,0.008377,QF20,20
F01753,fake_31206.jpg,Fake,Fake,0.961914,QF20,20
F03905,fake_59663.jpg,Fake,Fake,0.950195,QF20,20
F01759,fake_31262.jpg,Fake,Fake,1.0,QF20,20
F02670,fake_43801.jpg,Fake,Fake,1.0,QF20,20
F04078,fake_61444.jpg,Fake,Fake,0.989258,QF20,20
F00897,fake_21407.jpg,Fake,Fake,0.99707,QF20,20
F00012,fake_10182.jpg,Fake,Fake,0.984375,QF20,20
F04676,fake_68700.jpg,Fake,Fake,0.970215,QF20,20
F04965,fake_9578.jpg,Fake,Fake,1.0,QF20,20
F03550,fake_55071.jpg,Fake,Fake,0.601074,QF20,20
F01520,fake_28287.jpg,Fake,Fake,0.953125,QF20,20
F00418,fake_15274.jpg,Fake,Fake,0.999512,QF20,20
F04465,fake_66177.jpg,Fake,Fake,0.994141,QF20,20
F03965,fake_60231.jpg,Fake,Real,0.00387,QF20,20
F00848,fake_20744.jpg,Fake,Fake,1.0,QF20,20
F03808,fake_58448.jpg,Fake,Fake,0.976074,QF20,20
F00110,fake_11279.jpg,Fake,Fake,0.998047,QF20,20
F04102,fake_6178.jpg,Fake,Fake,1.0,QF20,20
F00277,fake_13425.jpg,Fake,Fake,0.925293,QF20,20
F03335,fake_52351.jpg,Fake,Fake,0.999023,QF20,20
F02506,fake_41643.jpg,Fake,Fake,0.999512,QF20,20
F04048,fake_61160.jpg,Fake,Fake,0.873047,QF20,20
F02762,fake_44958.jpg,Fake,Fake,1.0,QF20,20
F04075,fake_61436.jpg,Fake,Fake,0.54834,QF20,20
F02170,fake_36531.jpg,Fake,Fake,1.0,QF20,20
F02977,fake_47482.jpg,Fake,Fake,1.0,QF20,20
F00878,fake_21120.jpg,Fake,Fake,0.999512,QF20,20
F04570,fake_67545.jpg,Fake,Fake,0.981445,QF20,20
F02391,fake_39850.jpg,Fake,Fake,0.973145,QF20,20
F02923,fake_46857.jpg,Fake,Fake,1.0,QF20,20
F02180,fake_36644.jpg,Fake,Fake,0.999023,QF20,20
F01217,fake_24722.jpg,Fake,Fake,1.0,QF20,20
F04638,fake_68274.jpg,Fake,Fake,0.994141,QF20,20
F02806,fake_45492.jpg,Fake,Fake,1.0,QF20,20
F01927,fake_3334.jpg,Fake,Fake,0.970703,QF20,20
F00416,fake_15262.jpg,Fake,Real,0.000667,QF20,20
F02353,fake_39290.jpg,Fake,Fake,1.0,QF20,20
F04312,fake_64374.jpg,Fake,Fake,1.0,QF20,20
F03430,fake_53561.jpg,Fake,Real,0.214844,QF20,20
F03832,fake_58752.jpg,Fake,Fake,0.638672,QF20,20
F01713,fake_30771.jpg,Fake,Fake,0.996582,QF20,20
F01912,fake_33066.jpg,Fake,Fake,0.984863,QF20,20
F04335,fake_64678.jpg,Fake,Fake,0.999512,QF20,20
F01123,fake_23838.jpg,Fake,Fake,1.0,QF20,20
F02922,fake_46855.jpg,Fake,Fake,1.0,QF20,20
F04516,fake_66872.jpg,Fake,Fake,0.929688,QF20,20
F01654,fake_30106.jpg,Fake,Fake,1.0,QF20,20
F03076,fake_48833.jpg,Fake,Fake,0.767578,QF20,20
F00662,fake_18460.jpg,Fake,Fake,0.970703,QF20,20
F03339,fake_52375.jpg,Fake,Fake,0.999512,QF20,20
F02122,fake_35815.jpg,Fake,Fake,1.0,QF20,20
F02957,fake_47237.jpg,Fake,Fake,0.988281,QF20,20
F00144,fake_11646.jpg,Fake,Fake,1.0,QF20,20
F02026,fake_34508.jpg,Fake,Fake,0.990723,QF20,20
F04521,fake_66935.jpg,Fake,Fake,0.998535,QF20,20
F03914,fake_59750.jpg,Fake,Fake,0.999512,QF20,20
F01002,fake_22540.jpg,Fake,Fake,1.0,QF20,20
F01842,fake_32276.jpg,Fake,Fake,0.97998,QF20,20
F00633,fake_18012.jpg,Fake,Fake,0.990723,QF20,20
F00517,fake_16447.jpg,Fake,Fake,1.0,QF20,20
F00779,fake_2000.jpg,Fake,Fake,1.0,QF20,20
F00284,fake_13483.jpg,Fake,Fake,0.92334,QF20,20
F03297,fake_51807.jpg,Fake,Fake,0.974609,QF20,20
F03570,fake_55291.jpg,Fake,Fake,0.956543,QF20,20
F00454,fake_15738.jpg,Fake,Fake,1.0,QF20,20
F00487,fake_16185.jpg,Fake,Fake,0.683594,QF20,20
F03727,fake_57261.jpg,Fake,Fake,0.999512,QF20,20
F00673,fake_18671.jpg,Fake,Fake,0.861328,QF20,20
F04234,fake_63488.jpg,Fake,Fake,0.994141,QF20,20
F01736,fake_31046.jpg,Fake,Fake,0.997559,QF20,20
F03941,fake_59985.jpg,Fake,Fake,1.0,QF20,20
F00641,fake_18167.jpg,Fake,Fake,0.992676,QF20,20
F03572,fake_5530.jpg,Fake,Fake,0.993164,QF20,20
F00803,fake_2028.jpg,Fake,Fake,0.99707,QF20,20
F01296,fake_25653.jpg,Fake,Fake,0.999023,QF20,20
F00616,fake_17797.jpg,Fake,Real,0.313965,QF20,20
F02929,fake_4693.jpg,Fake,Fake,0.814453,QF20,20
F00078,fake_10950.jpg,Fake,Fake,1.0,QF20,20
F02105,fake_35575.jpg,Fake,Fake,0.983887,QF20,20
F04066,fake_61358.jpg,Fake,Fake,0.937012,QF20,20
F04867,fake_8294.jpg,Fake,Real,0.250244,QF20,20
F03996,fake_60531.jpg,Fake,Fake,0.970703,QF20,20
F00389,fake_14927.jpg,Fake,Fake,1.0,QF20,20
F03299,fake_5182.jpg,Fake,Fake,0.991699,QF20,20
F00032,fake_10481.jpg,Fake,Fake,0.999512,QF20,20
F02225,fake_37497.jpg,Fake,Fake,0.998047,QF20,20
F04786,fake_706.jpg,Fake,Fake,0.998535,QF20,20
F00396,fake_15030.jpg,Fake,Fake,0.995605,QF20,20
F01137,fake_23959.jpg,Fake,Fake,0.96582,QF20,20
F02401,fake_40018.jpg,Fake,Fake,0.999023,QF20,20
F03827,fake_58712.jpg,Fake,Fake,1.0,QF20,20
F01171,fake_24340.jpg,Fake,Fake,0.997559,QF20,20
F03798,fake_58281.jpg,Fake,Fake,0.946777,QF20,20
F02531,fake_41972.jpg,Fake,Fake,1.0,QF20,20
F00937,fake_2180.jpg,Fake,Fake,0.986328,QF20,20
F03544,fake_55018.jpg,Fake,Fake,0.906738,QF20,20
F02450,fake_40748.jpg,Fake,Fake,0.953125,QF20,20
F04744,fake_69437.jpg,Fake,Fake,1.0,QF20,20
F04349,fake_64830.jpg,Fake,Fake,1.0,QF20,20
F04174,fake_6264.jpg,Fake,Fake,1.0,QF20,20
F01116,fake_23780.jpg,Fake,Fake,1.0,QF20,20
F02431,fake_4055.jpg,Fake,Fake,0.949219,QF20,20
F04490,fake_66503.jpg,Fake,Fake,0.994141,QF20,20
F04757,fake_6956.jpg,Fake,Fake,0.980469,QF20,20
F00527,fake_16588.jpg,Fake,Fake,1.0,QF20,20
F03858,fake_59041.jpg,Fake,Fake,0.994629,QF20,20
F04727,fake_69260.jpg,Fake,Real,0.424072,QF20,20
F03345,fake_52489.jpg,Fake,Real,0.459229,QF20,20
F04974,fake_9717.jpg,Fake,Fake,0.998047,QF20,20
F03593,fake_55482.jpg,Fake,Fake,0.999512,QF20,20
F03537,fake_54960.jpg,Fake,Fake,0.994141,QF20,20
F01715,fake_3078.jpg,Fake,Fake,0.763184,QF20,20
F04470,fake_66210.jpg,Fake,Fake,0.827637,QF20,20
F01063,fake_23121.jpg,Fake,Fake,0.999023,QF20,20
F04013,fake_60735.jpg,Fake,Fake,1.0,QF20,20
F02378,fake_39658.jpg,Fake,Fake,1.0,QF20,20
F04416,fake_65740.jpg,Fake,Fake,0.999512,QF20,20
F00432,fake_15395.jpg,Fake,Fake,0.995605,QF20,20
F04038,fake_61021.jpg,Fake,Fake,0.992188,QF20,20
F04918,fake_8960.jpg,Fake,Fake,1.0,QF20,20
F04261,fake_63727.jpg,Fake,Fake,1.0,QF20,20
F00425,fake_15358.jpg,Fake,Fake,0.802246,QF20,20
F03140,fake_4963.jpg,Fake,Fake,1.0,QF20,20
F01044,fake_2299.jpg,Fake,Fake,1.0,QF20,20
F03752,fake_57551.jpg,Fake,Fake,1.0,QF20,20
F02330,fake_38937.jpg,Fake,Fake,1.0,QF20,20
F00518,fake_16460.jpg,Fake,Fake,0.933105,QF20,20
F03874,fake_59223.jpg,Fake,Fake,0.793457,QF20,20
F03015,fake_48053.jpg,Fake,Fake,1.0,QF20,20
F00710,fake_19186.jpg,Fake,Fake,0.847168,QF20,20
F02663,fake_43620.jpg,Fake,Fake,0.999023,QF20,20
F03474,fake_54146.jpg,Fake,Fake,0.577148,QF20,20
F04909,fake_8858.jpg,Fake,Fake,1.0,QF20,20
F02729,fake_4443.jpg,Fake,Fake,0.714355,QF20,20
F00659,fake_1840.jpg,Fake,Fake,0.999512,QF20,20
F02408,fake_40140.jpg,Fake,Fake,0.991699,QF20,20
F04411,fake_65617.jpg,Fake,Fake,1.0,QF20,20
F02136,fake_35961.jpg,Fake,Fake,0.999512,QF20,20
F03138,fake_4962.jpg,Fake,Real,0.29126,QF20,20
F01251,fake_25081.jpg,Fake,Fake,1.0,QF20,20
F03743,fake_57427.jpg,Fake,Real,0.33374,QF20,20
F02012,fake_34324.jpg,Fake,Fake,0.999512,QF20,20
F04996,fake_9939.jpg,Fake,Fake,0.886719,QF20,20
F04421,fake_65826.jpg,Fake,Fake,0.983398,QF20,20
F01773,fake_31370.jpg,Fake,Fake,0.99707,QF20,20
F02779,fake_45202.jpg,Fake,Fake,1.0,QF20,20
F02678,fake_43859.jpg,Fake,Fake,0.995117,QF20,20
F03219,fake_50686.jpg,Fake,Fake,1.0,QF20,20
F01605,fake_2946.jpg,Fake,Fake,0.996094,QF20,20
F04487,fake_66461.jpg,Fake,Fake,0.894531,QF20,20
F03390,fake_52912.jpg,Fake,Fake,0.997559,QF20,20
F02595,fake_42806.jpg,Fake,Fake,1.0,QF20,20
F03288,fake_51676.jpg,Fake,Real,0.268066,QF20,20
F04990,fake_9866.jpg,Fake,Fake,0.999023,QF20,20
F02771,fake_45086.jpg,Fake,Fake,1.0,QF20,20
F02349,fake_39207.jpg,Fake,Fake,0.984863,QF20,20
F00938,fake_21814.jpg,Fake,Fake,0.966797,QF20,20
F02269,fake_38102.jpg,Fake,Fake,0.98584,QF20,20
F02057,fake_34897.jpg,Fake,Fake,1.0,QF20,20
F04009,fake_60668.jpg,Fake,Fake,1.0,QF20,20
F00528,fake_16589.jpg,Fake,Real,0.069397,QF20,20
F03402,fake_53173.jpg,Fake,Fake,1.0,QF20,20
F04968,fake_9627.jpg,Fake,Fake,0.996094,QF20,20
F02892,fake_4641.jpg,Fake,Fake,0.997559,QF20,20
F02894,fake_46436.jpg,Fake,Fake,0.999512,QF20,20
F01933,fake_3342.jpg,Fake,Fake,0.981934,QF20,20
F04972,fake_9671.jpg,Fake,Fake,0.928223,QF20,20
F04948,fake_9319.jpg,Fake,Fake,0.943848,QF20,20
F03358,fake_52607.jpg,Fake,Fake,1.0,QF20,20
F02445,fake_40701.jpg,Fake,Fake,1.0,QF20,20
F04575,fake_67607.jpg,Fake,Fake,1.0,QF20,20
F01506,fake_2813.jpg,Fake,Fake,0.993164,QF20,20
F04342,fake_64758.jpg,Fake,Fake,0.754883,QF20,20
F01087,fake_23440.jpg,Fake,Fake,1.0,QF20,20
F03577,fake_55346.jpg,Fake,Fake,0.995605,QF20,20
F00033,fake_10483.jpg,Fake,Fake,0.773926,QF20,20
F04922,fake_8986.jpg,Fake,Fake,1.0,QF20,20
F02860,fake_46.jpg,Fake,Fake,1.0,QF20,20
F03492,fake_54325.jpg,Fake,Real,0.167236,QF20,20
F04344,fake_64762.jpg,Fake,Fake,0.905762,QF20,20
F02838,fake_45771.jpg,Fake,Fake,1.0,QF20,20
F01505,fake_28127.jpg,Fake,Real,0.000255,QF20,20
F03089,fake_49060.jpg,Fake,Fake,0.992188,QF20,20
F00990,fake_2241.jpg,Fake,Fake,1.0,QF20,20
F01956,fake_33656.jpg,Fake,Fake,0.984863,QF20,20
F03002,fake_47798.jpg,Fake,Fake,1.0,QF20,20
F01078,fake_23313.jpg,Fake,Fake,0.952148,QF20,20
F01258,fake_252.jpg,Fake,Fake,0.88623,QF20,20
F00506,fake_16370.jpg,Fake,Real,0.063843,QF20,20
F04147,fake_62400.jpg,Fake,Fake,1.0,QF20,20
F02793,fake_45343.jpg,Fake,Fake,1.0,QF20,20
F02669,fake_43718.jpg,Fake,Fake,1.0,QF20,20
F03334,fake_52337.jpg,Fake,Real,0.431641,QF20,20
F00816,fake_20380.jpg,Fake,Fake,0.949707,QF20,20
F03354,fake_52550.jpg,Fake,Fake,1.0,QF20,20
F03211,fake_50531.jpg,Fake,Fake,0.999023,QF20,20
F02327,fake_38926.jpg,Fake,Fake,0.999512,QF20,20
F03071,fake_48772.jpg,Fake,Fake,0.999512,QF20,20
F02260,fake_3797.jpg,Fake,Fake,0.946289,QF20,20
F00213,fake_12570.jpg,Fake,Fake,1.0,QF20,20
F02002,fake_34227.jpg,Fake,Fake,0.922852,QF20,20
F03754,fake_57633.jpg,Fake,Fake,0.873047,QF20,20
F03660,fake_56352.jpg,Fake,Real,0.000577,QF20,20
F02518,fake_41777.jpg,Fake,Fake,1.0,QF20,20
F01935,fake_33432.jpg,Fake,Fake,0.979004,QF20,20
F04704,fake_68961.jpg,Fake,Real,0.348389,QF20,20
F04493,fake_66534.jpg,Fake,Fake,0.838379,QF20,20
F01443,fake_27389.jpg,Fake,Fake,1.0,QF20,20
F01675,fake_30310.jpg,Fake,Fake,1.0,QF20,20
F04539,fake_67156.jpg,Fake,Fake,1.0,QF20,20
F01418,fake_2711.jpg,Fake,Real,0.445801,QF20,20
F02444,fake_40695.jpg,Fake,Fake,0.999023,QF20,20
F04504,fake_66709.jpg,Fake,Fake,1.0,QF20,20
F00449,fake_1564.jpg,Fake,Fake,0.990234,QF20,20
F01785,fake_31545.jpg,Fake,Fake,1.0,QF20,20
F04722,fake_69226.jpg,Fake,Fake,1.0,QF20,20
F04871,fake_8306.jpg,Fake,Fake,0.981445,QF20,20
F04399,fake_65505.jpg,Fake,Fake,0.918945,QF20,20
F00166,fake_11933.jpg,Fake,Fake,1.0,QF20,20
F00842,fake_20677.jpg,Fake,Fake,1.0,QF20,20
F00916,fake_21565.jpg,Fake,Fake,1.0,QF20,20
F04614,fake_68003.jpg,Fake,Fake,0.959473,QF20,20
F02745,fake_44717.jpg,Fake,Fake,1.0,QF20,20
F01771,fake_31330.jpg,Fake,Fake,0.952637,QF20,20
F02613,fake_43091.jpg,Fake,Fake,0.987305,QF20,20
F04219,fake_63361.jpg,Fake,Fake,0.927734,QF20,20
F03784,fake_58018.jpg,Fake,Fake,0.996582,QF20,20
F04289,fake_64116.jpg,Fake,Fake,1.0,QF20,20
F04159,fake_62522.jpg,Fake,Real,0.461182,QF20,20
F02117,fake_3576.jpg,Fake,Fake,0.859863,QF20,20
F03518,fake_5464.jpg,Fake,Fake,0.925781,QF20,20
F01557,fake_2890.jpg,Fake,Fake,0.83252,QF20,20
F04604,fake_67923.jpg,Fake,Fake,0.916504,QF20,20
F00020,fake_10285.jpg,Fake,Fake,0.994629,QF20,20
F04978,fake_9770.jpg,Fake,Fake,0.997559,QF20,20
F02914,fake_46752.jpg,Fake,Fake,1.0,QF20,20
F00238,fake_12912.jpg,Fake,Fake,0.991699,QF20,20
F03045,fake_48450.jpg,Fake,Fake,0.999512,QF20,20
F04833,fake_7739.jpg,Fake,Fake,1.0,QF20,20
F01974,fake_33851.jpg,Fake,Fake,1.0,QF20,20
F04353,fake_64881.jpg,Fake,Fake,1.0,QF20,20
F00498,fake_16264.jpg,Fake,Fake,1.0,QF20,20
F04241,fake_63558.jpg,Fake,Real,0.231812,QF20,20
F03127,fake_49511.jpg,Fake,Fake,0.999023,QF20,20
F00038,fake_10507.jpg,Fake,Fake,1.0,QF20,20
F04260,fake_63723.jpg,Fake,Fake,0.978516,QF20,20
F03296,fake_51793.jpg,Fake,Fake,0.574707,QF20,20
F01222,fake_24807.jpg,Fake,Fake,0.998047,QF20,20
F01877,fake_32670.jpg,Fake,Real,0.05899,QF20,20
F02229,fake_37569.jpg,Fake,Fake,1.0,QF20,20
F03145,fake_49756.jpg,Fake,Fake,0.984863,QF20,20
F00827,fake_2053.jpg,Fake,Fake,1.0,QF20,20
F01343,fake_26301.jpg,Fake,Fake,1.0,QF20,20
F00106,fake_11248.jpg,Fake,Fake,0.994629,QF20,20
F01590,fake_29262.jpg,Fake,Fake,1.0,QF20,20
F01332,fake_26193.jpg,Fake,Fake,0.919434,QF20,20
F00053,fake_10682.jpg,Fake,Fake,1.0,QF20,20
F02168,fake_36486.jpg,Fake,Fake,0.999512,QF20,20
F00584,fake_17455.jpg,Fake,Fake,0.995117,QF20,20
F01484,fake_27822.jpg,Fake,Fake,0.994629,QF20,20
F04326,fake_64555.jpg,Fake,Fake,0.994629,QF20,20
F02028,fake_34547.jpg,Fake,Real,0.225952,QF20,20
F00749,fake_19730.jpg,Fake,Fake,1.0,QF20,20
F02680,fake_43896.jpg,Fake,Fake,0.980469,QF20,20
F03501,fake_54471.jpg,Fake,Fake,0.985352,QF20,20
F02413,fake_40229.jpg,Fake,Fake,0.999023,QF20,20
F03771,fake_57855.jpg,Fake,Fake,1.0,QF20,20
F01671,fake_3024.jpg,Fake,Fake,0.999512,QF20,20
F02871,fake_4616.jpg,Fake,Fake,1.0,QF20,20
F00171,fake_12046.jpg,Fake,Fake,0.999023,QF20,20
F01613,fake_29592.jpg,Fake,Real,0.357422,QF20,20
F00023,fake_10360.jpg,Fake,Fake,0.986328,QF20,20
F04090,fake_61606.jpg,Fake,Fake,1.0,QF20,20
F00486,fake_16180.jpg,Fake,Real,0.008545,QF20,20
F03753,fake_57581.jpg,Fake,Fake,0.999512,QF20,20
F02271,fake_3813.jpg,Fake,Fake,1.0,QF20,20
F01945,fake_33531.jpg,Fake,Fake,1.0,QF20,20
F01635,fake_29850.jpg,Fake,Fake,0.61377,QF20,20
F04218,fake_63327.jpg,Fake,Fake,0.993652,QF20,20
F03128,fake_49526.jpg,Fake,Fake,0.999023,QF20,20
F01202,fake_24620.jpg,Fake,Fake,0.571777,QF20,20
F01702,fake_3068.jpg,Fake,Fake,0.999512,QF20,20
F03462,fake_54014.jpg,Fake,Fake,0.996094,QF20,20
F00666,fake_18497.jpg,Fake,Fake,0.803223,QF20,20
F00149,fake_11692.jpg,Fake,Fake,0.999512,QF20,20
F03317,fake_52060.jpg,Fake,Fake,0.977051,QF20,20
F03429,fake_53552.jpg,Fake,Fake,0.98584,QF20,20
F03867,fake_59170.jpg,Fake,Fake,0.999023,QF20,20
F00028,fake_10420.jpg,Fake,Fake,0.993164,QF20,20
F00193,fake_1233.jpg,Fake,Fake,1.0,QF20,20
F00746,fake_19699.jpg,Fake,Fake,0.962402,QF20,20
F03657,fake_56332.jpg,Fake,Fake,0.693359,QF20,20
F04211,fake_63249.jpg,Fake,Fake,1.0,QF20,20
F03206,fake_50468.jpg,Fake,Fake,0.931641,QF20,20
F04824,fake_7594.jpg,Fake,Fake,1.0,QF20,20
F04176,fake_62663.jpg,Fake,Fake,0.947266,QF20,20
F00090,fake_11116.jpg,Fake,Fake,1.0,QF20,20
F04475,fake_66281.jpg,Fake,Fake,0.98291,QF20,20
F04336,fake_64692.jpg,Fake,Fake,0.997559,QF20,20
F04811,fake_7472.jpg,Fake,Fake,0.999512,QF20,20
F01920,fake_33203.jpg,Fake,Fake,0.996582,QF20,20
F00989,fake_22409.jpg,Fake,Fake,0.874023,QF20,20
F01665,fake_30192.jpg,Fake,Fake,1.0,QF20,20
F02677,fake_43854.jpg,Fake,Fake,1.0,QF20,20
F04324,fake_64547.jpg,Fake,Fake,0.802246,QF20,20
F03102,fake_49247.jpg,Fake,Fake,1.0,QF20,20
F04403,fake_65525.jpg,Fake,Fake,1.0,QF20,20
F02298,fake_38493.jpg,Fake,Fake,1.0,QF20,20
F03847,fake_5891.jpg,Fake,Fake,0.994141,QF20,20
F03850,fake_58946.jpg,Fake,Fake,1.0,QF20,20
F03694,fake_56789.jpg,Fake,Fake,0.999512,QF20,20
F00872,fake_21035.jpg,Fake,Fake,1.0,QF20,20
F04553,fake_67355.jpg,Fake,Fake,1.0,QF20,20
F01855,fake_32394.jpg,Fake,Fake,0.997559,QF20,20
F02318,fake_38846.jpg,Fake,Fake,0.996582,QF20,20
F04284,fake_64069.jpg,Fake,Fake,0.983398,QF20,20
F01303,fake_25747.jpg,Fake,Fake,1.0,QF20,20
F03870,fake_59184.jpg,Fake,Fake,1.0,QF20,20
F00548,fake_1690.jpg,Fake,Fake,1.0,QF20,20
F04542,fake_67199.jpg,Fake,Fake,0.995605,QF20,20
F03730,fake_57294.jpg,Fake,Fake,0.998047,QF20,20
F01756,fake_31220.jpg,Fake,Fake,1.0,QF20,20
F03797,fake_58249.jpg,Fake,Real,8e-06,QF20,20
F01299,fake_25683.jpg,Fake,Fake,0.942871,QF20,20
F00081,fake_10992.jpg,Fake,Fake,0.998535,QF20,20
F03001,fake_47777.jpg,Fake,Fake,0.998535,QF20,20
F03471,fake_54110.jpg,Fake,Fake,0.978027,QF20,20
F00192,fake_12326.jpg,Fake,Fake,1.0,QF20,20
F03040,fake_48370.jpg,Fake,Fake,1.0,QF20,20
F03729,fake_57284.jpg,Fake,Fake,0.660645,QF20,20
F01544,fake_28660.jpg,Fake,Fake,0.998047,QF20,20
F03910,fake_5969.jpg,Fake,Fake,0.999023,QF20,20
F01909,fake_33010.jpg,Fake,Fake,0.994141,QF20,20
F02114,fake_357.jpg,Fake,Fake,1.0,QF20,20
F04892,fake_8570.jpg,Fake,Fake,0.999512,QF20,20
F02874,fake_4623.jpg,Fake,Fake,0.994629,QF20,20
F00305,fake_1378.jpg,Fake,Fake,0.999023,QF20,20
F04541,fake_67183.jpg,Fake,Fake,1.0,QF20,20
F04060,fake_61280.jpg,Fake,Fake,0.999512,QF20,20
F03441,fake_53694.jpg,Fake,Fake,0.999512,QF20,20
F00763,fake_1986.jpg,Fake,Fake,1.0,QF20,20
F02406,fake_40108.jpg,Fake,Fake,1.0,QF20,20
F03044,fake_48439.jpg,Fake,Fake,1.0,QF20,20
F01015,fake_22685.jpg,Fake,Fake,0.998535,QF20,20
F00474,fake_16081.jpg,Fake,Fake,0.832031,QF20,20
F00678,fake_1877.jpg,Fake,Fake,0.992188,QF20,20
F00117,fake_11365.jpg,Fake,Fake,0.984863,QF20,20
F02831,fake_45711.jpg,Fake,Fake,0.999512,QF20,20
F01551,fake_28777.jpg,Fake,Fake,0.581543,QF20,20
F02222,fake_37468.jpg,Fake,Fake,0.998535,QF20,20
F04754,fake_69542.jpg,Fake,Fake,1.0,QF20,20
F00261,fake_13265.jpg,Fake,Fake,1.0,QF20,20
F00364,fake_14607.jpg,Fake,Fake,0.964844,QF20,20
F03362,fake_5263.jpg,Fake,Fake,0.975098,QF20,20
F00767,fake_19903.jpg,Fake,Fake,0.975098,QF20,20
F04792,fake_7198.jpg,Fake,Fake,1.0,QF20,20
F00677,fake_18726.jpg,Fake,Real,0.133179,QF20,20
F03646,fake_56167.jpg,Fake,Fake,0.573242,QF20,20
F03082,fake_48859.jpg,Fake,Fake,0.980469,QF20,20
F02938,fake_46990.jpg,Fake,Fake,0.99707,QF20,20
F02346,fake_39184.jpg,Fake,Fake,0.999512,QF20,20
F03542,fake_550.jpg,Fake,Fake,0.97168,QF20,20
F00111,fake_11282.jpg,Fake,Fake,0.999023,QF20,20
F03490,fake_54312.jpg,Fake,Fake,0.853027,QF20,20
F04806,fake_7426.jpg,Fake,Fake,1.0,QF20,20
F01681,fake_30440.jpg,Fake,Fake,0.997559,QF20,20
F00565,fake_17156.jpg,Fake,Fake,0.959473,QF20,20
F02636,fake_43317.jpg,Fake,Fake,0.999512,QF20,20
F04506,fake_66752.jpg,Fake,Fake,0.998535,QF20,20
F02035,fake_34662.jpg,Fake,Fake,0.987305,QF20,20
F02396,fake_39920.jpg,Fake,Fake,0.999512,QF20,20
F03062,fake_48640.jpg,Fake,Fake,0.900879,QF20,20
F01814,fake_3194.jpg,Fake,Fake,1.0,QF20,20
F00776,fake_19995.jpg,Fake,Fake,1.0,QF20,20
F01691,fake_30556.jpg,Fake,Fake,0.970215,QF20,20
F01242,fake_25029.jpg,Fake,Fake,0.999512,QF20,20
F04802,fake_7342.jpg,Fake,Fake,0.998535,QF20,20
F02747,fake_44746.jpg,Fake,Fake,0.994629,QF20,20
F00490,fake_16193.jpg,Fake,Fake,1.0,QF20,20
F00082,fake_10997.jpg,Fake,Fake,1.0,QF20,20
F03507,fake_54524.jpg,Fake,Fake,0.986328,QF20,20
F03205,fake_50447.jpg,Fake,Fake,1.0,QF20,20
F03549,fake_55069.jpg,Fake,Fake,0.981934,QF20,20
F00086,fake_11074.jpg,Fake,Fake,1.0,QF20,20
F04561,fake_67410.jpg,Fake,Fake,1.0,QF20,20
F04143,fake_62370.jpg,Fake,Fake,0.822266,QF20,20
F03763,fake_57721.jpg,Fake,Fake,0.999512,QF20,20
F02798,fake_45406.jpg,Fake,Fake,1.0,QF20,20
F04966,fake_9593.jpg,Fake,Fake,0.916016,QF20,20
F04904,fake_8727.jpg,Fake,Fake,1.0,QF20,20
F03184,fake_5019.jpg,Fake,Fake,1.0,QF20,20
F04592,fake_67812.jpg,Fake,Fake,1.0,QF20,20
F02475,fake_41144.jpg,Fake,Fake,0.999512,QF20,20
F04096,fake_6168.jpg,Fake,Fake,0.994629,QF20,20
F02611,fake_4307.jpg,Fake,Fake,1.0,QF20,20
F02948,fake_47094.jpg,Fake,Fake,0.999512,QF20,20
F04014,fake_60760.jpg,Fake,Fake,0.962402,QF20,20
F01254,fake_25137.jpg,Fake,Fake,0.992676,QF20,20
F04876,fake_8345.jpg,Fake,Fake,0.999512,QF20,20
F04271,fake_63899.jpg,Fake,Fake,0.962402,QF20,20
F02932,fake_46952.jpg,Fake,Fake,0.998535,QF20,20
F03220,fake_50701.jpg,Fake,Fake,0.992676,QF20,20
F01597,fake_29362.jpg,Fake,Fake,0.987793,QF20,20
F00191,fake_12321.jpg,Fake,Fake,1.0,QF20,20
F00629,fake_17968.jpg,Fake,Fake,1.0,QF20,20
F02009,fake_34285.jpg,Fake,Fake,1.0,QF20,20
F03829,fake_58732.jpg,Fake,Real,9.8e-05,QF20,20
F02065,fake_34996.jpg,Fake,Fake,0.931641,QF20,20
F02638,fake_43376.jpg,Fake,Fake,1.0,QF20,20
F03318,fake_52069.jpg,Fake,Fake,0.990723,QF20,20
F04209,fake_63197.jpg,Fake,Fake,0.957031,QF20,20
F00918,fake_21588.jpg,Fake,Fake,0.971191,QF20,20
F04831,fake_7720.jpg,Fake,Fake,0.865723,QF20,20
F01624,fake_29743.jpg,Fake,Fake,1.0,QF20,20
F04204,fake_63130.jpg,Fake,Fake,0.840332,QF20,20
F02591,fake_42783.jpg,Fake,Fake,1.0,QF20,20
F02464,fake_40984.jpg,Fake,Fake,1.0,QF20,20
F04163,fake_62578.jpg,Fake,Fake,0.97998,QF20,20
F01788,fake_31597.jpg,Fake,Real,0.120667,QF20,20
F04807,fake_7451.jpg,Fake,Fake,1.0,QF20,20
F03078,fake_48837.jpg,Fake,Real,0.468506,QF20,20
F03469,fake_54101.jpg,Fake,Fake,0.857422,QF20,20
F01531,fake_28436.jpg,Fake,Fake,0.802246,QF20,20
F04583,fake_67680.jpg,Fake,Fake,0.95459,QF20,20
F03642,fake_56133.jpg,Fake,Fake,0.989746,QF20,20
F02201,fake_37094.jpg,Fake,Fake,0.986328,QF20,20
F00318,fake_13900.jpg,Fake,Fake,1.0,QF20,20
F01080,fake_23346.jpg,Fake,Fake,1.0,QF20,20
F00443,fake_1558.jpg,Fake,Fake,1.0,QF20,20
F00861,fake_20941.jpg,Fake,Fake,0.996582,QF20,20
F04108,fake_61911.jpg,Fake,Fake,0.973145,QF20,20
F01082,fake_23371.jpg,Fake,Fake,1.0,QF20,20
F02839,fake_4579.jpg,Fake,Fake,0.884277,QF20,20
F03788,fake_58068.jpg,Fake,Fake,0.991211,QF20,20
F01700,fake_30659.jpg,Fake,Fake,0.981445,QF20,20
F04430,fake_65893.jpg,Fake,Real,0.094482,QF20,20
F03058,fake_48607.jpg,Fake,Fake,0.999512,QF20,20
F00984,fake_22328.jpg,Fake,Fake,1.0,QF20,20
F00413,fake_15206.jpg,Fake,Fake,1.0,QF20,20
F01831,fake_32169.jpg,Fake,Fake,1.0,QF20,20
F04659,fake_68487.jpg,Fake,Fake,1.0,QF20,20
F03227,fake_50888.jpg,Fake,Fake,0.998535,QF20,20
F04064,fake_61336.jpg,Fake,Fake,0.993652,QF20,20
F02849,fake_45923.jpg,Fake,Fake,1.0,QF20,20
F01186,fake_24501.jpg,Fake,Fake,0.983398,QF20,20
F01100,fake_23585.jpg,Fake,Fake,1.0,QF20,20
F00790,fake_2012.jpg,Fake,Fake,0.975586,QF20,20
F04359,fake_64955.jpg,Fake,Fake,0.988281,QF20,20
F01081,fake_23354.jpg,Fake,Fake,1.0,QF20,20
F02610,fake_43046.jpg,Fake,Fake,0.54834,QF20,20
F01843,fake_32283.jpg,Fake,Fake,1.0,QF20,20
F00095,fake_11144.jpg,Fake,Fake,1.0,QF20,20
F01271,fake_25343.jpg,Fake,Fake,1.0,QF20,20
F03059,fake_48611.jpg,Fake,Real,0.015839,QF20,20
F04150,fake_62433.jpg,Fake,Fake,0.995605,QF20,20
F04886,fake_8512.jpg,Fake,Fake,0.97998,QF20,20
F03435,fake_53605.jpg,Fake,Fake,0.945312,QF20,20
F01127,fake_23859.jpg,Fake,Fake,0.992188,QF20,20
F04035,fake_60982.jpg,Fake,Fake,0.975098,QF20,20
F02019,fake_34433.jpg,Fake,Fake,1.0,QF20,20
F04930,fake_9102.jpg,Fake,Fake,1.0,QF20,20
F00660,fake_18400.jpg,Fake,Fake,0.986328,QF20,20
F02916,fake_46763.jpg,Fake,Fake,0.993164,QF20,20
F00050,fake_10629.jpg,Fake,Fake,1.0,QF20,20
F02635,fake_43310.jpg,Fake,Fake,1.0,QF20,20
F01511,fake_2818.jpg,Fake,Fake,0.987305,QF20,20
F01395,fake_26886.jpg,Fake,Fake,1.0,QF20,20
F00817,fake_2043.jpg,Fake,Fake,1.0,QF20,20
F04195,fake_63001.jpg,Fake,Fake,0.99707,QF20,20
F00750,fake_19735.jpg,Fake,Fake,0.995605,QF20,20
F02840,fake_45817.jpg,Fake,Fake,0.994629,QF20,20
F03863,fake_5910.jpg,Fake,Fake,0.998047,QF20,20
F04645,fake_68343.jpg,Fake,Fake,0.964355,QF20,20
F01649,fake_30073.jpg,Fake,Fake,1.0,QF20,20
F02632,fake_4329.jpg,Fake,Fake,0.994629,QF20,20
F02603,fake_4296.jpg,Fake,Fake,0.999023,QF20,20
F02243,fake_37777.jpg,Fake,Real,0.171387,QF20,20
F02516,fake_41764.jpg,Fake,Fake,1.0,QF20,20
F04154,fake_62482.jpg,Fake,Fake,0.968262,QF20,20
F01667,fake_30200.jpg,Fake,Fake,0.95752,QF20,20
F04256,fake_63675.jpg,Fake,Fake,1.0,QF20,20
F04894,fake_8614.jpg,Fake,Fake,0.999512,QF20,20
F03791,fake_58171.jpg,Fake,Fake,1.0,QF20,20
F02320,fake_3887.jpg,Fake,Fake,0.814453,QF20,20
F00725,fake_19364.jpg,Fake,Fake,0.958496,QF20,20
F03176,fake_50111.jpg,Fake,Fake,0.999512,QF20,20
F00472,fake_16074.jpg,Fake,Fake,0.974121,QF20,20
F01554,fake_28872.jpg,Fake,Fake,0.999512,QF20,20
F02308,fake_38619.jpg,Fake,Fake,1.0,QF20,20
F01300,fake_25710.jpg,Fake,Fake,0.998047,QF20,20
F02937,fake_4697.jpg,Fake,Fake,0.999512,QF20,20
F00858,fake_20906.jpg,Fake,Fake,0.998535,QF20,20
F04468,fake_66184.jpg,Fake,Real,0.345215,QF20,20
F04731,fake_69306.jpg,Fake,Fake,0.690918,QF20,20
F03327,fake_52214.jpg,Fake,Fake,0.999023,QF20,20
F00404,fake_15148.jpg,Fake,Fake,0.990723,QF20,20
F00125,fake_11446.jpg,Fake,Fake,1.0,QF20,20
F04652,fake_68410.jpg,Fake,Fake,0.996094,QF20,20
F03534,fake_54892.jpg,Fake,Real,0.451172,QF20,20
F02162,fake_36423.jpg,Fake,Fake,0.975098,QF20,20
F04319,fake_64470.jpg,Fake,Fake,0.915039,QF20,20
F03834,fake_5877.jpg,Fake,Fake,1.0,QF20,20
F02042,fake_34739.jpg,Fake,Fake,1.0,QF20,20
F02470,fake_41102.jpg,Fake,Fake,1.0,QF20,20
F00511,fake_16407.jpg,Fake,Fake,0.683594,QF20,20
F03416,fake_53425.jpg,Fake,Fake,0.998535,QF20,20
F04805,fake_7370.jpg,Fake,Fake,0.865723,QF20,20
F02359,fake_39367.jpg,Fake,Fake,0.993164,QF20,20
F03818,fake_58591.jpg,Fake,Fake,0.999023,QF20,20
F02392,fake_39856.jpg,Fake,Fake,1.0,QF20,20
F02030,fake_34562.jpg,Fake,Fake,0.998535,QF20,20
F01978,fake_33927.jpg,Fake,Fake,0.991699,QF20,20
F03208,fake_50491.jpg,Fake,Fake,0.916016,QF20,20
F00005,fake_10072.jpg,Fake,Fake,1.0,QF20,20
F01758,fake_31230.jpg,Fake,Fake,1.0,QF20,20
F02402,fake_40021.jpg,Fake,Fake,0.984863,QF20,20
F04762,fake_69663.jpg,Fake,Fake,0.999512,QF20,20
F03975,fake_60352.jpg,Fake,Fake,1.0,QF20,20
F03092,fake_49076.jpg,Fake,Fake,0.98877,QF20,20
F01722,fake_30861.jpg,Fake,Fake,1.0,QF20,20
F02289,fake_38326.jpg,Fake,Fake,0.999512,QF20,20
F02751,fake_44778.jpg,Fake,Fake,1.0,QF20,20
F01614,fake_29595.jpg,Fake,Fake,1.0,QF20,20
F01184,fake_24479.jpg,Fake,Fake,1.0,QF20,20
F01591,fake_29263.jpg,Fake,Fake,0.990723,QF20,20
F02006,fake_34275.jpg,Fake,Fake,0.570801,QF20,20
F01153,fake_24140.jpg,Fake,Fake,1.0,QF20,20
F02809,fake_45513.jpg,Fake,Fake,0.787109,QF20,20
F04835,fake_7793.jpg,Fake,Real,0.487793,QF20,20
F02659,fake_43562.jpg,Fake,Fake,1.0,QF20,20
F00096,fake_1116.jpg,Fake,Fake,1.0,QF20,20
F02089,fake_35254.jpg,Fake,Fake,0.958008,QF20,20
F00127,fake_11462.jpg,Fake,Fake,1.0,QF20,20
F03826,fake_58710.jpg,Fake,Fake,0.98291,QF20,20
F00888,fake_21282.jpg,Fake,Fake,0.991699,QF20,20
F02292,fake_3837.jpg,Fake,Fake,1.0,QF20,20
F01039,fake_22938.jpg,Fake,Fake,1.0,QF20,20
F02329,fake_38933.jpg,Fake,Fake,0.99707,QF20,20
F03415,fake_534.jpg,Fake,Fake,0.925781,QF20,20
F03105,fake_49269.jpg,Fake,Fake,0.937012,QF20,20
F02814,fake_45560.jpg,Fake,Fake,1.0,QF20,20
F00575,fake_17333.jpg,Fake,Fake,0.949219,QF20,20
F03433,fake_53600.jpg,Fake,Fake,0.999023,QF20,20
F02306,fake_3859.jpg,Fake,Fake,0.868164,QF20,20
F01711,fake_30757.jpg,Fake,Fake,0.998535,QF20,20
F01350,fake_26385.jpg,Fake,Fake,0.998047,QF20,20
F03249,fake_51155.jpg,Fake,Fake,0.956543,QF20,20
F03119,fake_49431.jpg,Fake,Fake,0.935547,QF20,20
F02992,fake_47676.jpg,Fake,Fake,1.0,QF20,20
F03540,fake_54992.jpg,Fake,Fake,0.999512,QF20,20
F04144,fake_62372.jpg,Fake,Fake,1.0,QF20,20
F03983,fake_60414.jpg,Fake,Fake,0.998535,QF20,20
F02123,fake_35820.jpg,Fake,Real,0.182983,QF20,20
F02024,fake_34470.jpg,Fake,Fake,0.838379,QF20,20
F02282,fake_38261.jpg,Fake,Fake,1.0,QF20,20
F01441,fake_27382.jpg,Fake,Fake,1.0,QF20,20
F04264,fake_63781.jpg,Fake,Fake,0.95166,QF20,20
F00236,fake_12835.jpg,Fake,Fake,0.999512,QF20,20
F04477,fake_66339.jpg,Fake,Fake,0.994629,QF20,20
F04594,fake_67843.jpg,Fake,Fake,1.0,QF20,20
F04895,fake_8615.jpg,Fake,Fake,0.999512,QF20,20
F04670,fake_68639.jpg,Fake,Fake,0.987793,QF20,20
F00451,fake_1566.jpg,Fake,Fake,0.956055,QF20,20
F04808,fake_7454.jpg,Fake,Fake,1.0,QF20,20
F03011,fake_48003.jpg,Fake,Fake,0.980957,QF20,20
F00674,fake_18677.jpg,Fake,Fake,1.0,QF20,20
F04784,fake_701.jpg,Fake,Fake,0.999023,QF20,20
F04472,fake_66246.jpg,Fake,Fake,0.976562,QF20,20
F02174,fake_36613.jpg,Fake,Fake,0.998535,QF20,20
F04081,fake_61465.jpg,Fake,Fake,0.999023,QF20,20
F04929,fake_9098.jpg,Fake,Fake,1.0,QF20,20
F00504,fake_16337.jpg,Fake,Real,0.216187,QF20,20
F02485,fake_41330.jpg,Fake,Fake,0.998535,QF20,20
F01115,fake_23768.jpg,Fake,Fake,1.0,QF20,20
F03528,fake_54842.jpg,Fake,Fake,1.0,QF20,20
F00915,fake_21557.jpg,Fake,Fake,0.803711,QF20,20
F01397,fake_26900.jpg,Fake,Fake,1.0,QF20,20
F00997,fake_22493.jpg,Fake,Fake,1.0,QF20,20
F01253,fake_25125.jpg,Fake,Fake,0.965332,QF20,20
F03615,fake_55896.jpg,Fake,Fake,0.984863,QF20,20
F00988,fake_22403.jpg,Fake,Fake,0.986816,QF20,20
F02999,fake_47769.jpg,Fake,Fake,0.988281,QF20,20
F04956,fake_9473.jpg,Fake,Fake,0.961914,QF20,20
F03670,fake_56496.jpg,Fake,Fake,0.98877,QF20,20
F00270,fake_13352.jpg,Fake,Fake,0.98584,QF20,20
F04135,fake_62205.jpg,Fake,Fake,0.939941,QF20,20
F01109,fake_23694.jpg,Fake,Fake,0.991699,QF20,20
F04515,fake_66865.jpg,Fake,Fake,0.992188,QF20,20
F04225,fake_63401.jpg,Fake,Real,0.298096,QF20,20
F00949,fake_21934.jpg,Fake,Fake,0.806152,QF20,20
F02988,fake_476.jpg,Fake,Fake,1.0,QF20,20
F00766,fake_19899.jpg,Fake,Fake,1.0,QF20,20
F01496,fake_28014.jpg,Fake,Fake,0.999512,QF20,20
F04065,fake_61353.jpg,Fake,Fake,0.972656,QF20,20
F02257,fake_37925.jpg,Fake,Fake,0.999512,QF20,20
F02171,fake_36548.jpg,Fake,Real,0.159058,QF20,20
F01221,fake_24784.jpg,Fake,Fake,0.997559,QF20,20
F01347,fake_2635.jpg,Fake,Fake,0.999512,QF20,20
F01406,fake_2700.jpg,Fake,Fake,0.976562,QF20,20
F01774,fake_31391.jpg,Fake,Fake,0.983398,QF20,20
F01401,fake_26951.jpg,Fake,Fake,0.993652,QF20,20
F03034,fake_48293.jpg,Fake,Fake,1.0,QF20,20
